:020000040800F2
:1000000030C60020A503000839D000088DA20008E2
:100010005DCE00088D0B0008CD43010800000000F4
:10002000000000000000000000000000E5020008E1
:100030000518000800000000410300085D040108E5
:10004000BF030008BF030008BF030008BF03000888
:10005000BF030008BF030008BF030008BF03000878
:10006000BF030008BF030008BF030008BF03000868
:10007000710F0008810F0008910F0008A10F000800
:10008000B10F0008C10F0008BF030008DD240008FD
:10009000FD240008ED2400080D250008BF0300081A
:1000A000BF030008BF030008BF030008BF03000828
:1000B000BF030008BF030008BF030008BF03000818
:1000C000BF030008BF030008BF030008BF03000808
:1000D000BF030008391B0108BF030008BF03000865
:1000E000BF030008BF03000800000000BF030008B2
:1000F000BF030008BF030008BF030008D10F0008BA
:10010000BF030008BF030008BF030008BF030008C7
:10011000BF030008BF03000859060108BF03000819
:10012000BF030008BF030008BF030008BF030008A7
:10013000BF030008BF030008BF030008BF03000897
:1001400000000000000000000000000000000000AF
:10015000BF030008BF030008BF030008BF03000877
:10016000BF030008BF030008BF030008BF03000867
:10017000BF0300083DD00008BF03000800000000D6
:10018000BF030008BF030008B90A0108CD0A01082F
:10019000BF030008BF030008BF030008BF03000837
:1001A000BF030008BF030008BF03000800000000F1
:1001B000BF030008BF030008BF030008BF03000817
:1001C000BF030008BF03000800000000000000009B
:1001D0000000000000000000BF0300080000000055
:1001E000000000000000000000000000000000000F
:1001F0000000000000000000BF030008BF0300086B
:10020000BF030008BF03000800000000BF03000890
:10021000BF030008BF030008BF030008BF030008B6
:10022000BF03000800000000BF030008000000003A
:10023000BF030008BF03000800000000BF03000860
:10024000BF030008BF030008BF030008BF03000886
:10025000BF030008BF030008BF030008BF03000876
:10026000BF030008BF030008BF030008BF03000866
:10027000BF030008BF030008BF0300080000000020
:10028000BF030008BF030008BF030008BF03000846
:1002900000000000BF030008BF03000800000000CA
:1002A00000000000BF030008BF030008DD0A0108CA
:1002B000BF030008BF030008BF0300081D25000896
:1002C0002D25000849060108BF030008DFF810D0FB
:1002D00000F0F4FA00480047D5850108AFF300802C
:1002E00030C600202C4B19680868B0E8F04F80F346
:1002F0000988BFF36F8F4FF0000080F311887047BB
:100300000000000008480068006880F308884FF08B
:10031000000080F3148862B661B6BFF34F8FBFF35D
:100320006F8F00DF00BF00BF08ED00E0DFF80C00BA
:10033000016841F470010160704700BF88ED00E082
:10034000EFF30980BFF36F8F134B1A681EF0100F85
:1003500008BF20ED108A20E9F04F106009B44FF07B
:10036000500080F31188BFF34F8FBFF36F8F1AF0E7
:10037000A5FE4FF0000080F3118809BC19680868D9
:10038000B0E8F04F1EF0100F08BFB0EC108A80F3F9
:100390000988BFF36F8F704720000020EFF30580BE
:1003A000704700000648804706480047FEE7FEE722
:1003B000FEE7FEE7FEE7FEE7FEE7FEE7FEE7FEE715
:1003C00069050108CD0200082DE9F05F054600200F
:1003D00092469B4688460646814640241BE02846B6
:1003E00041464746224600F084F853465A46C01A12
:1003F000914110D311461846224600F06BF82D1A91
:1004000067EB01084F4622460120002100F062F808
:1004100017EB00094E41201EA4F10104DFDC484621
:1004200031462A464346BDE8F09F10B5431A934231
:1004300009D28318881803E010F8011D03F8011D84
:10044000521EF9D210BD40EA01039B0703D009E018
:1004500008C9121F08C0042AFAD203E011F8013BB0
:1004600000F8013B521EF9D210BDD2B201E000F8F3
:10047000012B491EFBD270470022F6E710B5134648
:100480000A4604461946FFF7F0FF204610BD30B576
:1004900004460020034600E05B1C934203D2E05C6C
:1004A000CD5C401BF8D030BD30B50B460146002076
:1004B0002022012409E021FA02F59D4205D303FA26
:1004C00002F5491B04FA02F52844151EA2F10102A7
:1004D000F1DC30BD202A04DB203A00FA02F10020D2
:1004E00070479140C2F1200320FA03F31943904072
:1004F0007047202A04DB203A21FA02F000217047DD
:1005000021FA02F3D040C2F120029140084319467B
:1005100070472DE9FE4F804681EA0300C00F0C466C
:10052000009021F0004123F00045B8EB0200A94102
:1005300005D24046214690461C460B46024623F013
:100540000040104347D0270DC7F30A00C3F30A51F8
:100550000290401A019040286BDAC3F3130040F474
:10056000801B0098924620B10023D2EB030A63EB74
:100570000B0B01985946C0F140025046FFF7AAFF05
:1005800006460D4650465946019A00F0A9F910EB6F
:1005900008006141002487EA115284EAE7731A4394
:1005A00040D0009A62B3019A012A4FEA075215DC43
:1005B000001B61EB02014FF0004202EA0752CDE955
:1005C0000042001C41F5801132462B4600F0A9F98B
:1005D00003B0BDE8F08F40462146F9E7001B61EB10
:1005E0000201001C41F5801300185B412018A2F5A0
:1005F000001747EB030140EAD570B6196D4111E0D1
:100600006D084FEA360645EAC0754FEA0752001BEF
:1006100061EB0201001C41F5801149084FEA3000EE
:100620000019514132462B4603B0BDE8F04F00F0AF
:1006300069B90098012240000023D0EB020263EB6D
:10064000E073009821464FEAE074B8EB000061EBDC
:100650000401E9E783F000435BE781F0004158E7DC
:100660002DE9FE4F81EA030404F0004421F000412B
:1006700000944FF0000B23F0004350EA01045ED0D9
:1006800052EA03045BD0C3F30A54C1F30A552C4465
:10069000A4F2F3340194A0FB0254C1F3130141F41A
:1006A0008011C3F3130343F4801301FB024400FBE6
:1006B000034E840A970A44EA815447EA8357A4FB0D
:1006C000076802958D0A05FB07854FEA932C04FB0A
:1006D0000C542705029D4FEA065847EA1637B5EB3A
:1006E00008056EEB070C870E920E47EA811742EA67
:1006F0008312A7FB0201B6EB0B0164EB00042B0D88
:1007000043EA0C335E1844EB1C50DA465146E7FBD3
:100710000201C5F313044FEA0B3343EA14534FEAC3
:100720000432019C43EA0603A4F10C040294009CE9
:10073000CDE900B400F0F5F803B0BDE8F08F00207B
:100740000146F9E72DE9F04D81EA030404F0004B7E
:1007500021F0004514464FF0000A23F0004150EA12
:10076000050220D054EA01021DD0C5F30A57024603
:10077000C5F31303C1F31300C1F30A5640F4801507
:1007800043F48013A7EB0608101BD64608F2FD3889
:1007900073EB050002D308F1010801E092185B41F8
:1007A000B8F1000F03DA00200146BDE8F08D00200B
:1007B0004FF48011064684460EE0171B73EB0507C5
:1007C00005D3121B63EB050306434CEA010C4908F1
:1007D0004FEA300092185B4150EA0107EDD152EA2E
:1007E000030012D082EA040083EA0501084305D021
:1007F000101BAB4106D20122002306E000224FF07D
:10080000004302E06FF0010253101AEB06004CEBBC
:10081000085110EB0A0041EB0B01BDE8F04D00F070
:1008200071B8C1F30A52C1F3130140F2FF3341F42E
:1008300080119A4202DA00200146704740F23343A9
:100840009A42A2F2334202DC5242FFF752BEFFF755
:1008500041BE000030B5041E71F1000404DB4FF00E
:100860000044404264EB0101141E73F1000405DBF7
:100870001C464FF00043524263EB0403994208BF09
:10088000904230BD002801DBC0F10040002901DBAF
:10089000C1F10041814202D24FF0004004E04FF02C
:1008A000005001D14FF0C0404FEA2062EFF30081C9
:1008B00062F31F6181F3008870470000064C074D0A
:1008C00006E0E06840F0010394E807009847103420
:1008D000AC42F6D3FFF7FEFC94400408D440040871
:1008E000202A06DBCB17203A41FA02F043EAE073F4
:1008F00006E041FA02F3D040C2F1200291400843E1
:100900001946704710B5141E73F1000408DA401C34
:1009100041F1000192185B411A4301D120F001001E
:1009200010BD2DE9F04D92469B4611B1B1FA81F20E
:1009300002E0B0FA80F220329046FFF7CBFD044689
:100940000F4640EA0A0041EA0B0153465A46084363
:1009500013D0114653EA010019D0C8F140025046A5
:10096000FFF7C7FD05460E46504659464246FFF77B
:10097000B1FD084305D0012004E020463946BDE81A
:10098000F08D0020054346EAE0762C4337430A9871
:100990006305E40AA0EB08000022FD0A44EA47547C
:1009A0000A3002D500200146E9E701051019694126
:1009B000DDE9084500196941BDE8F04DA2E770B5D1
:1009C0008C1810F8015B15F0070301D110F8013BFA
:1009D0002A1106D110F8012B03E010F8016B01F881
:1009E000016B5B1EF9D12B0705D40023521E0DD4D9
:1009F00001F8013BFAE710F8013BCB1A921C03E027
:100A000013F8015B01F8015B521EF9D5A142D8D35E
:100A1000002070BDF0EE400A9FED050AB4EEE00A3A
:100A2000F1EE10FAB1EE600A30FE200A70470000C5
:100A30000000000010B500BFEFF31080044672B64E
:100A400018210648FFF718FD00200449886108773F
:100A50004877204680F3108800BF10BD40B00020CA
:100A600005E0DFED0E0A70EE600AB0EE600ADFED21
:100A70000C0AB4EEE00AF1EE10FAF2DC05E0DFED6C
:100A8000070A70EE200AB0EE600ADFED060AB4EE47
:100A9000E00AF1EE10FAF2D370470000DB0FC94014
:100AA000DB0F4940DB0F49C010B5044604B910BD47
:100AB00048212046FFF7E0FCB7EE000A84ED000A6B
:100AC00000BFF4E770B52DED028B04461CB9002081
:100AD000BDEC028B70BDD4ED000A60EEA00A94ED6F
:100AE000011AD4ED011A41EE210A94ED021AD4ED57
:100AF000021A41EE210A94ED031AD4ED031A41EED5
:100B0000210AB0EE600A14F063FAB0EE408A18EEE3
:100B1000100AC0F3C751FF2901D0012100E00021D4
:100B200031B19FED180AB4EEC08AF1EE10FA01D28D
:100B30000020CDE700250BE004EB850090ED000AD6
:100B4000C0EE080A04EB8500C0ED000A681CC5B2BF
:100B5000042DF1D3002511E004F1100000EB850015
:100B600090ED000ADFED080A20EE200A04F11C00D7
:100B700000EB850080ED000A681CC5B2032DEBD3A5
:100B80000120A5E76F12833A35FA8E3C00BFFEE7DD
:100B90000346042B15D007DC7BB1012B0ED0022BB2
:100BA0000DD0032B12D10BE0202B0BD0212B0AD020
:100BB000222B09D0232B09D107E008E007E006E04B
:100BC00005E004E003E002E001E000E000BF00BF58
:100BD000002070470020704710B5002204490548E6
:100BE00011F04DFA0449034811F03AFA002010BD03
:100BF000F41F0020FC0E0024F417002070B50446FA
:100C00000D462146034811F02BFA024811F0F4F981
:100C1000002070BDFC0E002410B503460C460021D8
:100C2000084610BD014609B1032901DD00207047C7
:100C3000481E024A52F82000F9E700006000002038
:100C400001460948814201D100207047074881428E
:100C500001D10120F9E70648814201D10220F4E7E1
:100C60004FF0FF30F1E70000EC0500248C06002473
:100C70002C07002470B500252CE005EBC50000EB27
:100C80004510164901EB8004002060660021A16632
:100C9000E1660821216700216167A167E167802083
:100CA000015184200151002004F8880F44F8280CD9
:100CB0006060206104F088FCE06004F085FC606105
:100CC00004F082FCA061284600F0BCF880F001002E
:100CD00020706D1C032DD0D370BD000028A800200B
:100CE0002DE9F047074604F06FFC05464FF0010977
:100CF00000265BE006EBC60000EB46102E4901EB38
:100D00008004206E28B954F88C0FE06025618C3C7B
:100D10004BE0D4F88C00D4F89810884201D0012020
:100D200000E00020804694F88800012805D1B8F141
:100D3000000F02D0002084F8880094F88800012871
:100D40000CD1D4F8A000281A642807D3304600F04C
:100D5000B5F8304600F076F8C4F8A05057B988349A
:100D600060682061656114F88809012801D14FF09D
:100D700000091AE0B8F1000F05D054F88C0FE060BC
:100D800025618C3C0AE0D4F89C00281A642805D917
:100D900094F8880010B9012084F8880094F888003D
:100DA000012801D14FF0000900BF761C032EA1D30A
:100DB0004846BDE8F087000028A800202DE9F05F34
:100DC00083460E46174699465846FFF739FF824636
:100DD000BAF1000F00DB17B90020BDE8F09F0AEB65
:100DE000CA0000EB4A10164901EB8004206E082867
:100DF00001D30020F1E7002108E001EB410054F8A5
:100E00002000B04201D10020E7E7491C206E884253
:100E1000F3D8D4F8608008EB480004EB80052E601E
:100E20006F60C5F8089000BF00BF00BFBFF35F8FC1
:100E300000BF00BF00BF08F1010020660120CCE721
:100E400028A8002030B589B004461B4850F824502B
:100E5000202101A8FFF710FB002001900220039041
:100E600001200490002005900690029001A92846D8
:100E700003F0DDFB18B9284604F033FA10B1002066
:100E800009B030BD00220121284603F033FB60B9D0
:100E900000220821284603F02DFB30B900224FF034
:100EA0000071284603F026FB20B1284604F033FAEF
:100EB0000020E5E70120E3E76000002070B505466B
:100EC000084850F825402068D0F8D4002168D1F8AF
:100ED000CC1008432168C1F8D400204604F01BFA66
:100EE00070BD0000600000202DE9F04389B080460D
:100EF0000F4691461C464046FFF7A2FE0646002ECE
:100F000001DB082C03D9012009B0BDE8F08319F0FA
:100F10005DFE404603F00AFD18B919F081FE01207C
:100F2000F2E706EBC60000EB4610104A02EB800029
:100F300000F1640124226846FFF777FA00970394D2
:100F40004A466946404603F029FB054655B904F078
:100F50003BFB06EBC60101EB4611044A02EB8101A3
:100F6000C1F8940019F05CFE2846CDE728A80020BF
:100F700010B5024802F0B4F810BD0000B40B002414
:100F800010B5024802F0ACF810BD00002C0C002493
:100F900010B5024802F0A4F810BD00000C0E0024A9
:100FA00010B5024802F09CF810BD0000940D00241A
:100FB00010B5024802F094F810BD0000A40C002403
:100FC00010B5024802F08CF810BD0000840E002419
:100FD00010B5024802F084F810BD00001C0D00247A
:100FE0000146374A0868904249D0354A18320868A5
:100FF000904244D0324A3032086890423FD0304A62
:101000004832086890423AD02D4A603208689042CF
:1010100035D02B4A78320868904230D0284A903236
:10102000086890422BD0264AA8320868904226D001
:10103000244A0868904222D0224A18320868904216
:101040001DD0204A30320868904218D01D4A4832DC
:101050000868904213D01B4A6032086890420ED054
:10106000184A78320868904209D0164A90320868C7
:10107000904204D0134AA8320868904201D101205E
:1010800000E00020B0B10A78103A1823B2FBF3F068
:1010900000F007020C4B9A5CCA65032805D90A6860
:1010A0006FF30902121D8A6503E00A686FF30902F3
:1010B0008A6503E0086820F0FF008865886D704746
:1010C000100002401004024094C4010810B50268E8
:1010D0002B4C0368A34222D0294C14340368A3424A
:1010E0001DD0274C28340368A34218D0244C3C342C
:1010F0000368A34213D0224C50340368A3420ED09D
:101100001F4C64340368A34209D01D4C7834036833
:10111000A34204D01A4C8C340368A34201D10123AA
:1011200000E000238BB10378083B1424B3FBF4F1F7
:10113000144B03EB81030366124B8033436601F0CB
:101140001F040123A340836618E00378103B182492
:10115000B3FBF4F10C4B9A4204D80B4BA83B9A42D8
:1011600000D30831094B03EB81030366074B80333F
:10117000436601F01F040123A340836610BD0000F5
:101180000854025800580258B804024000080240AF
:101190000179A9B3082940D8204B02689A4222D08D
:1011A0001E4B143302689A421DD01C4B2833026830
:1011B0009A4218D0194B3C3302689A4213D0174B0D
:1011C000503302689A420ED0144B643302689A423C
:1011D00009D0124B783302689A4204D00F4B8C33FB
:1011E00002689A4201D1012200E000224AB14A1E5F
:1011F0000B4B03EB8202C266094A4032026708E0E9
:101200000BE04A1E074B03EB8202C266054A4032DE
:1012100002674A1E012393404367704708540258EF
:101220000059025800090240014600208A69D2B9DB
:101230008A6A32B1012A0DD0022A03D0032A10D1C2
:101240000EE000BFCA6A02F08072B2F1807F00D166
:10125000012007E0CA6AB2F1C07F00D1012001E09D
:1012600000E000BF36E08A69B2F5005F1BD18A6AF0
:1012700032B1012A07D0022A03D0032A11D10AE091
:1012800000BF01200EE0CA6A02F08072B2F1807FD6
:1012900000D1012006E0CA6AB2F1C07F00D101206E
:1012A00000E000BF16E08A6A32B1012A05D0022AA6
:1012B00004D0032A0CD103E000BF00BF012008E0E6
:1012C000CA6A02F08072B2F1807F00D1012000E092
:1012D00000BF00BF70470000F0B5856D846D984F6A
:1012E0000668BE4270D0964F18370668BE426BD073
:1012F000934F30370668BE4266D0914F4837066834
:10130000BE4261D08E4F60370668BE425CD08C4FC3
:1013100078370668BE4257D0894F90370668BE427C
:1013200052D0874FA8370668BE424DD0854F066819
:10133000BE4249D0834F18370668BE4244D0814F21
:1013400030370668BE423FD07E4F48370668BE42FF
:101350003AD07C4F60370668BE4235D0794F783737
:101360000668BE4230D0774F90370668BE422BD019
:10137000744FA8370668BE4226D0734F0668BE4237
:1013800022D0714F14370668BE421DD06E4F2837E9
:101390000668BE4218D06C4F3C370668BE4213D078
:1013A000694F50370668BE420ED0674F64370668F3
:1013B000BE4209D0644F78370668BE4204D0624FFF
:1013C0008C370668BE4201D1012600E000263EB1FE
:1013D000D0E919767E60C66E16B1D0E91C767E60C3
:1013E000574F0668BE4249D0554F18370668BE426F
:1013F00044D0534F30370668BE423FD0504F483735
:101400000668BE423AD04E4F60370668BE4235D0BD
:101410004B4F78370668BE4230D0494F9037066848
:10142000BE422BD0464FA8370668BE4226D0454F55
:101430000668BE4222D0434F18370668BE421DD010
:10144000404F30370668BE4218D03E4F48370668D6
:10145000BE4213D03B4F60370668BE420ED0394FB4
:1014600078370668BE4209D0364F90370668BE42CC
:1014700004D0344FA8370668BE4201D1012600E0EF
:101480000026DEB190F85C6006F01F073F26BE40E4
:10149000AE600668366826F4802607683E600668F7
:1014A00073608668402E04D10668B2600668F160F9
:1014B00044E00668B1600668F2603FE0224F0668CB
:1014C000BE4222D0204F14370668BE421DD01E4FA8
:1014D00028370668BE4218D01B4F3C370668BE420C
:1014E00013D0194F50370668BE420ED0164F6437DE
:1014F0000668BE4209D0144F78370668BE4204D051
:10150000114F8C370668BE4201D1012600E000264B
:10151000A6B190F85C6006F01F070126BE40666029
:10152000066873608668402E04D10668B26006685B
:10153000F16003E00668B1600668F260F0BD00008B
:10154000100002401004024008540258024608B23B
:10155000824203DC08B24042824201DA1046704700
:101560000020FCE708B504484023044A04490090E1
:1015700004480FF0FBFD08BDE1160008940D00249F
:101580008C0A0024A016002410B50A48807D08B9F2
:10159000002010BD04F018F806498969401A322865
:1015A00005D91C210348FEF767FF0020F1E7012061
:1015B000EFE700002816002410B588B00446207814
:1015C000617840EA0120C0F30A00A0F58060ADF820
:1015D00004006078C010A17840EA4110C0F30A000E
:1015E000A0F58060ADF80600A0788011E17840EAAF
:1015F0008100217940EA8120C0F30A00A0F58060D3
:10160000ADF8080020794010617940EAC110C0F3BC
:101610000A00A0F58060ADF80A006079001180082A
:101620008DF80E006079C0F301108DF80F00A079DD
:10163000E17940EA012000B2ADF81000207A617A29
:1016400040EA012000B2ADF81200A07AE17A40EA47
:10165000012000B2ADF81400207B8DF81600607BED
:101660008DF81700A07BE17B40EA0120ADF818005F
:10167000207C617C40EA0120C0F5806000B2ADF8BA
:101680000C0001A800F044F808B908B010BD012012
:10169000084908708DF81A0003F096FF07901C2285
:1016A00001A90548FEF7C1FE00200249087000BFED
:1016B000EBE70000580100242816002410B590B074
:1016C0004022694605480FF03BFE0446122C02DB1F
:1016D0006846FFF771FF10B010BD0000A01600248F
:1016E0007047000010B504460748007828B11C2256
:1016F00006492046FEF799FE10BD1C2203492046EC
:10170000FEF793FE00BFF7E75801002428160024D7
:101710000146B1F9000010F5257F04DBB1F90000A6
:10172000B0F5257F01DD00207047B1F9020010F50A
:10173000257F04DBB1F90200B0F5257F01DD002033
:10174000F2E7B1F9040010F5257F04DBB1F90400DC
:10175000B0F5257F01DD0020E6E7B1F9060010F5C0
:10176000257F04DBB1F90600B0F5257F01DD0020FF
:10177000DAE7B1F9080010F5257F04DBB1F90800BC
:10178000B0F5257F01DD0020CEE7887A012802DB55
:10179000887A032801DD0020C6E7C87A012802DB29
:1017A000C87A032801DD0020BEE7887C012802DC1E
:1017B000C87C012801DD0020B6E70120B4E7000065
:1017C000B0EE401AF5EEC00AF1EE10FA02D8B0EE13
:1017D000410A7047B4EEE01AF1EE10FA02DD31EE84
:1017E000600AF6E7B1EE600AB4EEC01AF1EE10FA44
:1017F00002D231EE200AECE79FED010AE9E7000092
:10180000000000007047000070B5094C0020094935
:10181000088048808880C8800749096891F83400AA
:10182000FFF700FA05466188024A00F059F970BDD9
:1018300030C501086C0000207CCE010810B50020E6
:1018400047E000EB8003244C04EBC30191F8223005
:1018500003B93CE0002381F82230012383401F4C70
:10186000246823406BB90B891D4C24F810300123E8
:1018700083401A4C24682343184C23600B890B6166
:1018800025E00B89164C34F810401A1BB2F5805F26
:1018900007DD144B53F820305B1E124C44F8203007
:1018A00009E012F5805F06DA0E4B53F820305B1C1E
:1018B0000C4C44F820300B89094C24F810300C896A
:1018C000084B53F8203004EB43330B6100BF411C3D
:1018D000C8B20228B5D310BDE8140024800000204F
:1018E00074000020780000200749096891ED020A81
:1018F0009FED061AC1EE000A00EE100AB8EEC00A0B
:1019000020EE800A704700007CCE0108DB0F493AC8
:101910002DE9F04100241DE0104800EB840504EBA4
:1019200084000F4901EBC0070E49096891F83400A3
:10193000FFF778F906461EB12888B0F5006F00D38E
:1019400006E029883B46084A3046FFF737FA00BFD1
:10195000601CC4B2022CDFD3BDE8F08130C50108A1
:10196000E81400247CCE0108791A000810B504465A
:10197000022C01D3002010BD04EB84000A4901EBC6
:10198000C00090F8210060B103F01EFE04EB84015A
:10199000054A02EBC101496A401A0A2801D8012010
:1019A000E9E70020E7E70000E81400247CB5002206
:1019B00056E002EB82032E4C04EBC30090F820307B
:1019C00003B94BE000BFEFF31083194600BF72B6B6
:1019D000002304E0C45C0DF803405C1CE3B2082B58
:1019E000F8D3002380F8203000BF81F3108800BFB7
:1019F0009DF801309DF8004043EA042303819DF8DF
:101A000003309DF8024043EA04231BB243819DF852
:101A100005309DF8044043EA04231BB283819DF8FE
:101A200006305BB28373134B1B682C3303EB42030A
:101A300093F90030002B0DDA03891BB10389C3F53C
:101A40000053038143895B421BB2438183895B421C
:101A50001BB28381012380F8223000BF501CC2B228
:101A6000022AA6D3FFF7EAFE00F0E4F87CBD0000EE
:101A7000E81400247CCE01082DE9F0410546884693
:101A800016461F462C4614B10EB1082F01D2BDE8F0
:101A9000F081002003E0315C2154411CC8B20828C9
:101AA000F9D3012084F8200003F08EFD606201204C
:101AB00084F8210000BFEAE70749096891ED020AAE
:101AC0009FED061AC1EE000A00EE100AB8EEC00A39
:101AD00020EE800A704700007CCE01085077D63D8A
:101AE0002DE9FC4105460E4614461DB114B1B6F56C
:101AF000006F02D30120BDE8FC8100200CE034F926
:101B00001010C1F307220DF81020CBB24200521C76
:101B10000DF80230411CC8B20428F0D308236A46ED
:101B200031462846FFF7E0F9E5E7000070B52DEDF6
:101B3000028BB0EE408B1B4C00201B490880488074
:101B40008880C8801948006890F92D0000EE900A3E
:101B5000F8EEE00A60EE880AB0EE600A002000F0BD
:101B600027F8114908801148006890F92F0000EE0D
:101B7000900AF8EEE00A60EEA80AB0EE600A0120D2
:101B800000F016F8084948800849096891F83400BF
:101B9000FFF748F805466188034AFFF7A1FFBDEC4F
:101BA000028B70BD30C501086C0000207CCE01089E
:101BB0000346F0EE400A022B01D30020704718487C
:101BC0000068407970B91648006890ED021A9FEDE0
:101BD000152AC1EE021A9FED141A21EE810A42F273
:101BE00010710DE00E48006890ED021A9FED0F2A6B
:101BF000C1EE021A9FED0E1A21EE810A4FF48041C8
:101C000080EE801ABDEEC11A11EE102A8A4200DD64
:101C10000A464842824200DA4A4210B2CEE7000049
:101C20007CCE01080000104262BE3C399A9999416D
:101C30000000C03900B5002316E003EB83000C4917
:101C400001EBC0021089FFF74FFE82ED050A106913
:101C5000FFF74AFE82ED060AB2F90A00FFF72CFFF1
:101C600082ED070A581CC3B2022BE6D300BD000068
:101C7000E814002470B50025002407E0FD2120466B
:101C800000F03AFA00B10125601CC4B2042CF5DB67
:101C9000284670BD70B50025002407E0FC212046D1
:101CA00000F02AFA00B10125601CC4B2042CF5DB57
:101CB000284670BD70B503F087FC054600241AE085
:101CC000204600F0D7F8A0B104EB44000B4901EB2B
:101CD0000010807B01280CD1094850F82400281AF4
:101CE000642806D3FD21204600F006FA044840F897
:101CF0002450601CC4B2042CE2DB70BD38150024F3
:101D00001816002470B503F05FFC0546002419E0A6
:101D1000204600F0AFF898B104EB44000B4901EB0A
:101D20000010807B60B90A4850F82400281A642803
:101D300006D3FC21204600F0DFF9054840F8245086
:101D4000601CC4B2042CE3DB70BD00003815002415
:101D500008160024014601208840401E01EE900A2A
:101D6000B4EEE00AF1EE10FA01D2B0EE600AB4EE81
:101D7000C10AF1EE10FA01DDB0EE410A30EE603A30
:101D800071EE603AC3EE232AB8EE613A22EE832A5E
:101D9000FCEEC22A12EE900A80B270470146042976
:101DA00001DB0020704701EB4100064B03EB001004
:101DB000827B082A03D30E2A01D80120F2E70020F3
:101DC000F0E700003815002470B500242EE0194813
:101DD00000EB8405184909683031085DFEF722FFE1
:101DE00006463EB12888B0F5006F03D26888B0F58A
:101DF000006F00D318E004EB4400104A02EB00131C
:101E000029880F4A3046FEF7D9FF6888298888421A
:101E100009D004EB4400094A02EB00136988084A20
:101E20003046FEF7CBFF00BF601CC4B2042CCEDBF3
:101E300070BD000038C501087CCE010838150024AB
:101E4000B920000810B50446042C01DB002010BDA9
:101E5000204600F00FF840B104EB4400044901EBC8
:101E60000010807B012800D1F1E70020EFE700009F
:101E70003815002410B50446042C01DB002010BDE9
:101E800004EB44000A4901EB001090F8290060B10E
:101E900003F09AFB04EB4401054A02EB0111C96A05
:101EA000401A0A2801D80120E9E70020E7E70000EE
:101EB000381500242DE9FC5F04460F4615461E46E2
:101EC000DDE90C89042C02DB0120BDE8FC9FB5F59F
:101ED000805F08D2B6F5805F05D2B8F5805F02D288
:101EE000B9F5805F01D30120EFE7194800EB840AC0
:101EF00038128DF80000F8B28DF80100C5F3071014
:101F00008DF80200280140EA2620C0B28DF80300B7
:101F1000F0B28DF80400C8F307108DF805004FEA01
:101F2000081040EA2920C0B28DF8060009F0FF0031
:101F30008DF80700074909683031085DFEF772FE29
:101F40008346BAF8021008236A46FEF7CDFFBCE7C5
:101F500038C501087CCE01087CB50025A4E005EB5E
:101F60004500534901EB001494F8280000B999E0AA
:101F700000BFEFF31080064600BF72B6D4E900013F
:101F8000CDE90001002084F8280000BF86F3108806
:101F900000BF9DF800000011A0739DF8000000F044
:101FA0000F00E0739DF802009DF8011040EA012047
:101FB00020819DF8030000019DF8041040EA2110E3
:101FC00060819DF805009DF8041001F00F0140EAC2
:101FD0000120A0819DF8060020749DF80700607420
:101FE00034480068243000EB450090F900000028D8
:101FF0000BDA20894FF6FF71081A208160890911D8
:10200000081A6081A089081AA0812A49096891EDFF
:10201000051AF0EE410A2749096891ED051AB1EE5B
:10202000411AB0EE410A2089102100F015F984ED23
:10203000060A94ED060A1F480068383000EB850058
:10204000D0ED000A30EE200A84ED070A194909682C
:1020500091ED061AF0EE410A1649096891ED061A4B
:10206000B1EE411AB0EE410A60890C2100F0F4F89B
:1020700084ED080A0F49096891ED071AF0EE410A4C
:102080000C49096891ED071AB1EE411AB0EE410A08
:10209000A0890C2100F0E0F884ED090A284600F040
:1020A000F1F800BF681CC5B2042DFFF658AF7CBD27
:1020B000381500247CCE01082DE9F04105468846FC
:1020C00016461F462C4614B10EB1082F01D2BDE8AA
:1020D000F081002003E0315C2154411CC8B2082883
:1020E000F9D303F071FAE062012084F8290084F842
:1020F000280000BFEBE700002DE9FC4105460C4637
:1021000012A103C9CDE90001042D02DB0120BDE8C5
:10211000FC81FB2C07D0FC2C05D0FD2C03D0FE2C21
:1021200001D00120F3E70B4800EB85068DF807404E
:10213000094909683031485DFEF774FD074671882A
:1021400008236A46FEF7D0FEE1E70000FFFFFFFF2D
:10215000FFFFFF0038C501087CCE0108F0B52DED6A
:10216000028B83B00546002725B9012003B0BDECE2
:10217000028BF0BD002434E005EB840090ED000AF2
:10218000B0EE408A19480068243000EB440090F912
:102190000100002803DAB1EE480AB0EE408A134885
:1021A000006890ED070AB0EE401A1048006890ED04
:1021B000070AB1EE400AF0EE400A0C20B0EE480AE1
:1021C000FFF7C8FD06460020034640F6FF721146A1
:1021D000CDE900062046FFF76DFE00B10127601C27
:1021E000C4B2042CC8DB3846C0E700007CCE01082E
:1021F0007CB51648006890ED070AB0EE401A134807
:10220000006890ED070AB1EE400AF0EE400A0C209B
:102210009FED0F0AFFF79EFD05460026002411E002
:102220000020CDE9000504EB44000A4A02EB00104F
:10223000018900231A462046FFF73CFE00B1012623
:10224000601CC4B2042CEBDB30467CBD7CCE0108A4
:102250000000000038150024B0EE401A01228A4028
:10226000521E01EE902A30EEC12A00EE100AB8EE9E
:10227000400A22EE000AF8EE612A80EE222A32EEAF
:10228000010A704710B500EB40031F4C04EB03112B
:10229000012383401D4C246823406BB90B891C4CDF
:1022A00024F810300B894B6101238340174C2468BC
:1022B0002343164C236010BD0B89154C34F8104095
:1022C0001A1BB2F5004F07DD124B53F820305B1E8E
:1022D000104C44F8203009E012F5004F06DA0D4B9F
:1022E00053F820305B1C0B4C44F820300B89084C11
:1022F00024F810300C89074B33F8203004EB0343EB
:102300004B6100BFD7E700003815002454010024BA
:102310004C010024F8150024F0B502462AB121B181
:102320002048006800F4803000B9F0BD22F01F039F
:1023300050181F3020F01F051846EC1A002C26DD1F
:1023400000F01F0C0CEB0406074600BF00BF00BFE7
:10235000BFF34F8F00BF00BF00BF00BFDFF848C012
:10236000CCF800702037203E002EF7DC00BF00BF05
:1023700000BFBFF34F8F00BF00BF00BF00BF00BF53
:1023800000BFBFF36F8F00BF00BF00BF00BF00BF23
:1023900000BF00BF00BFBFF34F8F00BF00BF00BF33
:1023A00000BFC2E714ED00E068EF00E0F0B50246C0
:1023B0002AB121B12048006800F4803000B9F0BD96
:1023C00022F01F0350181F3020F01F051846EC1A8A
:1023D000002C26DD00F01F0C0CEB0406074600BFA6
:1023E00000BF00BFBFF34F8F00BF00BF00BF00BFE3
:1023F000DFF848C0CCF800702037203E002EF7DC14
:1024000000BF00BF00BFBFF34F8F00BF00BF00BFC2
:1024100000BF00BF00BFBFF36F8F00BF00BF00BF92
:1024200000BF00BF00BF00BF00BFBFF34F8F00BFA2
:1024300000BF00BF00BFC2E714ED00E068EF00E09E
:10244000F0B502462AB121B12048006800F480307E
:1024500000B9F0BD22F01F0350181F3020F01F05F7
:102460001846EC1A002C26DD00F01F0C0CEB0406BD
:10247000074600BF00BF00BFBFF34F8F00BF00BFC4
:1024800000BF00BFDFF848C0CCF800702037203E06
:10249000002EF7DC00BF00BF00BFBFF34F8F00BFAF
:1024A00000BF00BF00BF00BF00BFBFF36F8F00BF02
:1024B00000BF00BF00BF00BF00BF00BF00BFBFF331
:1024C0004F8F00BF00BF00BF00BFC2E714ED00E0A8
:1024D0005CEF00E072B600BFFEE7000010B50248F6
:1024E00002F02CFA10BD0000EC05002410B50248E3
:1024F00002F024FA10BD0000EC05002410B50248DB
:1025000002F01CFA10BD00008C06002410B5024831
:1025100002F014FA10BD00008C06002410B5024829
:1025200002F00CFA10BD00002C07002410B5024880
:1025300002F004FA10BD00002C07002410B501467B
:102540004A6B0868D0F884004FF6FC74A04340EA58
:1025500082000C68C4F884000868D0F8840020F475
:102560007F04088F44EA00400C68C4F88400886B3C
:1025700002440868D0F888004FF6FC74A04340EA93
:1025800082000C68C4F888000868D0F8880020F43D
:10259000FE04888F44EA00400C68C4F88800C86BC9
:1025A00002EB40020868D0F8A0004FF6FC74A0438C
:1025B00040EA82000C68C4F8A0000868D0F8A000C7
:1025C00020F4FE044020405A44EA00400C68C4F85D
:1025D000A000D1E9104004FB00220868D0F8B00048
:1025E0004FF6FC74A04340EA82000C68C4F8B000C7
:1025F0000868D0F8B00020F4FE04B1F8480044EABE
:1026000000400C68C4F8B000D1E9124004FB00227D
:102610000868D0F8AC004FF6FC74A04340EA820092
:102620000C68C4F8AC00D1E9144004FB002208682F
:10263000D0F8F0004FF6FC74A04340EA82000C682A
:10264000C4F8F0000868D0F8F00020F47C14B1F869
:10265000580044EA00400C68C4F8F000886D02EBB2
:1026600040020868D0F8C0004FF6FC74A04340EA6E
:1026700082000C68C4F8C0000868D0F8C00020F4DC
:102680007C14B1F85C0044EA00400C68C4F8C00057
:102690000868D0F8C00020F07C5491F8600044EA4B
:1026A00000600C68C4F8C0002A4C486B04EB800042
:1026B000C866CC6E886B04EB80040C670C6FC86B2B
:1026C00004EBC0044C67D1E9100460434C6F04EB89
:1026D00080048C67D1E9120460438C6F04EB8004A2
:1026E000CC67D1E914046043CC6F04EB80048020F4
:1026F00044504458886D04EBC004842044508C6ED0
:10270000C86D60438424645804EB800488204450DE
:102710008C6E086E60438824645804EB800490201B
:10272000445040580C4CA04209D99831486840F0B8
:1027300020004860032001F89809012010BDCB6EED
:1027400002E0002018601B1D902040589842F8D8E5
:102750000020F3E700AC0040FCD300402DE9F0413D
:10276000054614461E46D1F804C0BCF1000F0AD13C
:10277000D1F810C0D1F808804CEA080CB1F80080FC
:102780004CEA88430BE0D1F810C04CF0804CD1F8F3
:1027900008804CEA080CD1F800804CEA080391F854
:1027A0002080D1F81CC04CEA086CD1F818804CEAA3
:1027B000080CD1F814804CEA080CB1F80C804CEAF3
:1027C0000847D5F868C00CFB06FCD5F8848008EBF8
:1027D0008C021360121D1760121D002019E000F119
:1027E000030C14F80CC04FEA0C6800F1020C14F84A
:1027F0000CC048EA0C4800F1010C14F80CC048EA7F
:102800000C2C14F800804CEA080CC2F800C0121D11
:10281000001DDFF81480D1F80CC018F80CC08445F6
:10282000DDD8BDE8F08100009CC4010880ED060AF7
:10283000C0ED070A7047000070B50A480468001D23
:102840000568001D0668344454B108220649204634
:1028500007F07EFD042204491031284607F078FD78
:1028600070BD000000E8F11F5E0000242DE9F0417A
:10287000044602F0A9FE804614B90120BDE8F081AB
:1028800094F83500022808D08020606500BF002041
:1028900084F8340000BF0120F0E7FE492068884238
:1028A00049D0FC4918312068884244D0F949303178
:1028B000206888423FD0F7494831206888423AD0A2
:1028C000F44960312068884235D0F2497831206877
:1028D000884230D0EF499031206888422BD0ED49B2
:1028E000A8312068884226D0EB492068884222D04F
:1028F000E9491831206888421DD0E7493031206805
:10290000884218D0E44948312068884213D0E2490F
:102910006031206888420ED0DF49783120688842D3
:1029200009D0DD4990312068884204D0DA49A831C5
:102930002068884201D1012000E0002068B12068B1
:10294000006820F01E00216808602068406920F0BF
:10295000800021684861256806E02068006820F052
:102960000E00216808602568CA492068884270D036
:10297000C8491831206888426BD0C6493031206878
:10298000884266D0C34948312068884261D0C14935
:102990006031206888425CD0BE4978312068884226
:1029A00057D0BC4990312068884252D0B949A831EB
:1029B000206888424DD0B8492068884249D0B6493D
:1029C00018312068884244D0B349303120688842A9
:1029D0003FD0B1494831206888423AD0AE49603191
:1029E0002068884235D0AC4978312068884230D0A0
:1029F000A9499031206888422BD0A749A831206886
:102A0000884226D0A5492068884222D0A3491431A3
:102A1000206888421DD0A14928312068884218D0FA
:102A20009E493C312068884213D09C49503120682F
:102A300088420ED0994964312068884209D097496C
:102A400078312068884204D094498C3120688842CB
:102A500001D1012000E0002028B1206E006820F4A0
:102A60008070216E08608B492068884249D089496E
:102A700018312068884244D0864930312068884225
:102A80003FD084494831206888423AD0814960313A
:102A90002068884235D07F4978312068884230D01C
:102AA0007C499031206888422BD07A49A83120682F
:102AB000884226D078492068884222D07649183149
:102AC000206888421DD0744930312068884218D06F
:102AD000714948312068884213D06F4960312068BD
:102AE00088420ED06C4978312068884209D06A4902
:102AF00090312068884204D06749A8312068884214
:102B000006D12068006820F001002168086005E017
:102B10002068006820F001002168086011E002F0E0
:102B200053FDA0EB080005280BD920206065032089
:102B300084F8350000BF002084F8340000BF012075
:102B40009CE6286800F001000028E8D1514920687F
:102B5000884249D04F4918312068884244D04D49B5
:102B60003031206888423FD04A4948312068884245
:102B70003AD0484960312068884235D0454978319B
:102B80002068884230D043499031206888422BD059
:102B90004049A8312068884226D03F4920688842B1
:102BA00022D03D491831206888421DD03A49303141
:102BB0002068884218D0384948312068884213D0AC
:102BC00035496031206888420ED033497831206819
:102BD000884209D0304990312068884204D02E497B
:102BE000A8312068884201D1012000E0002040B1D6
:102BF000A66D94F85C0000F01F013F208840B06093
:102C000007E0A76D94F85C0000F01F0101208840E8
:102C1000786020492068884276D01E4918312068A3
:102C2000884271D01B493031206888426CD01949E4
:102C300048312068884267D0164960312068884250
:102C400062D014497831206888425DD011499031B2
:102C50002068884258D00F49A8312068884253D054
:102C60000D49206888424FD00B49183120688842AE
:102C70004AD0094930312068884245D00649483158
:102C80002068884240D004496031206888423BD0A7
:102C9000014905E0100002401004024008540258A7
:102CA0007831206888422FD02549206888422BD06F
:102CB000234918312068884226D02249206888425A
:102CC00022D020491431206888421DD01D49283166
:102CD0002068884218D01B493C312068884213D0B4
:102CE00018495031206888420ED016496431206856
:102CF000884209D0134978312068884204D01149AC
:102D00008C312068884201D1012000E0002068B1A8
:102D1000D4E919104860E06E40B1E06E006820F41C
:102D20008070E16E0860D4E91C104860012084F8CE
:102D3000350000BF002084F8340000BF00BF9DE5CF
:102D4000A00402400854025870B504460CB9012092
:102D500070BD94F83500022803D080206065012002
:102D6000F6E7DC492068884249D0DA491831206802
:102D7000884244D0D7493031206888423FD0D54975
:102D80004831206888423AD0D24960312068884270
:102D900035D0D04978312068884230D0CD49903143
:102DA000206888422BD0CB49A8312068884226D0A1
:102DB000C9492068884222D0C74918312068884212
:102DC0001DD0C54930312068884218D0C2494831E9
:102DD0002068884213D0C0496031206888420ED0F4
:102DE000BD4978312068884209D0BB4990312068BC
:102DF000884204D0B849A8312068884201D1012016
:102E000000E00020F0B3042084F83500B1492068C8
:102E100088424BD0AF4918312068884246D0AD492E
:102E200030312068884241D0AA4948312068884220
:102E30003CD0A84960312068884237D0A549783114
:102E40002068884232D0A3499031206888422DD032
:102E5000A049A8312068884228D09F49206888422C
:102E600024D09D491831206888421FD09A493031BA
:102E7000206888421AD0984948312068884215D085
:102E8000954900E020E06031206888420ED09249E8
:102E900078312068884209D08F4990312068884273
:102EA00004D08D49A8312068884206D12068006886
:102EB00020F001002168086009E12068006820F026
:102EC00001002168086002E12068006820F00E001F
:102ED000216808607F492068884249D07D491831BF
:102EE0002068884244D07B493031206888423FD0F6
:102EF00078494831206888423AD076496031206864
:102F0000884235D0734978312068884230D0714981
:102F10009031206888422BD06E49A83120688842C1
:102F200026D06D492068884222D06B49183120682C
:102F300088421DD0684930312068884218D06649DF
:102F400048312068884213D0634960312068884244
:102F50000ED0614978312068884209D05E499031AD
:102F60002068884204D05C49A8312068884206D194
:102F70002068006820F001002168086005E02068F2
:102F8000006820F0010021680860524920688842EA
:102F900070D050491831206888426BD04D4930318B
:102FA0002068884266D04B4948312068884261D009
:102FB00048496031206888425CD0464978312068B1
:102FC000884257D0434990312068884252D04149C5
:102FD000A831206888424DD03F492068884249D0B6
:102FE0003D4918312068884244D03B49303120683F
:102FF00088423FD038494831206888423AD0364923
:1030000060312068884235D0334978312068884261
:1030100030D031499031206888422BD02E49A831D8
:103020002068884226D02D492068884222D02B492A
:103030001431206888421DD02849283120688842F0
:1030400018D026493C312068884213D0234950319A
:10305000206888420ED0214964312068884209D016
:103060001E4978312068884204D01C498C31206880
:10307000884201D1012000E00020D8B1206E006814
:1030800020F48070216E0860A56D94F85C0000F05B
:103090001F01012088406860D4E919104860E06E83
:1030A00040B1E06E006820F48070E16E0860D4E901
:1030B0001C104860012084F8350000BF002084F80F
:1030C000340000BF206D10B12046216D88470020DC
:1030D0003EE600001000024010040240085402586E
:1030E0002DE9F84F044600200090FE4800684FF498
:1030F0001651B0FBF1FAA66DD4F858803768D8F8AD
:103100000090F9492068884249D0F7491831206871
:10311000884244D0F4493031206888423FD0F24997
:103120004831206888423AD0EF49603120688842AF
:1031300035D0ED4978312068884230D0EA49903165
:10314000206888422BD0E849A8312068884226D0E0
:10315000E6492068884222D0E44918312068884234
:103160001DD0E24930312068884218D0DF4948310B
:103170002068884213D0DD496031206888420ED033
:10318000DA4978312068884209D0D84990312068DE
:10319000884204D0D549A8312068884201D1012055
:1031A00000E0002000287DD094F85C0000F01F01B2
:1031B000082088403840002868D0CB4920688842E1
:1031C00049D0C94918312068884244D0C6493031B5
:1031D000206888423FD0C4494831206888423AD0AC
:1031E000C14960312068884235D0BF4978312068B4
:1031F000884230D0BC499031206888422BD0BA49EF
:10320000A8312068884226D0B8492068884222D058
:10321000B6491831206888421DD0B4493031206841
:10322000884218D0B14948312068884213D0AF494C
:103230006031206888420ED0AC49783120688842DD
:1032400009D0AA4990312068884204D0A749A83102
:103250002068884204D12068006800F0040003E080
:103260002068006800F0080080B12068006820F045
:1032700004002168086094F85C0000F01F01082039
:103280008840B060606D40F00100606594F85C00BB
:1032900000F01F01012088403840E8B392492068BF
:1032A000884200E0B7E24BD08F491831206888424D
:1032B00046D08D4930312068884241D08A49483112
:1032C000206888423CD0884960312068884237D0E5
:1032D000854978312068884232D08349903120680E
:1032E00088422DD08049A8312068884228D07F4963
:1032F0002068884224D07D491831206888421FD038
:103300007A493031206888421AD07849483120689B
:10331000884215D0754900E026E060312068884277
:103320000ED0724978312068884209D06F499031B7
:103330002068884204D06D49A8312068884204D1B1
:103340002068406900F0800002E0206800680020EA
:1033500050B194F85C0000F01F0101208840B0607B
:10336000606D40F00200606594F85C0000F01F01A1
:10337000042088403840E8B35B49206888424BD03D
:10338000594918312068884246D057493031206861
:10339000884241D054494831206888423CD0524943
:1033A00060312068884237D04F49783120688842A0
:1033B00032D04D499031206888422DD04A49A831F9
:1033C0002068884228D049492068884224D047494B
:1033D0001831206888421FD0444930312068884223
:1033E0001AD0424948312068884215D03F4960319F
:1033F000206800E024E088420ED03C497831206803
:10340000884209D0394990312068884204D0374930
:10341000A8312068884204D12068006800F00200CA
:1034200002E020680068002050B194F85C0000F0D1
:103430001F0104208840B060606D40F004006065AA
:1034400094F85C0000F01F01102088403840E8B379
:1034500025492068884251D0234918312068884284
:103460004CD0214930312068884247D01E4948312C
:103470002068884242D01C496031206888423DD093
:10348000194978312068884238D01749903120682E
:10349000884233D01449A831206888422ED013497D
:1034A000206888422AD0114918312068884225D0E6
:1034B0000E4930312068884220D00C4948312068BC
:1034C00088421BD009496031206800E04DE0884205
:1034D00014D006497831206888420FD003499031D2
:1034E000206805E07800002410000240100402402B
:1034F000884203D0FE492068884204D120680068D1
:1035000000F0080003E02068006800F0040060B3E9
:1035100094F85C0000F01F0110208840B060206823
:10352000006800F4802080B12068006800F400206A
:1035300028B9206CC8B12046216C884715E0A06CE2
:1035400098B12046A16C88470FE02068006800F41D
:10355000807028B92068006820F0080021680860A1
:10356000206C10B12046216C884794F85C0000F074
:103570001F0120208840384000287DD0DD49206888
:10358000884249D0DB4918312068884244D0D94963
:103590003031206888423FD0D6494831206888427F
:1035A0003AD0D44960312068884235D0D149783149
:1035B0002068884230D0CF499031206888422BD093
:1035C000CC49A8312068884226D0C949A83920684A
:1035D000884221D0C6499039206888421CD0C4490D
:1035E00078392068884217D0C149603920688842FC
:1035F00012D0BF494839206888420DD0BC493039C3
:103600002068884208D0BA4918392068884203D017
:10361000B7492068884204D12068006800F0100093
:1036200003E02068006800F0020028B394F85C0012
:1036300000F01F0120208840B06094F83500042875
:103640002DD12068006820F01600216808602068ED
:10365000406920F0800021684861206C08B9A06CA6
:1036600028B12068006820F008002168086094F8FC
:103670005C0000F01F0100E03FE03F208840B060A8
:10368000012084F8350000BF002084F8340000BF1A
:10369000206D10B12046216D8847BDE8F88F206865
:1036A000006800F4802080B12068006800F40020E9
:1036B00028B9606C08B32046616C88471DE0E06B58
:1036C000D8B12046E16B884717E02068006800F415
:1036D000807068B92068006820F0100021680860D8
:1036E000012084F8350000BF002084F8340000BFBA
:1036F000E06B10B12046E16B8847606D00287AD0FE
:10370000606D00F00100E8B3042084F835007949C9
:10371000206888424BD0774918312068884246D0CB
:10372000744930312068884241D07249483120685C
:1037300088423CD06F4960312068884237D06D495B
:1037400078312068884232D06A49903120688842B6
:103750002DD06849A8312068884228D06449A8390A
:103760002068884223D062499039206888421ED060
:103770005F4978392068884219D05D4960392068EE
:10378000884200E040E012D0594948392068884218
:103790000DD0574930392068884208D0544918392B
:1037A0002068884203D052492068884206D12068A8
:1037B000006820F001002168086005E020680068CA
:1037C00020F001002168086000BF0098401C0090B4
:1037D000504500D905E02068006800F0010000288D
:1037E000F3D100BF2068006800F0010020B1032081
:1037F00084F8350003E00DE0012084F8350000BFB7
:10380000002084F8340000BFE06C002802D020467D
:10381000E16C8847D9E138492068884222D036498E
:103820001431206888421DD03349283120688842ED
:1038300018D031493C312068884213D02E4950318C
:10384000206888420ED02C4964312068884209D013
:10385000294978312068884204D027498C31206872
:10386000884201D1012000E000200028D2D0206849
:10387000056894F85C0000F01F010420884000EA0D
:103880000900D8B305F00400C0B394F85C0000F060
:103890001F0104208840C8F8040005F4004080B1EE
:1038A00005F4803030B9A06C0028B3D02046A16C5C
:1038B00088478AE1206C0028ACD02046216C8847DC
:1038C00083E105F02000E8BB0A492068884253D014
:1038D00008491831206888424ED0064930312068A6
:1038E000884249D0034948312068884244D006E0E4
:1038F000B804024010000240085402584FE0B44996
:1039000060312068884237D0B149783120688842D8
:1039100032D0AF499031206888422DD0AC49A831CF
:103920002068884228D0AB492068884224D0A94921
:103930001831206888421FD0A6493031206888425B
:103940001AD000E025E0A34948312068884213D00E
:10395000A0496031206888420ED09E4978312068A5
:10396000884209D09B4990312068884204D0994907
:10397000A8312068884206D12068006820F008003D
:103980002168086005E02068006820F004002168D4
:103990000860206C10B32046216C884715E194F82C
:1039A0005C0000F01F010220884000EA0900E8B333
:1039B00005F00200D0B394F85C0000F01F01022073
:1039C0008840C8F8040005F4004070B105F4803068
:1039D00028B9606C10B12046616C8847F5E0E06B57
:1039E000F0B32046E16B8847EFE005F02000C0BB54
:1039F0007749206888424ED075491831206888423E
:103A000049D0734930312068884244D070494831E8
:103A1000206888423FD06E496031206888423AD0A1
:103A20006B4978312068884235D000E04EE0684923
:103A30009031206888422ED06549A831206888429C
:103A400029D064492068884225D06249183120680D
:103A5000884220D05F493031206888421BD001E085
:103A60006EE02DE05B4948312068884213D0594907
:103A70006031206888420ED05649783120688842EB
:103A800009D0544990312068884204D05149A83166
:103A90002068884206D12068006820F01400216860
:103AA000086005E02068006820F00A0021680860CE
:103AB000012084F8350000BF002084F8340000BFE6
:103AC000E06BE8B32046E16B88477EE094F85C0049
:103AD00000F01F010820884000EA090080B305F0CB
:103AE000080068B33A49206888424BD038491831F9
:103AF0002068884246D0364930312068884241D01B
:103B000033494831206888423CD0314960312068CF
:103B1000884237D02E4978312068884232D02C49EB
:103B20009031206888422DD02949A83120688842E8
:103B300028D028492068884224D02649183100E03E
:103B400043E0206888421DD02249303120688842F5
:103B500018D0204948312068884213D01D4960316F
:103B6000206888420ED01B4978312068884209D0ED
:103B7000184990312068884204D01649A83120683D
:103B8000884206D12068006820F01C002168086087
:103B900005E02068006820F00E002168086094F8B5
:103BA0005C0000F01F0101208840C8F804000120DB
:103BB000606584F8350000BF002084F8340000BF41
:103BC000E06C10B12046E16C884700BF65E500005D
:103BD00010000240100402402DE9F041044601F0BB
:103BE000F3FC804614B90120BDE8F081FE4920684D
:103BF000884249D0FC4918312068884244D0FA49AB
:103C00003031206888423FD0F749483120688842E7
:103C10003AD0F54960312068884235D0F249783190
:103C20002068884230D0F0499031206888422BD0FB
:103C3000ED49A8312068884226D0EC4920688842A6
:103C400022D0EA491831206888421DD0E749303136
:103C50002068884218D0E54948312068884213D04E
:103C6000E2496031206888420ED0E049783120680E
:103C7000884209D0DD4990312068884204D0DB4970
:103C8000A8312068884201D1012000E000200028EE
:103C900073D0606A00B100BF022084F8350000BF15
:103CA000002084F8340000BFCF492068884249D002
:103CB000CD4918312068884244D0CB493031206842
:103CC00088423FD0C8494831206888423AD0C64926
:103CD00060312068884235D0C349783120688842F5
:103CE00030D0C1499031206888422BD0BE49A831DC
:103CF0002068884226D0BD492068884222D0BB492E
:103D00001831206888421DD0B84930312068884277
:103D100018D0B64948312068884213D0B349603181
:103D2000206888420ED0B14978312068884209D095
:103D3000AE4990312068884204D0AC49A83120684F
:103D4000884206D12068006820F0010021680860E0
:103D500005E02068006820F00100216808600DE09F
:103D600001F032FCA0EB0800052807D9202060658F
:103D7000032084F83500012036E769E020680068F8
:103D800000F001000028EBD1206805689848054044
:103D9000D4E9020108432169084361690843A16924
:103DA0000843E1690843216A08430543606A04281F
:103DB00003D1D4E90B01084305436068292802D3E5
:103DC00060682E2817D960683F2802D360684228AF
:103DD00011D96068472802D3606848280BD9606809
:103DE0004F2802D36068522805D96068742804D32C
:103DF0006068772801D8012000E0002008B145F470
:103E00008015206805602068456925F00705606A0F
:103E10000543606A04280DD1A06A0543E06A48B1F1
:103E20002046FDF701FA28B140206065012084F8A2
:103E30003500D9E6206845612046FDF7D1F80646F1
:103E400094F85C0000F01F013F208840B0609EE0C5
:103E500068492068884222D0664914312068884227
:103E60001DD0644928312068884218D061493C310E
:103E70002068884213D05F495031206888420ED0B4
:103E80005C4964312068884209D05A4978312068F9
:103E9000884204D057498C312068884201D10120E2
:103EA00000E00020E0B353492068884222D0514905
:103EB0001431206888421DD04E492831206888423C
:103EC00018D04C493C312068884213D049495031C0
:103ED000206888420ED0474964312068884209D062
:103EE000444978312068884204D042498C312068A6
:103EF000884201D1012000E0002000B100BF022073
:103F000084F8350000BF002084F8340000BF20682A
:103F1000056839480540A068402802D1102106E014
:103F20002EE0A068802801D1C10100E00021E068F6
:103F300041EAD001206941EAD001606941EAD0013B
:103F4000A06941EAD001E06941EAD001206A41EA72
:103F5000101005432068056026492068401A142186
:103F6000B0FBF1F08000E0652046FDF739F8074628
:103F700094F85C0000F01F0101208840786006E0A2
:103F800040206065032084F8350001202CE61649A6
:103F9000206888427AD0144918312068884275D048
:103FA000114930312068884270D00F49483120686B
:103FB00088426BD00C4960312068884266D00A493B
:103FC00078312068884261D0074990312068884262
:103FD0005CD00549A8312068884257D00349206841
:103FE000884253D0014909E0100002401004024009
:103FF0003F8010FE085402580F00FEFF1831206861
:10400000884243D03749206888423FD0354918312B
:10401000206888423AD0334930312068884235D010
:10402000304948312068884230D02E4960312068BC
:1040300088422BD02B4978312068884226D02A49E3
:104040002068884222D028491431206888421DD037
:10405000254928312068884218D023493C312068FE
:10406000884213D020495031206888420ED01E4922
:1040700064312068884209D01B4978312068884221
:1040800004D019498C312068884201D1012000E018
:10409000002000B32046FDF719F8A068802801D160
:1040A000002060602079216E0860D4E91910486012
:1040B000606860B16068082809D82046FDF768F894
:1040C0000020E16E0860D4E91C10486003E0002085
:1040D000E0662067606700206065012084F8350095
:1040E000002081E540040240085402582DE9F041C7
:1040F00004460D4616461F464FF0000814B901202D
:10410000BDE8F08100BF94F83400012801D10220FD
:10411000F6E7012084F8340000BF94F83500012848
:104120007ED1022084F8350000206065E4492068D3
:10413000884249D0E24918312068884244D0E04999
:104140003031206888423FD0DD49483120688842BC
:104150003AD0DB4960312068884235D0D84978317F
:104160002068884230D0D6499031206888422BD0D0
:10417000D349A8312068884226D0D2492068884295
:1041800022D0D0491831206888421DD0CD49303125
:104190002068884218D0CB4948312068884213D023
:1041A000C8496031206888420ED0C64978312068FD
:1041B000884209D0C34990312068884204D0C1495F
:1041C000A8312068884206D12068006820F00100EC
:1041D0002168086005E02068006820F0010021687F
:1041E00008603B46324629462046FDF775F8B4493B
:1041F000206888424BD0B24918312068884246D0A6
:10420000AF4930312068884241D0AD4948312068FB
:1042100088423CD0AA4960312068884237D000E00B
:1042200042E1A74978312068884230D0A4499031D2
:10423000206888422BD0A249A8312068884226D025
:10424000A0492068884222D09E49183120688842BF
:104250001DD09C4930312068884218D09949483196
:104260002068884213D097496031206888420ED078
:10427000944978312068884209D092499031206869
:10428000884204D08F49A8312068884201D101209A
:1042900000E0002080B12068006820F01E0040F09F
:1042A000160021680860206CB0B12068006840F0FA
:1042B0000800216808600FE02068006820F00E0008
:1042C00040F00A0021680860206C28B1206800686E
:1042D00040F004002168086079492068884270D065
:1042E00077491831206888426BD075493031206891
:1042F000884266D0724948312068884261D070494E
:104300006031206888425CD06D49783120688842ED
:1043100057D06B4990312068884252D06849A83103
:10432000206888424DD067492068884249D0654955
:1043300018312068884244D0624930312068884270
:104340003FD060494831206888423AD05D496031A9
:104350002068884235D05B4978312068884230D067
:1043600058499031206888422BD05649A83120689E
:10437000884226D054492068884222D052491431BC
:10438000206888421DD0504928312068884218D0C2
:104390004D493C312068884213D04B495031206848
:1043A00088420ED0484964312068884209D0464985
:1043B00078312068884204D043498C312068884293
:1043C00001D1012000E0002090B1206E006800F4CF
:1043D000803028B1206E006840F48070216E086043
:1043E000E06E28B1E06E006840F48070E16E086015
:1043F00033492068884249D03149183120688842C1
:1044000044D02F493031206888423FD02C49483170
:10441000206888423AD02A4960312068884235D0E5
:10442000274978312068884230D02549903120686A
:1044300088422BD02249A8312068884226D02149C1
:104440002068884222D01F491831206888421DD038
:104450001C4930312068884218D01A4948312068F8
:10446000884213D017496031206888420ED0154920
:1044700078312068884209D01249903120688842FA
:1044800004D01049A8312068884206D1206800680D
:1044900040F001002168086010E02068006840F0EA
:1044A00001002168086009E04FF40060606500BF0A
:1044B000002084F8340000BF4FF0010840461FE69A
:1044C00010000240100402400854025870B504461F
:1044D00001F07AF806462546681C10B104480078B9
:1044E000054400BF01F070F8801BA842FAD370BDEC
:1044F0001C00002030B5034693F89840012C01D0F1
:10450000022C3ED11868806D084030B91868C06D23
:1045100040F001001D68E8650EE01868806D0840F5
:10452000884206D11868C06D40F002001D68E86539
:1045300002E003201D68E86501F4007030B11868DE
:10454000D0F8E00010431D68C5F8E00001F4806079
:1045500030B11868D0F8E40010431D68C5F8E400D5
:1045600000BF1868406D0B4D0D4028431D686865FD
:104570000948006840EA9170074D286000BF00209C
:1045800030BDD3F89C0040F00200C3F89C0001202D
:10459000F6E70000FFFFCF3F14A800402DE9F041EF
:1045A00004460E461746706800B900E000BF94F854
:1045B0009800022832D12068D0F8C00000F07C506A
:1045C00040B9D4F89C0040F02000C4F89C000120C1
:1045D000BDE8F0812068D0F8C40000F4001038B1C4
:1045E000D4F89C0040F40070C4F89C000120EFE770
:1045F0002068D0F8C400C0F304452B463A46314643
:104600002046FEF7ABF80120A8402168C1F8D00091
:104610000120A840C4F894000020D9E7D4F89C00F9
:1046200040F00800C4F89C000120D1E77047F0B5C5
:10463000024692F89860012E01D0022E43D1C8683C
:10464000072800D100BF086818BBC868072800D039
:1046500000BFC86807280BD1088A4FF0605747EAA7
:104660000040CF6940EA07208F6940EA07040AE06A
:10467000087A80070F7B40EAC7600F8A40EA07404C
:104680004F6940EA0704D76E486807EB80031C6057
:1046900017E0C868072800D000BF0F7B086940EA10
:1046A0004774C868072801D18D6903E00F7A48690B
:1046B00040EA8775176F486807EBC0031C601B1D35
:1046C0001D600020F0BDD2F89C0040F00200C2F84E
:1046D0009C000120F6E7704770B506460D4605F0D0
:1046E000007000B970BD3046FCF7AAFA0446002CF1
:1046F00000DAF7E72046FCF7E1FB012004EBC401F8
:1047000001EB4411034A02EB810181F8880000BFEC
:10471000E8E7000028A800200246402905D11368D8
:10472000D3F8A43003F07F0004E01368D3F8B4306A
:1047300003F07F00704700002DE9F04304460D466A
:104740009C46002394F89880B8F1020F74D1402D54
:1047500038D12068D0F8A00000F4FE0040B9D4F8A9
:104760009C0040F02000C4F89C000120BDE8F083CC
:104770002068D0F8A40000F07F0038B9D4F89C007D
:1047800040F48070C4F89C000120EFE72068D0F866
:10479000A400C0F3006040B12068D0F8A0004FF042
:1047A0000109B9EBD07F00D101232068D0F8A40023
:1047B000C0F305200344606C5843D4F8749009EBAF
:1047C00080014BE0412D38D12068D0F8B00000F4D2
:1047D000FE0038B9D4F89C0040F02000C4F89C00DA
:1047E0000120C3E72068D0F8B40000F07F0038B99A
:1047F000D4F89C0040F48070C4F89C000120B5E718
:104800002068D0F8B400C0F3006040B12068D0F850
:10481000B0004FF00109B9EBD07F00D1012320682F
:10482000D0F8B400C0F305200344E06C5843D4F83A
:10483000789009EB800111E06DE0206DA84207D867
:10484000D4F89C0040F02000C4F89C0001208DE7C3
:10485000606D6843D4F87C9009EB8001086800F033
:1048600080405060506820B90868C0F38A401060EA
:1048700003E0086820F060401060086800F0005015
:104880009060086800F000401061091D088880B23F
:10489000D0610868C0F30340D060086800F480105D
:1048A0005061086800F4001090610868C0F3066069
:1048B00010620868C00F5062091D0F46002603E011
:1048C000B85D0CF80600761CDFF85C90D06819F82B
:1048D0000000B042F4D8402D03D12068C0F8A830C1
:1048E00017E0412D03D12068C0F8B83011E0202D29
:1048F00006D20120A840D4F80090C9F8980008E03A
:1049000005F01F09012000FA09F0D4F80090C9F859
:104910009C0000202AE7D4F89C0040F00800C4F86E
:104920009C00012022E700009CC4010801460A689F
:10493000D2F8C42002F03F00704770472DE9F04FD5
:104940008DB00446EF4800688707EE48001D0068F8
:1049500007EA80772068006D00F470482068406D99
:1049600000EA08082068006D00F00F092068406D1B
:1049700000EA09092068006D00F0F00A2068406D27
:1049800000EA0A0A2068006D00F0715B2068406D43
:1049900000EA0B0B2068006D00F060700C9020683E
:1049A000406D0C9908400C902068456D2068066D9C
:1049B000C5F3002070B1C6F3002058B100BF4FF41A
:1049C0008070216808650020CE49086000BF20463D
:1049D000FFF7B3FFC5F38020C8B1C6F38020B0B1A4
:1049E0002068D0F8DC000A902068D0F8E4000A992A
:1049F00008400A9000BF4FF48060216808650020DD
:104A0000C049086000BF20460A9900F0DBFC67B18E
:104A100000BFBD48384021680865B80FB949086033
:104A200000BF39462046FFF701FEB8F1000F0ED057
:104A300000BFB54808EA0000216808654FEA987091
:104A4000B049086000BF4146204600F0BDFCB9F106
:104A5000000F0ED000BFAC4809EA000021680865CD
:104A60004FEA9970A749086000BF4946204600F008
:104A7000DBFBBAF1000F0ED000BFA3480AEA00002A
:104A8000216808654FEA9A709E49086000BF514648
:104A9000204600F025FCC5F3C02070B1C6F3C0204D
:104AA00058B100BF4FF400602168086500209549A7
:104AB000086000BF204600F088FCC5F34020C8B164
:104AC000C6F34020B0B12068D0F8D8000B90206821
:104AD000D0F8E0000B9908400B9000BF4FF4007035
:104AE0002168086500208749086000BF20460B99AF
:104AF00000F069FCC5F3C04070B1C6F3C04058B1C6
:104B000000BF4FF400202168086500207D4908603F
:104B100000BF204600F086FBC5F3004070B1C6F32D
:104B2000004058B100BF4FF4803021680865002074
:104B30007449086000BF204600F043FCC5F3804084
:104B400070B1C6F3804058B100BF4FF48020216897
:104B5000086500206B49086000BF204600F030FC6B
:104B6000C5F3404088B1C6F3404070B100BF4FF478
:104B700000302168086500206249086000BFD4F851
:104B80009C0040F08000C4F89C000C9870B100BFFD
:104B90005D490C980840216808650C98800F5949B8
:104BA000086000BF20460C99FFF796FDBBF1000F8F
:104BB00010D000BF54480BEA0000216808654FEA96
:104BC0009B705049086000BFD4F89C0040EA0B007D
:104BD000C4F89C004D49206888427DD16068806897
:104BE00000F00300002877D06068006A00F00F0032
:104BF00009906068406A0999084009906068006AF5
:104C000000F0300008906068406A089908400890F9
:104C10006068006A00F4C07007906068406A079995
:104C2000084007906068006A00F4FC4006906068E5
:104C3000406A0699084006906068006A00F4F02017
:104C400005906068406A0599084005906068406A70
:104C500002906068006A0190099830B10998616813
:104C600008622046099900F0A8FB089830B108981E
:104C7000616808622046089900F0A1FB0298C0F321
:104C80008010A0B10198C0F3801080B16068C06B43
:104C9000000C04906068C06B00F03F00039040205F
:104CA000616808622046DDE9032100F087FB079870
:104CB00030B10798616808622046079900F07CFBD4
:104CC000069840B1069861680862D4F89C0006997D
:104CD0000843C4F89C0000E00AE0059840B105983C
:104CE00061680862D4F89C0005990843C4F89C00E8
:104CF000D4F89C0010B12046FFF7EDFC0DB0BDE8E4
:104D0000F08F000010A80040FFFFCF3F00A0004040
:104D100070B594B004464C22B34901A8FBF785FB5B
:104D200014B9012014B070BDB0492068884203D185
:104D3000206800F580706060A068B0F5407F00D109
:104D400000BF206C00B100BFA06C00B100BF206D9F
:104D500000B100BF206E00B100BFD4E917100844B5
:104D600000B100BF94F8980028B9002084F8990099
:104D7000204600F03DF92068806920F0100021688D
:104D8000886100F021FC05460EE000F01DFC401B90
:104D90000A2809D99834606840F001006060032057
:104DA00004F898090120BDE72068806900F0080038
:104DB0000828EAD02068806940F0010021688861F5
:104DC00000F002FC05460EE000F0FEFB401B0A2846
:104DD00009D99834606840F001006060032004F84D
:104DE000980901209EE72068806900F001000028F2
:104DF000EAD02068806940F0020021688861207C48
:104E0000012806D12068806920F04000216888616F
:104E100005E02068806940F0400021688861607C7E
:104E2000012806D12068806940F4804021688861AB
:104E300005E02068806920F4804021688861A07CBA
:104E4000012806D12068806920F48050216888619B
:104E500005E02068806940F48050216888612068FE
:104E6000806920F44070A168084321688861206847
:104E7000806920F0A400216888612068006920F022
:104E8000100021680861E068012806D12068806967
:104E900040F004002168886120E0E068F0B1E0683B
:104EA000022815D02068806940F080002168886160
:104EB0002068006940F0100021680861E06803285C
:104EC0000CD12068806940F020002168886105E0ED
:104ED0002068806940F0200021688861207E401EA3
:104EE0004106E069401E41EA0020216A491E08434C
:104EF000A18A491E40EA01402168C861A068B0F556
:104F0000407F0FD1A06A401EE16A491E40EA01219C
:104F1000206B401E41EA0011A08C401E41EA004077
:104F20002168C860206E38B12068D0F8C000616E7A
:104F300008432168C1F8C000D4E91710084460B1E3
:104F40002068D0F8C80020F0070001AAA16E52F82E
:104F5000211008432168C1F8C800206C60B12068A6
:104F6000D0F8BC0020F0070001AA616C52F82110B3
:104F700008432168C1F8BC00A06C68B12068D0F873
:104F8000BC0020F0700101AAE06C52F8200041EA58
:104F900000102168C1F8BC00206D68B12068D0F80D
:104FA000BC0020F4E06101AA606D52F8200041EAE3
:104FB00000202168C1F8BC000C492068884205D156
:104FC0006068806820F0030061688860002044F811
:104FD000940FA06001202071943C2046FDF7AEFAAA
:104FE000064630469EE60000ACC4010800A0004022
:104FF00010B5B6B00446142130A8FBF73DFAB8212D
:1050000002A8FBF739FA80492068884250D14FF452
:1050100000410020CDE902101D9002A801F046FDDC
:1050200008B1FDF757FA79480068401C77490860D5
:105030000846006801280DD100BF7548006840F49B
:105040008070734908600846006800F48070019021
:1050500000BF00BF00BF6E480C38006840F0080079
:105060006B490C3908600846006800F008000190A0
:1050700000BF00BF0320309002203190002032900A
:1050800033900920349030A9624800F09FF9002243
:105090000521132000F050FB132000F039FB002203
:1050A0000521152000F048FB152000F031FBA9E098
:1050B00059492068884250D14FF400410020CDE981
:1050C00002101D9002A801F0F1FC08B1FDF702FAF0
:1050D0004E480068401C4D49086008460068012899
:1050E0000DD100BF4A48006840F48070484908600C
:1050F0000846006800F48070019000BF00BF00BF48
:1051000043480C38006840F0020041490C390860FF
:105110000846006800F00200019000BF00BF602058
:10512000309002203190002032903390092034904A
:1051300030A93A4800F04AF900220521142000F075
:10514000FBFA142000F0E4FA00220521162000F0FA
:10515000F3FA162000F0DCFA54E031492068884266
:1051600050D14FF400410020CDE902101D9002A85B
:1051700001F09CFC08B1FDF7ADF924480068401C23
:10518000224908600846006801280DD100BF204868
:10519000006840F480701E4908600846006800F40A
:1051A0008070019000BF00BF00BF19480C38006834
:1051B00040F0080016490C3908600846006800F005
:1051C0000800019000BF00BF4FF440503090022013
:1051D00031900020329033900520349030A90D4852
:1051E00000F0F4F8002205219F2000F0A5FA9F208E
:1051F00000F08EFA00220521A02000F09DFAA020E8
:1052000000F086FA36B010BD00A000401400002463
:10521000EC440258000C025800A40040000402585C
:1052200000D40040704700002DE9F0419AB080465C
:105230000F4607F0010010B91AB0BDE8F0814046F2
:10524000FBF7FEFC0646002E00DAF5E706EBC6008B
:1052500000EB4610214901EB800436E06B4610AAB2
:1052600040214046FFF768FA00B134E054F88C0F53
:10527000401C2060109860608C3C119820B91298F6
:1052800010B91398082800D01FE0002518E005EB9E
:10529000450054F820001099884210D1139AD3B2D7
:1052A00005EB450204EB82021099906805EB45027C
:1052B00004EB8202D2F804C06A46E04703E06D1CAA
:1052C000206EA842E3D800BF00BF40214046FFF750
:1052D00023FA0028C2D100BF00BFADE728A80020F4
:1052E0007047014691F8980001280CD1022081F8FE
:1052F00098000868806920F001000A689061002029
:10530000C1F89C007047D1F89C0040F00400C1F83F
:105310009C000120F6E70146002291F8980002283F
:1053200042D10868806940F001000B6898610CE088
:10533000322A09D99831486840F0010048600320BA
:1053400001F8980901207047521C0868806900F034
:1053500001000028ECD000220868806920F01000CD
:105360000B6898610CE0322A09D99831486840F0FE
:1053700001004860032001F898090120E3E7521C6E
:105380000868806900F008000828ECD00868806987
:1053900040F002000B6898610020C1F894000120E1
:1053A00081F898000020CEE7D1F89C0040F008007A
:1053B000C1F89C000120C6E77047704770477047EE
:1053C000704770477047704770477047F8B502469E
:1053D0000B4600216D4DD2E001278F401E6806EA82
:1053E0000704002C72D01E7906F00306012E04D0AB
:1053F0001E7906F00306022E13D190684F00032693
:10540000BE40B0434F00DE68BE40304390605068FD
:1054100001268E40B0431E79C6F300168E403043FD
:1054200050601E7906F00306032E09D0D0684F00A5
:105430000326BE40B0434F009E68BE403043D0605C
:105440001E7906F00306022E13D1CF0802F12006C2
:1054500056F827004E07F70E0F26BE40B0434F0701
:10546000FF0E1E69BE403043CF0802F1200646F809
:10547000270010684F000326BE40B0431E7906F097
:1054800003064F00BE40304310605E6806F44036AD
:10549000002E73D000BF3E4E366846F002063C4FE9
:1054A0003E603E46366806F00206009600BF00BF2A
:1054B000384E8F0856F827008E07370F0F26BE404C
:1054C000B043354EB24202D1002629E056E0334EB9
:1054D000B24201D1012623E0314EB24201D102266F
:1054E0001EE0304EB24201D1032619E02E4EB242E8
:1054F00001D1042614E02D4EB24201D105260FE061
:105500002B4EB24201D106260AE02A4EB24201D108
:10551000072605E0284EB24201D1092600E00A26FE
:105520008F073F0FBE4030431A4E8F0846F82700C2
:105530004FF0B0463068A0435E6806F4801606B1AE
:1055400020434FF0B04630607068A0435E6806F4B8
:10555000001606B120434FF0B04670606868A04363
:105560005E6806F4003606B1204368602868A043F0
:105570005E6806F4803606B120432860491C1E6828
:10558000CE40002E7FF428AFF8BD00008000005808
:10559000F44402580804005800000258000402585D
:1055A00000080258000C025800100258001402585B
:1055B00000180258001C0258002402580AB18161E8
:1055C00001E00B04836170470148006870470000E8
:1055D0001400002003480068034909780844014981
:1055E00008607047140000201C00002010B5032044
:1055F00000F0E0F802F0CEFA10490968C1F3032187
:105600000F4A515C01F01F0120FA01F40B480068B9
:1056100000F00F001146085C00F01F0024FA00F0B3
:1056200008490860084804600F2000F00FF808B12E
:10563000012010BD00F054F80020FAE71844025889
:1056400020C501087C0000247800002470B58AB0D1
:105650000446102C0AD200222146A12000F06CF84A
:10566000A12000F055F81948046002E001200AB0BA
:1056700070BD00BF1648006840F080701449086093
:105680000846006800F08070009000BF00BF01A9CC
:1056900002A802F0FFF902F06BFA45000D48B5FBD5
:1056A000F0F0461E0C480D49086040F2E7310B4807
:1056B000C160466000210161816003F0CBFB18B935
:1056C000064803F021FCD2E70120D0E718000020B3
:1056D000EC44025840420F0000E00040A8170020B0
:1056E00008B500BF0948006840F00200074908609B
:1056F0000846006800F00200009000BF00BF0022D2
:105700000F21901E00F018F808BD0000F444025864
:105710000146084600280DDB00BF00BF00F01F0354
:1057200001229A4043099B0003F1E023C3F80021C2
:1057300000BF00BF00BF70472DE9F05F80460D46F7
:1057400016460EF081FF074639462A46334601F0D9
:105750000700C0F1070ABAF1040F02D94FF0040A9A
:1057600001E0C0F1070AD14600F1040ABAF1070FBF
:1057700002D24FF0000A01E0A0F1030AD4464FF034
:10578000010A0AFA09FAAAF1010A0AEA020A0AFA5D
:105790000CFA4FF0010B0BFA0CFBABF1010B0BEA0F
:1057A000030B4AEA0B04214640460EF055FFBDE8C4
:1057B000F09F000000BF00F00702064B19684FF68B
:1057C000FF031940044B0B4343EA0221014B1960CC
:1057D00000BF70470CED00E00000FA0501460A68C2
:1057E0000120C1F8D804002081F8CC04906940F071
:1057F00000609061506D024B184350650020704767
:105800000300001070470246106841620020704794
:10581000F0B5034615461868446A21B944EA0540C4
:105820001E68B06219E01868806A04EB1044002218
:1058300008E0186800F5827050F8220004EB10446C
:10584000501CC2B2481E9042F3D844EA054718687B
:1058500000F582704E1E40F826700020F0BD10B595
:105860000446D4F8E0040DF01BF910BD70B50446F1
:105870000D4605EBC50304F1140101EB8301CA6871
:105880002946D4F8E0040DF006F870BD70B5044662
:105890000D4605EBC50304F5157101EB8301CA68DC
:1058A0002946D4F8E0040DF07AF870BD10B504462E
:1058B000D4F8E0040DF0F7F810BD2DE9F0410446EE
:1058C0000D4605F08000802808D105F00F0000EBA0
:1058D000C00104F1140000EB810607E005F00F00A1
:1058E00000EBC00104F5157000EB8106314620681D
:1058F0000EF02EFB07463846BDE8F08170B5044631
:105900000E4606F0800080280AD106F00F0000EB5A
:10591000C00104F1140000EB81050120687009E06A
:1059200006F00F0000EBC00104F5157000EB8105D7
:105930000020687006F00F00287000BF94F89404EF
:10594000012801D1022070BD012084F8940400BF19
:10595000294620680DF08EFE00BF002084F89404D4
:1059600000BF00BFEFE770B504460E4606F00F001B
:105970002179884201D9012070BD06F0800080287D
:105980000AD106F00F0000EBC00104F1140000EB97
:1059900081050120687009E006F00F0000EBC001EE
:1059A00004F5157000EB8105002068700020A870D8
:1059B00006F00F00287000BF94F89404012801D16C
:1059C0000220D9E7012084F8940400BF294620680A
:1059D0000EF04AF800BF002084F8940400BF00BF16
:1059E000CAE7024601F00F0000EBC00302F5157094
:1059F00000EB8300406970472DE9F04705460E46ED
:105A000090461F464FF0000906F0800080280AD11A
:105A100006F00F0000EBC00105F1140000EB81045B
:105A20000120607009E006F00F0000EBC00105F5F1
:105A3000157000EB81040020607006F00F002070EC
:105A4000C8F30A00A0602771607808B120786083ED
:105A5000022F01D10020607100BF95F89404012845
:105A600002D10220BDE8F087012085F8940400BF30
:105A7000214628680DF008FD00BF002085F8940439
:105A800000BF4846EEE72DE9F04105460E461746B1
:105A9000984606F00F0000EBC00105F5157000EB0D
:105AA0008104E760C4F8108000206061607006F037
:105AB0000F002070A879012800D1E761AA7921465A
:105AC00028680EF065F80020BDE8F08170B5044646
:105AD0000D4605F00F002179884201D9012070BDE3
:105AE00005F0800080280AD105F00F0000EBC0010E
:105AF00004F1140000EB81060120707007E005EB53
:105B0000C50104F5157000EB8106002070700120BE
:105B1000B07005F00F00307000BF94F894040128B5
:105B200001D10220DBE7012084F8940400BF314654
:105B300020680DF0E0FF05F00F0028B9A17904F20C
:105B40009C4220680DF058FF00BF002084F89404A8
:105B500000BF00BFC3E72DE9F04105460E461746DA
:105B6000984606F00F0000EBC00105F1140000EBB1
:105B70008104E760C4F8108000206061012060703B
:105B800006F00F002070A879012800D1E761AA79FA
:105B9000214628680DF0FCFF0020BDE8F0812DE9CA
:105BA000FE4F0446D4F800B05E4620680EF0B2FA0C
:105BB000002874D120680EF0ECFA08B9BDE8FE8F19
:105BC00040F608008059C0F30D20C4F8D4042068C2
:105BD0000EF0DFFA00F00200022805D120684069CB
:105BE00000F002002168486120680EF0D2FA00F04F
:105BF0001000102845D12068806920F0100021682D
:105C00008861DBF8209009F00F0000EBC00104F57B
:105C1000157000EB810AC9F3434002281AD147F6F8
:105C2000F07009EA000030B3C9F30A125846DAF8F6
:105C30000C100EF0B3FAC9F30A11DAF80C0008449C
:105C4000CAF80C00C9F30A11DAF814000844CAF8BB
:105C5000140010E0C9F3434006280CD1082204F2D6
:105C60009C4158460EF09AFAC9F30A11DAF814006A
:105C70000844CAF814002068806940F010002168C8
:105C8000886120680EF085FA00F40020B0F5002F3E
:105C90007BD1002520680EF04CFA029072E003E3FD
:105CA000029800F00100002868D0E9B220680EF0E8
:105CB00063FA804608F0010048B1012106F5306022
:105CC00000EB451081602946204607F0F1F908F005
:105CD0000800082809D1082106F5306000EB4510BE
:105CE00081602946204607F0B1F908F0100010281D
:105CF00005D1102106F5306000EB4510816008F0F9
:105D00000200022824D1DBF8140000F08000802873
:105D100007D140F60400805940F4806140F6040049
:105D2000815105EBC50104F5157000EB810A9AF865
:105D30000300012806D100208AF80300E9B22046BA
:105D400000F0BDFA022106F5306000EB45108160DD
:105D500008F02000202805D1202106F5306000EB56
:105D60004510816008F40050B0F5005F06D14FF493
:105D7000005106F5306000EB451081606D1C029803
:105D800040080290029800288AD120680EF001FA9B
:105D900000F48020B0F5802F7DD120680EF0BFF98F
:105DA000029000259AE0029800F00100002873D0CC
:105DB000E9B220680EF0C7F9804608F00100F0B3A0
:105DC00005F00F0101208840019040F63400815910
:105DD000019821EA000040F634018851012106F5BE
:105DE000106000EB45108160A079012824D105EBFB
:105DF000C50104F1140000EB810005EBC502C16888
:105E000004F1140000EB82008068014405EBC50238
:105E100004F1140000EB8200C1606DB905EBC5010F
:105E200004F1140000EB8100006928B904F29C42DF
:105E3000012120680DF0E0FDE9B2204600E001E01C
:105E4000FFF714FD08F00800082805D1082106F521
:105E5000106000EB4510816008F01000102805D19B
:105E6000102106F5106000EB4510816008F040003D
:105E7000402805D1402106F5106000EB45108160F7
:105E800008F0020002281DD1294658460EF005F9F7
:105E900005EBC50101E025E01CE004F1140000EB76
:105EA000810A9AF80300012806D100208AF803002D
:105EB000E9B2204600F0FAF9022106F5106000EB85
:105EC0004510816008F08000802803D129462046D3
:105ED00007F090F96D1C0298400802900298002883
:105EE0007FF461AF20680EF054F900F00040B0F18B
:105EF000004F1CD140F60400805920F0010140F60B
:105F00000400815194F8CC04012807D1002084F8C2
:105F1000CC0400212046FFF775FC02E0204600F08B
:105F2000D7FA2068406900F0004021684861206885
:105F30000EF02FF900F40060B0F5006F0ED140F6BE
:105F40000800805900F0010010B1204600F018FB55
:105F50002068406900F400602168486120680EF004
:105F600018F900F00060B0F1006F19D120684069A5
:105F700000F000602168486194F8CC0468B9012001
:105F800084F8CC042068406DC0F38300C4F8D004CA
:105F900001212046FFF736FC02E0204600F0F0FA2F
:105FA00020680EF0F6F800F48050B0F5805F7ED1E6
:105FB00040F60400805920F0010140F604008151B0
:105FC000102120680EF069F8002732E04FF67F318B
:105FD00006F5106000EB4710816006F5106000EBDD
:105FE0004710006820F4001106F5106000EB471020
:105FF00001604FF67F3106F5306000EB471081609D
:1060000006F5306000EB4710006820F4001106F53B
:10601000306000EB4710016006F5306000EB471080
:10602000006840F0006106F5306000EB4710016049
:106030007F1C2079B842C9D840F61C00805940F036
:10604000011140F61C008151E07B70B1D6F8840844
:1060500040F00B01C6F8841840F64400805940F027
:106060000B0140F6440081510FE040F614008059C6
:1060700042F22B01084340F614018851081F805951
:1060800040F00B014FF401608151D6F8000820F474
:10609000FE60C6F80008A17904F29C4220680DF069
:1060A000ABFC2068406900F48050216800E000E00B
:1060B000486120680EF06DF800F40050B0F5005F04
:1060C00017D120680DF048FA20680EF010F8E07142
:1060D00001F016FD0090E279206800990EF0E0F8DA
:1060E000204600F0DDF92068406900F40050216886
:1060F000486120680EF04DF800F00800082808D12B
:10610000204600F0ECF92068406900F008002168A2
:10611000486120680EF03DF800F08000802818D11A
:10612000DBF8180020F08000CBF8180001250DE006
:1061300005EBC50104F5157000EB8100C07801285E
:1061400003D1E9B22046FFF7B8FB6D1C2079A842C5
:10615000EED820680EF01DF800F48010B0F5801F16
:106160002DD1012522E006F5106000EB4510D0F896
:10617000009005EBC50104F1140000EB81000079EB
:10618000012812D109F00040B0F1004F0DD10121DA
:1061900005EBC50204F1140000EB8200C170E8B207
:1061A00040F080012046FFF788FB6D1C2079A84253
:1061B000D9D82068406900F48010216848612068BF
:1061C0000DF0E7FF00F40010B0F5001F44D10125E9
:1061D00038E006F5306000EB4510D0F8009005EB94
:1061E000C50104F5157000EB81000079012828D164
:1061F00009F00040B0F1004F23D194F8D40400F02E
:106200000100C9F3004188421BD1012105EBC50201
:1062100004F5157000EB8200C170DBF8180040F047
:106220008000CBF81800DBF8140000F0800040B9C3
:1062300040F60400805940F4007140F6040081519A
:1062400003E06D1C2079A842C3D800BF20684069D4
:1062500000F400102168486120680DF09AFF00F0FA
:106260008040B0F1804F08D12046FFF7F8FA20684F
:10627000406900F080402168486120680DF089FF86
:1062800000F0040004280FD12068D0F8049009F031
:106290000400042802D12046FFF708FB206840686C
:1062A00040EA09002168486000BF87E470B50446F1
:1062B0000D462946D4F8E0040CF066FC70BD70B5BC
:1062C00004460D462946D4F8E0040CF081FC70BD6C
:1062D00038B504460CB9012038BD94F8950428B9A6
:1062E000002084F89404204600F0A2F8032084F8EB
:1062F000950420680DF078FB207C8DF8000094E870
:106300000F000DF03DF920B1022084F89504012022
:10631000E2E7002120680DF071FF20B1022084F82F
:1063200095040120D8E7002531E0012105EBC502E5
:1063300004F1140000EB8200417005EBC50104F18B
:10634000140000F8215005EBC50100EB81004583E6
:10635000002105EBC50204F1140000EB820001717D
:1063600005EBC50204F1140000EB8200816005EB2F
:10637000C50204F1140000EB8200C16005EBC50208
:1063800004F1140000EB82000161681CC5B22079A1
:10639000A842CADC00252AE0002105EBC50204F56D
:1063A000157000EB8200417005EBC50104F5157016
:1063B00000F82150002105EBC50200EB82000171BD
:1063C00005EBC50204F5157000EB8200816005EB5A
:1063D000C50204F5157000EB8200C16005EBC50233
:1063E00004F5157000EB82000161681CC5B22079CC
:1063F000A842D1DC207C8DF8000094E80F000DF05D
:1064000003FA20B1022084F89504012064E70020FB
:106410006074012084F89504207B012802D1204675
:10642000FFF7DCF920680DF0DDF9002054E70000EB
:1064300010B5B0B00446B82102A8FAF71DF8164905
:106440002068884225D14FF480210020CDE9021038
:106450004FF44010239002A800F028FB08B1FCF78D
:1064600039F800F0D7F800BF0C48006840F0007021
:106470000A4908600846006800F00070019000BFFB
:1064800000BF002205214D20FFF756F94D20FFF7F0
:106490003FF930B010BD000000000440D84402585D
:1064A00070B504460125E07908B9002506E0E079D9
:1064B000022801D1012501E0FCF70CF82946D4F8A7
:1064C000E0040CF02EFCD4F8E0040CF0D5FB70BD19
:1064D00010B50446D4F8E0040CF004FC10BD10B56F
:1064E0000446D4F8E0040CF008FC10BD70B5044676
:1064F0000D4600BF94F89404012801D1022070BD1C
:10650000012084F8940400BF6574294620680DF0CA
:10651000A9FE00BF002084F8940400BF00BFEEE78E
:1065200010B5044604F29C41D4F8E0040CF010FCD1
:1065300010BD70B50446256800BF94F89404012886
:1065400001D1022070BD012084F8940400BFE868E6
:1065500000F0400030B1607B012803D1A86B40F40B
:106560008030A86320680DF069FD20680DF028F9DF
:1065700000BF002084F8940400BF00BFE2E70000E1
:1065800010B50446D4F8E0040CF03FFC2068D0F8C5
:10659000000E40F001002168C1F8000EE07A28B139
:1065A0000348006840F006000149086010BD000083
:1065B00010ED00E070B5044615480068C0F3800097
:1065C00048B91348006800F00700A04201D001203C
:1065D00070BD0020FCE70E48006820F00700204353
:1065E0000B490860FEF7F0FF054607E0FEF7ECFFF9
:1065F000401BB0F57A7F01D90120E9E7044808384B
:106600000068C0F340300028F0D00020E0E7000030
:106610000C4802580348006840F080700149086047
:10662000704700000C48025810B501F069FA05499E
:106630000968C1F30211044A515C01F01F01C8400E
:1066400010BD00002044025820C5010870B5014665
:10665000844D2D6805F00303824D2D68C5F3053088
:10666000804D2D1D2D68C5F300147E4D14352D6809
:10667000C5F3CC0515FB04F501EE105AB8EE411A2E
:10668000F0EE410A00286FD023B1012B4ED0022B2F
:106690006BD16BE0734D283D2D68C5F340153DB3BC
:1066A000704D283D2D68C5F3C1066F4D25FA06F2E1
:1066B00001EE102AF8EE411A01EE100AB8EE411A66
:1066C00081EE812A9FED691AC0EE811A654D103561
:1066D0002D68C5F3080501EE105AB8EE411A31EEE7
:1066E000811AF7EE001A31EE211A22EE010A1CE09F
:1066F00001EE100AB8EE411ADFED5D1A81EE812A33
:106700009FED5A1AC0EE811A564D10352D68C5F30B
:10671000080501EE105AB8EE411A31EE811AF7EE73
:10672000001A31EE211A22EE010A5BE001EE100A96
:10673000B8EE411ADFED4F1A81EE812A9FED4B1A18
:10674000C0EE811A474D10352D68C5F3080501EEDE
:10675000105AB8EE411A31EE811AF7EE001A31EEF6
:10676000211A22EE010A3DE077E01DE001EE100A59
:10677000B8EE411A9FED402AC2EE011A9FED3B1A76
:1067800080EE812A374D10352D68C5F3080501EEDE
:10679000105AB8EE411A32EE011AB7EE002A31EE65
:1067A000021A21EE810A1DE001EE100AB8EE411A2C
:1067B000DFED301A81EE812A9FED2C1AC0EE811A8E
:1067C000284D10352D68C5F3080501EE105AB8EEB6
:1067D000411A31EE811AF7EE001A31EE211A22EE3B
:1067E000010A00BF00BF1F4D10352D68C5F34625B7
:1067F00001EE105AB8EE411AF7EE001A31EE211AE6
:10680000C0EE011ABCEEE11A81ED001A154D1035EB
:106810002D68C5F3064501EE105AB8EE411AF7EEA1
:10682000001A31EE211AC0EE011ABCEEE11A81ED18
:10683000011A0C4D10352D68C5F3066501EE105A8E
:10684000B8EE411AF7EE001A31EE211AC0EE011A25
:10685000BCEEE11A81ED021A03E000250D604D60E7
:106860008D6070BD284402580090D003000000469F
:106870000024744C0024744A001BB74B70B50146C9
:10688000844D2D6805F00303824D2D68C5F3055036
:10689000804D2D1D2D68C5F300247E4D1C352D68BF
:1068A000C5F3CC0515FB04F501EE105AB8EE411AFC
:1068B000F0EE410A00286FD023B1012B4ED0022BFD
:1068C0006BD16BE0734D283D2D68C5F340153DB38A
:1068D000704D283D2D68C5F3C1066F4D25FA06F2AF
:1068E00001EE102AF8EE411A01EE100AB8EE411A34
:1068F00081EE812A9FED691AC0EE811A654D183527
:106900002D68C5F3080501EE105AB8EE411A31EEB4
:10691000811AF7EE001A31EE211A22EE010A1CE06C
:1069200001EE100AB8EE411ADFED5D1A81EE812A00
:106930009FED5A1AC0EE811A564D18352D68C5F3D1
:10694000080501EE105AB8EE411A31EE811AF7EE41
:10695000001A31EE211A22EE010A5BE001EE100A64
:10696000B8EE411ADFED4F1A81EE812A9FED4B1AE6
:10697000C0EE811A474D18352D68C5F3080501EEA4
:10698000105AB8EE411A31EE811AF7EE001A31EEC4
:10699000211A22EE010A3DE077E01DE001EE100A27
:1069A000B8EE411A9FED402AC2EE011A9FED3B1A44
:1069B00080EE812A374D18352D68C5F3080501EEA4
:1069C000105AB8EE411A32EE011AB7EE002A31EE33
:1069D000021A21EE810A1DE001EE100AB8EE411AFA
:1069E000DFED301A81EE812A9FED2C1AC0EE811A5C
:1069F000284D18352D68C5F3080501EE105AB8EE7C
:106A0000411A31EE811AF7EE001A31EE211A22EE08
:106A1000010A00BF00BF1F4D18352D68C5F346257C
:106A200001EE105AB8EE411AF7EE001A31EE211AB3
:106A3000C0EE011ABCEEE11A81ED001A154D1835B1
:106A40002D68C5F3064501EE105AB8EE411AF7EE6F
:106A5000001A31EE211AC0EE011ABCEEE11A81EDE6
:106A6000011A0C4D18352D68C5F3066501EE105A54
:106A7000B8EE411AF7EE001A31EE211AC0EE011AF3
:106A8000BCEEE11A81ED021A03E000250D604D60B5
:106A90008D6070BD284402580090D003000000466D
:106AA0000024744C0024744A001BB74B2DE9F041BC
:106AB00004460025A8464FF00062D4E900101140BA
:106AC0000020134659404040014331D1606E48B127
:106AD000B0F5801F0DD0B0F5001F11D0B0F5401FEC
:106AE00016D114E0FE48006840F40030FC4908600C
:106AF00010E0022104F1080006F01AFC054609E046
:106B0000022104F1280006F0C5FC054602E001E080
:106B1000012500BF00BF55B9F1482430006820F4BA
:106B20004010616E0843EE492431086000E0A84639
:106B30004FF48072D4E900101140002013465940F0
:106B4000404001432ED1A06D05281BD2DFE800F0A4
:106B5000030A11181900E248006840F40030E049C7
:106B6000086011E0002104F1080006F0E1FB054691
:106B70000AE0002104F1280006F08CFC054603E041
:106B800002E001E0012500BF00BF55B9D448243020
:106B9000006820F00700A16D0843D1492431086046
:106BA00000E0A8464FF48062D4E9001011400020B4
:106BB00013465940404001433DD1D4F8A400B0F5FC
:106BC000C00F24D007DC68B1B0F5001F11D0B0F5BC
:106BD000800F1FD114E0B0F5000F19D0B0F5200FD1
:106BE00018D116E0BE48006840F40030BC49086087
:106BF00012E0002104F1080006F09AFB05460BE0C4
:106C0000002104F1280006F045FC054604E003E0FD
:106C100002E001E0012500BF00BF5DB9B0482C30A3
:106C2000006820F46000D4F8A4100843AC492C316B
:106C3000086000E0A8464FF40062D4E9000110406B
:106C4000002113465840494008433DD1D4F8A800DC
:106C5000B0F1407F24D007DC68B1B0F1807F11D063
:106C6000B0F1007F1FD114E0B0F1806F19D0B0F106
:106C7000A06F18D116E09A48006840F40030984997
:106C8000086012E0002104F1080006F051FB0546FF
:106C90000BE0002104F1280006F0FCFB054604E0AF
:106CA00003E002E001E0012500BF00BF5DB98C48B0
:106CB0002C30006820F0E060D4F8A8100843884920
:106CC0002C31086000E0A8464FF00073D4E90010B2
:106CD0001940002059404040014328D1E06CA8B140
:106CE000102804D0202809D0302810D10DE07C488D
:106CF000006840F400307A4908600AE0022104F19B
:106D0000080006F015FB054603E002E001E001255E
:106D100000BF00BF55B972482030006820F0300035
:106D2000E16C08436E492031086000E0A8464FF44A
:106D30008053D4E9001019400020594040400143DD
:106D400037D1E06DB0F5005F1AD004DC50B1B0F57A
:106D5000805F1ED10DE0B0F5405F18D0B0F5804FD8
:106D600017D115E05E48006840F400305C490860C7
:106D700011E0002104F1080006F0DAFA05460AE005
:106D8000002104F1280006F085FB054603E002E03F
:106D900001E0012500BF00BF55B95148243000680B
:106DA00020F4E040E16D08434D492431086000E0E3
:106DB000A8464FF40053D4E9001019400020594070
:106DC0004040014335D1206EB0F5403F1ED007DC76
:106DD00068B1B0F5803F0BD0B0F5003F19D10EE09F
:106DE000B0F5802F13D0B0F5A02F12D110E012E033
:106DF000012104F1080006F09BFA05460BE0012191
:106E000004F1280006F046FB054604E003E002E03A
:106E100001E0012500BF00BF55B9314824300068AA
:106E200020F4E020216E08432D492431086000E061
:106E3000A8464FF48042D4E90001104000211346D7
:106E400058404940084337D1D4F8AC00B0F1405F16
:106E50001ED007DC68B1B0F1805F0BD0B0F1005FED
:106E600019D10EE0B0F1804F13D0B0F1A04F12D184
:106E700010E012E0012104F1080006F059FA05467D
:106E80000BE0012104F1280006F004FB054604E0B4
:106E900003E002E001E0012500BF00BF5DB910483A
:106EA0002C30006820F0E040D4F8AC1008430C49C6
:106EB0002C31086000E0A8464FF40043D4E90001FB
:106EC000184000215840494008432AD1E06EB8B12B
:106ED000B0F1805F06D0B0F1005F12D109E0000090
:106EE0002C440258F948006840F40030F749086023
:106EF00009E0012104F1080006F01AFA054602E053
:106F000001E0012500BF00BF55B9F04824300068FA
:106F100020F04050E16E0843EC492431086000E065
:106F2000A8464FF08073D4E9001019400020594062
:106F30004040014328D1A06CA8B1012804D0022808
:106F400009D0032810D10DE0E048006840F400307B
:106F5000DE4908600AE0022104F1080006F0E8F9C1
:106F6000054603E002E001E0012500BF00BF55B97E
:106F7000D6482030006820F00300A16C0843D349B4
:106F80002031086000E0A8464FF48003D4E90010E7
:106F9000194000205940404001437DD1CC48006851
:106FA00040F48070CA490860FEF70EFB064606E012
:106FB000FEF70AFB801B642801D9032505E0C448BD
:106FC000006800F480700028F2D000BF85BBBF4885
:106FD0004430006800F44070B4F8B01001F440711F
:106FE000884213D0B9484430006820F44077B7484D
:106FF0004430006840F48030B449443108600846A9
:10700000006820F48030086008460760D4F8B000BB
:10701000B0F5807F15D1FEF7D7FA064609E0FEF7F6
:10702000D3FA801B41F28831884202D9032507E058
:1070300038E0A64844300068C0F340000028EED095
:1070400000BF55BB00BFB4F8B00000F44070B0F50D
:10705000407F0ED19D481C38006820F47C519D4A29
:10706000D4F8B000104041EA101098491C3908606B
:1070700007E096481C38006820F47C5093491C397E
:107080000860924844300068B4F8B010C1F30B01B6
:1070900008438E49443101E005E001E0086002E068
:1070A000A84600E0A8460122D4E9000110400021D2
:1070B000134658404940084330D1A06F18281AD0D1
:1070C00005DC48B1082808D0102817D10CE020288A
:1070D00012D0282812D110E012E0012104F108009A
:1070E00006F026F905460BE0012104F1280006F020
:1070F000D1F9054604E003E002E001E0012500BF0C
:1071000000BF55B971482830006820F03800A16FE1
:1071100008436E492831086000E0A8460223D4E9FC
:1071200000101940002059404040014329D1606FB0
:10713000062816D2DFE800F003040B12131412E045
:10714000012104F1080006F0F3F805460BE00121E7
:1071500004F1280006F09EF9054604E003E002E091
:1071600001E0012500BF00BF55B95848283000682C
:1071700020F00700616F084354492831086000E09F
:10718000A8460422D4E900101140002013465940BB
:10719000404001432BD1D4F89000062816D2DFE8F6
:1071A00000F003040B12131412E0012104F1080093
:1071B00006F0BEF805460BE0012104F1280006F0B8
:1071C00069F9054604E003E002E001E0012500BFA3
:1071D00000BF5DB93D482C30006820F00700D4F8AE
:1071E0009010084339492C31086000E0A84620235C
:1071F000D4E900011840002158404940084337D1E4
:10720000D4F88C00B0F1405F1ED007DC68B1B0F15B
:10721000805F0BD0B0F1005F19D10EE0B0F1804F6C
:1072200013D0B0F1A04F12D110E012E0002104F110
:10723000080006F07DF805460BE0022104F1280065
:1072400006F028F9054604E003E002E001E001252C
:1072500000BF00BF5DB91D482830006820F0E04045
:10726000D4F88C10084319492831086000E0A8467A
:107270004023D4E900101940002059404040014308
:107280003CD1D4F89800B0F5406F25D007DC68B148
:10729000B0F5806F0BD0B0F5006F20D10EE0B0F5E7
:1072A000805F1AD0B0F5A05F19D117E019E0002176
:1072B00004F1080006F03CF8054612E0022104F152
:1072C000280006F0E7F805460BE000002C440258C1
:1072D00000480258FFFCFF0F03E002E001E0012537
:1072E00000BF00BF4DB9FE48006820F4E050D4F85C
:1072F00098100843FA49086000E0A8468023D4E9C2
:1073000000101940002059404040014335D1D4F8C5
:107310009C00B0F5C04F1ED007DC68B1B0F5005F2F
:107320000BD0B0F5804F19D10EE0B0F5004F13D05F
:10733000B0F5204F12D110E012E0002104F1080056
:1073400005F0F6FF05460BE0022104F1280006F0E7
:10735000A1F8054604E003E002E001E0012500BFDA
:1073600000BF4DB9DE48006820F46040D4F89C109E
:107370000843DB49086000E0A8460823D4E900017F
:107380001840002158404940084317D1D4F88000E4
:10739000B0F5805F07D1022104F1280006F07AF8E9
:1073A00008B14FF00108CE48001F006820F440509B
:1073B000D4F880100843CA49091F08601023D4E993
:1073C00000011840002158404940084315D1D4F825
:1073D0009400B0F5807F07D1022104F1280006F067
:1073E00059F808B14FF00108BD48006820F440701A
:1073F000D4F894100843BA4908604FF40023D4E944
:1074000000011840002158404940084327D1D4F8D2
:10741000A00030B1B0F5803F0AD0B0F5003F0FD1E9
:107420000DE0002104F1080005F082FF054609E0A7
:10743000022104F1280006F02DF8054602E001E0E3
:10744000012500BF00BF4DB9A548006820F44030B9
:10745000D4F8A0100843A249086000E0A8464FF401
:107460008023D4E9000118400021584049400843D6
:107470002DD1D4F88400B0F5801F06D0B0F5001FE0
:107480000CD0B0F5401F11D10FE095482C380068A2
:1074900040F4003092492C39086009E0012104F1E0
:1074A000280005F0F7FF054602E001E0012500BFD6
:1074B00000BF5DB98A48001F006820F44010D4F86E
:1074C000841008438649091F086000E0A8464FF46D
:1074D0008032D4E900011040002113465840494051
:1074E000084325D1206D18B1B0F5803F10D108E0D8
:1074F0007B482C38006840F4003079492C3908600A
:1075000008E0022104F1080005F012FF054601E041
:10751000012500BF00BF55B971480C38006820F440
:107520008030216D08436E490C39086000E0A846A0
:107530004FF00053D4E9001019400020594040405A
:10754000014307D1022104F1280005F0A3FF08B18F
:107550004FF001084FF40032D4E90001104000213F
:10756000134658404940084327D1E06FA0B1B0F519
:10757000807F06D0B0F5007F0CD0B0F5407F0CD1F5
:1075800009E057482C38006840F4003054492C3941
:10759000086004E003E002E001E0012500BF00BF55
:1075A00055B94F48001F006820F44070E16F084350
:1075B0004B49091F086000E0A8464FF48012D4E947
:1075C000001011400020134659404040014309D1AA
:1075D00043480838006820F00040216F08434049C4
:1075E000083908604FF40013D4E900011840002165
:1075F00058404940084309D139480838006820F00C
:107600008070A16E08433649083908604FF0804306
:10761000D4E900101940002059404040014311D1E5
:1076200000BF2F484838006820F400402C494839F2
:10763000086008460068D4F8B4100843284948395F
:10764000086000BF4FF00042D4E900011040002163
:10765000134658404940084309D121480C38006876
:1076600020F04050616D08431D490C3908604FF40B
:107670000002D4E900101140002013465940404058
:1076800001430AD11648001F006820F44000D4F8D6
:10769000881008431249091F086001220021606810
:1076A000104049405040014306D104F1080005F064
:1076B0003FFE054605B1A846022200216068104041
:1076C00049405040014307D1012104F1080005F071
:1076D0002FFE054605B1A84604230020616801E09D
:1076E000584402581940042240405140084307D1F1
:1076F000022104F1080005F01BFE054605B1A8466D
:107700000823002061681940082240405140084386
:1077100007D1002104F1280005F0BCFE054605B1A3
:10772000A8461023002061681940102240405140B3
:10773000084307D1012104F1280005F0ABFE0546FE
:1077400005B1A84620220021606810404940504001
:10775000014307D1022104F1280005F09BFE0546F4
:1077600005B1A846B8F1000F02D10020BDE8F081B4
:107770000120FBE72DE9F04104460D4614B9012034
:10778000BDE8F081BD48006800F00F00A8420ED2AD
:10779000BA48006820F00F002843B849086008463E
:1077A000006800F00F00A84201D00120E8E720782F
:1077B00000F0040004280ED1B1492069096801F0E5
:1077C0007001884207D9AE48006820F07000216936
:1077D0000843AB490860207800F00800082811D160
:1077E000A749091D6069096801F07001884209D93B
:1077F000A348001D006820F0700061690843A0499B
:10780000091D0860207800F01000102811D19C4953
:10781000091DA069096801F4E061884209D9984806
:10782000001D006820F4E060A16908439449091D27
:107830000860207800F02000202811D190490831FC
:10784000E069096801F07001884209D98C48083064
:10785000006820F07000E169084389490831086038
:10786000207800F0020002280ED18549E0680968FE
:1078700001F00F01884207D98148006820F00F000D
:10788000E16808437E490860207800F00100002884
:1078900050D07B48006820F47060A16808437849A4
:1078A00008606068022807D1754818380068C0F37E
:1078B0004040F8B9012063E76068032807D17048A9
:1078C00018380068C0F34060A0B9012058E760682C
:1078D000012807D16A4818380068C0F3002048B969
:1078E00001204DE7664818380068C0F3800008B9E9
:1078F000012045E762480838006820F00700616809
:1079000008435F4908390860FDF75EFE064608E057
:10791000FDF75AFE801B41F28831884201D90320CD
:107920002EE757480838006800F038006168B0EB6F
:10793000C10FEDD1207800F0020002280ED150498D
:10794000E068096801F00F01884207D24C480068DE
:1079500020F00F00E1680843494908604748006883
:1079600000F00F00A8420ED94448006820F00F0034
:107970002843424908600846006800F00F00A8420A
:1079800001D00120FCE6207800F0040004280ED18C
:107990003B492069096801F07001884207D23848E4
:1079A000006820F07000216908433549086020789C
:1079B00000F00800082811D13149091D60690968E3
:1079C00001F07001884209D22D48001D006820F0A6
:1079D0007000616908432A49091D0860207800F099
:1079E0001000102811D12649091DA069096801F469
:1079F000E061884209D22248001D006820F4E0605E
:107A0000A16908431E49091D0860207800F0200084
:107A1000202811D11A490831E069096801F0700184
:107A2000884209D216480830006820F07000E169E9
:107A3000084313490831086000F0ACF810490968A0
:107A4000C1F303210F4A515C01F01F0120FA01F735
:107A50000B48006800F00F001146085C00F01F00A2
:107A600027FA00F0084908600848076008480068DD
:107A7000FDF7ECFD8046404682E600000020005203
:107A80001844025820C501087C0000247800002416
:107A9000180000203F220260174A126802F0070215
:107AA0004260154A0832126802F470628260124A1B
:107AB0000832126802F00F02C2600F4A08321268E0
:107AC00002F0700202610C4A0C32126802F070027D
:107AD0004261094A0C32126802F4E0628261064A8D
:107AE0001032126802F07002C261044A126802F099
:107AF0000F020A6070470000104402580020005234
:107B000010B500F047F80D490968C1F303210C4A8C
:107B1000515C01F01F0120FA01F40848006800F0F0
:107B20000F001146085C00F01F0024FA00F0054920
:107B30000860054804600846006810BD18440258F3
:107B400020C501087C0000247800002400B5FFF760
:107B5000D7FF05490968C1F30211044A515C01F0DD
:107B60001F01C84000BD00001C44025820C5010888
:107B700000B5FFF7C5FF05490968C1F30221044AB2
:107B8000515C01F01F01C84000BD00001C440258B8
:107B900020C50108F0B5824E366806F0380636B1C9
:107BA000082E15D0102E15D0182E7DD114E07C4E45
:107BB000103E3668C6F3401646B1794E103E366820
:107BC000C6F3C107774E26FA07F000E07548E5E0F6
:107BD0007548E3E07548E1E0714E1836366806F006
:107BE00003046F4E18363668C6F305116C4E1C360A
:107BF000366806F001056A4E24363668C6F3CC06B0
:107C000016FB05F601EE106AB8EE410A002971D0A4
:107C100024B1012C50D0022C6DD16DE0604E103E8D
:107C20003668C6F340163EB35D4E103E3668C6F366
:107C3000C1075C4E26FA07F301EE103AF8EE411A3E
:107C400001EE101AB8EE411A81EE812A9FED581A02
:107C5000C0EE011A524E20363668C6F3080601EE11
:107C6000106AB8EE411A31EE811AF7EE001A31EEC1
:107C7000211A62EE010A1EE001EE101AB8EE411A56
:107C8000DFED4C1A81EE812A9FED491AC0EE011AF0
:107C9000434E20363668C6F3080601EE106AB8EE89
:107CA000411A31EE811A00E076E0F7EE001A31EE6B
:107CB000211A62EE010A5BE001EE101AB8EE411AD9
:107CC0009FED3D2AC2EE011A9FED391A80EE012A7E
:107CD000334E20363668C6F3080601EE106AB8EE59
:107CE000411A32EE011AB7EE002A31EE021A61EEA5
:107CF000810A3DE04EE01DE001EE101AB8EE411A97
:107D0000DFED2E1A81EE812A9FED291AC0EE011AAD
:107D1000234E20363668C6F3080601EE106AB8EE28
:107D2000411A31EE811AF7EE001A31EE211A62EE95
:107D3000010A1DE001EE101AB8EE411A9FED1E2A4D
:107D4000C2EE011A9FED1A1A80EE012A144E203657
:107D50003668C6F3080601EE106AB8EE411A32EE34
:107D6000011AB7EE002A31EE021A61EE810A00BF55
:107D700000BF0B4E20363668C6F34626721C01EE55
:107D8000102AB8EE411AC0EE811ABCEEE11A11EECB
:107D9000100A00E0002001E0034800BF00BFF0BD72
:107DA000104402580090D00300093D0000366E01D7
:107DB000000000460024744C0024744A001BB74B9A
:107DC00070B586B006460C4615463EBB00BF284837
:107DD000006840F00100264908600846006800F08D
:107DE0000100009000BF00BF4FF48070019002209E
:107DF00002900320049000200390059001A91D48E3
:107E0000FDF7E4FA1A48D038006820F0FE7044EA22
:107E1000050108431649D039086026E000BF144820
:107E2000006840F00400124908600846006800F04D
:107E30000400009000BF00BF4FF4007001900220CA
:107E400002900320049000200390059001A90A48A5
:107E5000FDF7BCFA0648D038006820F07E4044EABE
:107E6000C51108430249D039086006B070BD000052
:107E7000E044025800000258000802582DE9F0477B
:107E8000044614B90120BDE8F087207800F0010015
:107E9000002870D0F948006800F03808F74818301A
:107EA000D0F80090B8F1100F06D0B8F1180F0FD12C
:107EB00009F0030002280BD1F04810380068C0F325
:107EC000404000286AD06068002867D10120DAE7C6
:107ED00000BF6068B0F5803F08D1E84810380068FE
:107EE00040F48030E549103908602EE0606868B9D8
:107EF000E2481038006820F48030E049103908600A
:107F00000846006820F4802008601EE06068B0F534
:107F1000A02F0DD1D9481038006840F48020D749EF
:107F2000103908600846006840F4803008600CE0B2
:107F3000D2481038006820F48030D04910390860E9
:107F40000846006820F48020086000BF606898B18F
:107F5000FDF73AFB054606E0FDF736FB401B6428BB
:107F600001D903208FE7C54810380068C0F34040AE
:107F70000028F1D012E012E0FDF726FB054606E0EE
:107F8000FDF722FB401B642801D903207BE7BB4897
:107F900010380068C0F340400028F1D100BF2078BD
:107FA00000F00200022879D1B448006800F03808D7
:107FB000B2481830D0F80090B8F1000F05D0B8F1F1
:107FC000180F35D109F0030088BBAC4810380068A1
:107FD000C0F3800018B1E06808B9012053E7A74852
:107FE0001038006820F01900E1680843A3491039EF
:107FF0000860FDF7E9FA054606E0FDF7E5FA401BE3
:10800000022801D903203EE79C4810380068C0F3DD
:1080100080000028F1D099480C38006820F0FE401C
:10802000217C40EA016095490C39086045E0FFE792
:10803000E06838B391481038006820F01900E16812
:1080400008438E4910390860FDF7BEFA054606E080
:10805000FDF7BAFA401B022801D9032013E787482D
:1080600010380068C0F380000028F1D083480C3835
:10807000006820F0FE40217C40EA01607F490C3915
:1080800008601AE07D481038006820F001007B4944
:1080900010390860FDF798FA054607E00EE0FDF795
:1080A00093FA401B022801D90320ECE673481038EC
:1080B0000068C0F380000028F1D100BF207800F0F4
:1080C000100010286FD16D48006800F038086B4828
:1080D0001830D0F80090B8F1080F06D0B8F1180F9A
:1080E0001CD109F00300012818D164481038006839
:1080F000C0F3002020B1E069802801D00120C2E651
:1081000000BF5E48001F006820F07C5094F82010EB
:1081100040EA01605949091F086043E0E06938B34B
:1081200056481038006840F0800054491039086003
:10813000FDF74AFA054606E0FDF746FA401B02281D
:1081400001D903209FE64D4810380068C0F3002095
:108150000028F1D000BF4948001F006820F07C5083
:1081600094F8201040EA01604449091F086019E0B2
:1081700042481038006820F08000404910390860FB
:10818000FDF722FA054606E0FDF71EFA401B02281D
:1081900001D9032077E6394810380068C0F3002081
:1081A0000028F1D100BF207800F00800082836D15F
:1081B0006069D0B131486430006840F001002F4957
:1081C00064310860FDF700FA054606E0FDF7FCF9AA
:1081D000401B022801D9032055E628486430006876
:1081E000C0F340000028F1D019E024486430006852
:1081F00020F00100214964310860FDF7E5F90546EA
:1082000006E0FDF7E1F9401B022801D903203AE618
:108210001A4864300068C0F340000028F1D120788B
:1082200000F02000202838D1A069D0B113481038C0
:10823000006840F48050114910390860FDF7C4F916
:10824000054606E0FDF7C0F9401B022801D90320CE
:1082500019E60A4810380068C0F340300028F1D011
:108260001BE006481038006820F48050034910399C
:108270000860FDF7A9F9054609E00000104402581E
:10828000FDF7A2F9401B022801D90320FBE5D048E5
:108290000068C0F340300028F2D1207800F00400DC
:1082A00004287DD1CB48006840F48070C94908603B
:1082B000FDF78AF9054606E0FDF786F9401B6428BC
:1082C00001D90320DFE5C348006800F4807000286E
:1082D000F2D000BFA068012808D1BD487030006806
:1082E00040F00100BA49703108602DE0A06868B91B
:1082F000B7487030006820F00100B549703108605F
:108300000846006820F0040008601DE0A068052809
:108310000DD1AF487030006840F00400AC497031B6
:1083200008600846006840F0010008600CE0A848BA
:108330007030006820F00100A549703108600846DF
:10834000006820F00400086000BFA068A0B1FDF73D
:108350003BF9054608E0FDF737F9401B41F288314B
:10836000884201D903208EE5994870300068C0F337
:1083700040000028EFD013E0FDF726F9054608E09D
:10838000FDF722F9401B41F28831884201D90320D0
:1083900079E58F4870300068C0F340000028EFD1C5
:1083A000606A00287DD08A481030006800F03800EC
:1083B000182877D0606A022875D18548006820F0B7
:1083C000807083490860FDF7FFF8054606E0FDF779
:1083D000FBF8401B022801D9032054E57C480068C3
:1083E000C0F340600028F2D100BFD4E90A1041EA8E
:1083F000001077492831096840F2F332914308436D
:10840000734928310860208E401EC0F30800616B5C
:10841000491E4FF47E4202EA41210843218F491E42
:10842000D20102EA014108433C21095D491E1202C2
:1084300002EA0161084366493031086000BF081F45
:10844000006820F00100091F0860614834300068AE
:108450004FF6F8718843A16C40EAC1005C493431A1
:1084600008605B482C30006820F00C00216C084349
:1084700057492C3108600846006820F00200616C02
:10848000084353492C3108600846006840F48030A6
:1084900008600846006840F400300860084600683C
:1084A00002E092E038E01FE040F4802008600846D7
:1084B000006840F0010008604548006840F08070A6
:1084C00043490860FDF780F8054606E0FDF77CF8B3
:1084D000401B022801D90320D5E43D480068C0F3C1
:1084E00040600028F2D070E03948006820F08070C9
:1084F00037490860FDF768F8054606E0FDF764F8BF
:10850000401B022801D90320BDE431480068C0F3B4
:1085100040600028F2D158E02D48283007682C48E8
:1085200030300668606A012821D007F00301A06A94
:1085300081421CD1C7F30511E06A884217D1C6F306
:108540000801206B401E814211D1606B401EC6F3B2
:10855000462188420BD1A06B401EC6F306418842DB
:1085600005D1E06B401EC6F30661884201D00120B0
:1085700089E4174834300068C0F3CC07A06CB842D7
:1085800023D013482C30006820F0010010492C3112
:108590000860FDF719F8054600BFFDF715F8401B08
:1085A000FBD00B48343000684FF6F8718843A16C5B
:1085B00040EAC10006493431086005482C300068A3
:1085C00040F0010002492C31086000205BE400000B
:1085D000004402580048025870B504460CB9012006
:1085E00070BD606A00B900BF0021A16263492068C4
:1085F00088420CD062492068884208D061492068CE
:10860000884204D0E0680F2801D90120E8E720461D
:1086100007F0E5FE054659492068884209D05849C7
:108620002068884205D057492068884201D0082D2B
:108630000DD852492068884207D0514920688842A5
:1086400003D050492068884203D1102D01D9012060
:10865000C6E794F8810028B9002084F880002046FD
:1086600000F092F8022084F881002068006820F071
:108670000100216808602068806800F4F816A0698D
:10868000B0F1806F11D16068B0F5800F01D1A06B9F
:1086900028B1606848B9A06BB0F1805F05D120684F
:1086A000006840F4805021680860606800F4800031
:1086B000B0F5800F0BD1E068072808D32068006868
:1086C00020F48070216D08432168086005E020686F
:1086D000006820F4807021680860A16AE06908439E
:1086E0003043E16B0843E168084321688860616AB0
:1086F000606B0843A16B0843A169084321690843E3
:1087000061690843216A084361680843E16C0843D2
:10871000A1680843A16C0843A16D08432168C860A3
:10872000606878B92068806820F4C05040F4006028
:10873000216888602068806820F4C06040F4806010
:10874000216888602068006D20F0010021680865BC
:10875000606800F48000B0F5800F07D12068C06821
:1087600020F00040616D08432168C8600020C4F813
:108770008400012084F88100002031E700300140AE
:1087800000380040003C004010B5B6B0044614214B
:1087900030A8F7F771FEB82102A8F7F76DFE8649F9
:1087A0002068884252D181140020CDE9021019902E
:1087B00002A8FEF77BF908B1F9F78CFE00BF7F48ED
:1087C000006840F480507D4908600846006800F465
:1087D0008050019000BF00BF00BF7848103800688B
:1087E00040F008007549103908600846006800F03C
:1087F0000800019000BF00BF00BF0846006840F0BD
:10880000020008600846006800F00200019000BF06
:1088100000BF802030900220319000203290032051
:1088200033900520349030A96548FCF7CFFD08202F
:1088300030900220319000203290032033900520A8
:10884000349030A95F48FCF7C1FDB3E05E49206871
:10885000884255D181140020CDE90210199002A858
:10886000FEF724F908B1F9F735FE00BF5348083880
:10887000006840F4804051490839086008460068A3
:1088800000F48040019000BF00BF00BF4B4810388B
:10889000006840F004004949103908600846006843
:1088A00000F00400019000BF00BF00BF0846006850
:1088B00040F0020008600846006800F002000190E5
:1088C00000BF00BF0620309002203190002032907F
:1088D000032033900520349030A93C48FCF776FD06
:1088E0004FF400503090022031900020329003204D
:1088F00033900520349030A93248FCF767FD59E0E9
:1089000033492068884255D14FF480410020CDE999
:1089100002104FF0A0402D9002A8FEF7C7F808B152
:10892000F9F7D8FD00BF2548001D006840F0200081
:108930002249091D08600846006800F020000190E7
:1089400000BF00BF00BF1D481038006840F00100A4
:108950001A49103908600846006800F001000190CB
:1089600000BF00BF00BF0846006840F00400086078
:108970000846006800F00400019000BF00BF80209E
:1089800030900220319000203290339008203490B3
:1089900030A91048FCF71AFD4FF4805030900220A7
:1089A00031900020329033900520349030A9074850
:1089B000FCF70CFD36B010BD00300140F044025809
:1089C000000C025800040258003800400008025809
:1089D00000140058000002582DE9F8430446884668
:1089E00016461D46206800F12009FCF7EDFD0746FC
:1089F00094F88100012802D00220BDE8F883B8F184
:108A0000000F00D00EB90120F7E700BF94F88000F6
:108A1000012801D10220F0E7012084F8800000BF86
:108A200003205C3484F825000020A062C4F8008094
:108A3000A680E680A060A081E081A06160615C3CCE
:108A4000A068B0F5C02F06D12068006840F400602F
:108A50002168086007E02068C06820F4C02040F466
:108A600000302168C860206840686FF30F00304311
:108A7000216848602068006840F0010021680860B3
:108A80006068B0F5800F05D12068006840F4007080
:108A900021680860E0680F2833D92DE0206840691C
:108AA00000F0020002280CD1E06D00682168086225
:108AB000E06D001DE065B4F86200401EA4F862009D
:108AC0001AE0FCF781FDC01BA84201D3681C00B965
:108AD00095B9204607F018FCD4F8840040F4807063
:108AE000C4F88400012084F8810000BF002084F8CD
:108AF000800000BF032080E7B4F862000028CDD1D9
:108B0000A4E0E068072846D940E02068406900F00A
:108B1000020002281FD1B4F8620001280ED9E06BD0
:108B200060B1E06D006821680862E06D001DE065DD
:108B3000B4F86200801EA4F8620027E0E06D0088AF
:108B4000A9F80000E06D801CE065B4F86200401EEA
:108B5000A4F862001AE0FCF737FDC01BA84201D35D
:108B6000681C00B995B9204607F0CEFBD4F8840004
:108B700040F48070C4F88400012084F8810000BFB4
:108B8000002084F8800000BF032036E7B4F86200BC
:108B90000028BAD15AE055E02068406900F0020090
:108BA000022834D1B4F8620003280FD9E06B4028C2
:108BB0000CD9E06D006821680862E06D001DE06579
:108BC000B4F86200001FA4F862003BE0B4F8620051
:108BD00001280ED9E06B60B1E06D0088A9F80000B3
:108BE000E06D801CE065B4F86200801EA4F86200AD
:108BF00028E0E06D0078216881F82000E06D401CDD
:108C0000E065B4F86200401EA4F862001AE0FCF7C8
:108C1000DBFCC01BA84201D3681C00B995B92046F3
:108C200007F072FBD4F8840040F48070C4F884002C
:108C3000012084F8810000BF002084F8800000BF7C
:108C40000320DAE6B4F862000028A5D12B46002202
:108C500008212046009707F0CFFB28B1D4F8840004
:108C600040F02000C4F88400204607F04DFB0120AE
:108C700084F8810000BF002084F8800000BFD4F891
:108C8000840008B10120B8E60020B6E6034A126865
:108C900082430A43014B1A607047000004040058E5
:108CA000704770477047000010B50346002200BFB0
:108CB00093F83C00012801D1022010BD012083F867
:108CC0003C0000BF22F0FF00CC6840EA040222F41E
:108CD00040708C6840EA040222F480604C6840EAEC
:108CE000040222F400600C6840EA040222F480507E
:108CF0000C6940EA040222F400504C6940EA040284
:108D000022F480400C6B40EA040222F470200C8BA9
:108D100040EA044222F08050CC6940EA0402124C3E
:108D20001868A04203D0114C1868A04213D122F455
:108D300070000C8D40EA045222F080700C6A40EA08
:108D4000040222F000704C6A40EA040222F0005053
:108D5000CC6A40EA04021868426400BF002083F82D
:108D60003C0000BF00BFA8E7000001400004014034
:108D700030B502460B4600BF92F83C00012801D1F5
:108D8000022030BD012082F83C0000BF022082F8A2
:108D90003D001068416810688468254D1068A8423D
:108DA00003D0244D1068A84203D121F47001586803
:108DB000014321F0700118680143106841601C4DA7
:108DC0001068A84223D01068B0F1804F1FD01A4D10
:108DD0001068A8421BD0194D1068A84217D0184D32
:108DE0001068A84213D0134D1068A8420FD0154D3B
:108DF0001068A8420BD0144D1068A84207D0134D3C
:108E00001068A84203D0124D1068A84205D124F082
:108E100080049868044310688460012082F83D0053
:108E200000BF002082F83C0000BF00BFA9E700009F
:108E30000000014000040140000400400008004020
:108E4000000C0040001800400040014000E00040DD
:108E500000E4004010B504460CB9012010BD94F8A0
:108E60003D0028B9002084F83C00204600F02AF894
:108E7000022084F83D00211D206807F0F5FB012049
:108E800084F8480000BF84F83E0001213F200155CE
:108E900040200155412001554220015543200155F4
:108EA00000BF00BF012084F8440045200155462042
:108EB00001554720015500BF012084F83D000020E6
:108EC000CCE7000038B504460D492068884215D12A
:108ED00000BF0C48006840F010000A4908600846CE
:108EE000006800F01000009000BF00BF00220521C4
:108EF0003620FCF721FC3620FCF70AFC38BD0000C8
:108F000000100040E8440258014691F83D00012855
:108F100001D001207047022081F83D000868C06838
:108F200040F001000B68D860204B0868984223D0BD
:108F30000868B0F1804F1FD01D4B086898421BD0C5
:108F40001C4B0868984217D01B4B0868984213D0F6
:108F50001A4B086898420FD0194B086898420BD0FA
:108F6000184B0868984207D0174B0868984203D0FE
:108F7000164B0868984210D108688068144B00EAC4
:108F80000302062A0FD0B2F5803F0CD008680068B3
:108F900040F001000B68186005E00868006840F0C8
:108FA00001000B6818600020B4E7000000000140D9
:108FB0000004004000080040000C00400004014094
:108FC000001800400040014000E0004000E4004084
:108FD00007000100704770B504462068C668206825
:108FE000056905F00200022819D106F002000228E6
:108FF00015D1401F21680861012020772068806911
:1090000000F0030018B12046FFF7E4FF05E020461A
:1090100000F046F9204600F08BFA0020207705F09A
:109020000400042819D106F00400042815D1C04317
:1090300021680861022020772068806900F4407070
:1090400018B12046FFF7C6FF05E0204600F028F9DA
:10905000204600F06DFA0020207705F0080008286F
:1090600019D106F00800082815D1C043216808610D
:10907000042020772068C06900F0030018B1204662
:10908000FFF7A8FF05E0204600F00AF9204600F0AF
:109090004FFA0020207705F01000102819D106F0B3
:1090A0001000102815D1C0432168086108202077DE
:1090B0002068C06900F4407018B12046FFF78AFFAD
:1090C00005E0204600F0ECF8204600F031FA0020E0
:1090D000207705F0010048B106F0010030B16FF0D3
:1090E000010021680861204600F024FA05F08000A4
:1090F000802804D005F40050B0F5005F0AD106F0D6
:109100008000802806D16FF4025021680861204653
:10911000FFF7C7FD05F48070B0F5807F0AD106F037
:109120008000802806D16FF4807021680861204695
:10913000FFF7B6FD05F04000402809D106F04000D9
:10914000402805D1C04321680861204600F00EFA8E
:1091500005F02000202809D106F02000202805D1A4
:10916000C043216808612046FFF79CFD70BD0000E8
:1091700010B586B00446142101A8F7F77DF94149DE
:10918000206888421CD100BF3F48006840F01000B2
:109190003D4908600846006800F01000009000BFDC
:1091A00000BF4FF40850019002200290002003906D
:1091B00004900120059001A93448FCF707F95EE00E
:1091C0002068B0F1804F1BD100BF2F48006840F0ED
:1091D00001002D4908600846006800F00100009079
:1091E00000BF00BF052001900220029000200390E4
:1091F00004900120059001A92548FCF7E7F83EE01E
:109200002449206888421AD100BF1F48006840F0F6
:1092100002001D4908600846006800F00200009046
:1092200000BF00BF02200190029000200390049034
:109230000220059001A91848FCF7C8F81FE017495B
:10924000206888421BD100BF0F48006840F0020030
:109250000D4908600846006800F00200009000BF59
:1092600000BF4FF4004001900220029000200390C4
:1092700004900220059001A90748FCF7A7F806B062
:1092800010BD000000000140E044025800100258E8
:10929000000002580004004000040258001800407A
:1092A00070472DE9F04104460D461646002700BFE1
:1092B00094F83C00012802D10220BDE8F081012091
:1092C00084F83C0000BF0C2E51D005DC4EB1042EBA
:1092D0001ED0082E7AD133E0102E60D0142EF9D192
:1092E00075E02946206807F033FA2068806940F06D
:1092F0000800216888612068806920F004002168E6
:10930000886120688069296908432168886178E05C
:109310002946206807F072FA2068806940F40060EE
:10932000216888612068806920F4806021688861F4
:1093300020688069296940EA01202168886160E02D
:109340002946206807F0B4FA2068C06940F0080098
:109350002168C8612068C06920F004002168C861E4
:109360002068C069296908432168C86149E0294625
:10937000206807F0F7FA2068C06940F400602168AF
:10938000C8612068C06920F480602168C8612068D5
:10939000C069296940EA01202168C86131E0294695
:1093A000206807F019FB2068406D40F00800216834
:1093B00048652068406D20F00400216848652068F9
:1093C000406D29690843216848651AE017E029467D
:1093D000206807F039FB2068406D40F40060216888
:1093E00048652068406D20F48060216848652068E9
:1093F000406D296940EA01202168486501E00127A4
:1094000000BF00BF00BF002084F83C0000BF38460A
:1094100053E710B504460CB9012010BD94F83D0087
:1094200028B9002084F83C00204600F029F80220EA
:1094300084F83D00211D206807F016F9012084F80A
:10944000480000BF84F83E0001213F200155402024
:10945000015541200155422001554320015500BFCF
:1094600000BF012084F844004520015546200155E5
:109470004720015500BF012084F83D000020CCE7C3
:1094800008B5274A016891420DD100BF25490968F6
:1094900041F00101234A11601146096801F0010100
:1094A000009100BF3BE00168B1F1804F0FD100BFD8
:1094B0001C490839096841F001011A4A083A11604B
:1094C0001146096801F00101009100BF27E0164A2A
:1094D000016891420FD100BF12490839096841F073
:1094E0000201104A083A11601146096801F00201B0
:1094F000009100BF13E00D4A016891420FD100BFF7
:1095000008490839096841F04001064A083A1160E3
:109510001146096801F04001009100BF00BF08BD7D
:1095200000000140F04402580004004000180040D0
:109530007047000010B5044609492068884207D1E9
:1095400003F0E2FC074800680FF058FB03F0DCFE74
:1095500005492068884201D1FCF73CF810BD0000A5
:1095600000100040B000002000E0004070470146BD
:1095700000BF91F88400012801D10220704701202A
:1095800081F8840000BF2420C1F8880008680268C0
:109590000868006820F001000B68186022F0005293
:1095A00000204866086802602020C1F8880000BFDB
:1095B000002081F8840000BF00BFDFE770477047DC
:1095C00070B504460D4600BF94F88400012801D10F
:1095D000022070BD012084F8840000BF2420C4F85C
:1095E0008800206806682068006820F00100216873
:1095F00008602068806820F06060284321688860E7
:10960000204607F075FA206806602020C4F888001C
:1096100000BF002084F8840000BF00BFD9E770B508
:1096200004460D4600BF94F88400012801D10220B1
:1096300070BD012084F8840000BF2420C4F8880095
:10964000206806682068006820F001002168086032
:109650002068806820F060402843216888602046A8
:1096600007F046FA206806602020C4F8880000BF92
:10967000002084F8840000BF00BFD9E7704770471E
:10968000704700002DE9F04704462068C56920684E
:1096900006682068876840F60F0005EA0009B9F1FE
:1096A000000F0FD105F0200060B106F0200010B9C6
:1096B00007F0805030B1606F10B12046616F88476D
:1096C000BDE8F087B9F1000F7ED0F848384018B9EE
:1096D000F74830400028F7D005F0010058B106F4F3
:1096E000807040B1012021680862D4F8900040F0F9
:1096F0000100C4F8900005F0020058B107F0010025
:1097000040B1022021680862D4F8900040F00400C3
:10971000C4F8900005F0040058B107F0010040B112
:10972000042021680862D4F8900040F00200C4F8D8
:10973000900005F0080070B106F0200010B9DB4879
:10974000384040B1082021680862D4F8900040F009
:109750000800C4F8900005F4006060B106F0806075
:1097600048B14FF4006021680862D4F8900040F0DE
:109770002000C4F89000D4F89000002852D005F0E2
:10978000200050B106F0200010B907F0805020B141
:10979000606F10B12046616F8847D4F890A02068B0
:1097A000806800F04000402802D00AF0280070B322
:1097B000204607F08FFB2068806800F040004028BA
:1097C00026D100BF00BF00E02DE02168083151E83C
:1097D000001F21F040002168083141E80002002A02
:1097E000F1D100BFD4F8800068B1B248D4F880103D
:1097F0000865D4F88000F9F7A7FA98B1D4F880008A
:10980000016D88470EE02046FFF73AFF0AE003E0CB
:109810002046FFF735FF05E02046FFF731FF002027
:10982000C4F890004CE7E06E01287DD105F01000EF
:10983000002879D006F010000028FAD01020216806
:1098400008622068806800F0400040286DD1D4F89C
:1098500080000068984988426BD0D4F88000006886
:1098600095491831884264D0D4F880000068924944
:10987000303188425DD0D4F8800000688E4948318C
:10988000884256D0D4F8800000688B496031884205
:109890004FD0D4F88000006887497831884248D09A
:1098A000D4F88000006884499031884241D0D4F8CF
:1098B000800000688049A83188423AD0D4F88000FE
:1098C00000687E49884234D0D4F8800000687B4923
:1098D000183188422DD0D4F88000006877493031A3
:1098E000884226D0D4F88000006874494831884204
:1098F0001FD0D4F88000006870496031884218D0C9
:10990000D4F8800000686D497831884211D0D4F8CD
:10991000800000686949903188420AD0D4F88000FC
:1099200000686649A83102E0CAE07BE001E08842B5
:1099300004D1D4F880000068406803E0D4F88000C7
:10994000006840681FFA80F8B8F1000F58D0B4F8EA
:109950005C00404554DDA4F85E80D4F88000C06906
:10996000B0F5807F40D000BF00BF216851E8001FE4
:1099700021F48070226842E800010029F5D100BF7F
:1099800000BF00BF2168083151E8001F21F001002D
:109990002168083141E80002002AF3D100BF00BF6E
:1099A00000BF2168083151E8001F21F04000216804
:1099B000083141E80002002AF3D100BF2020C4F89A
:1099C0008C000020E06600BF00BF216851E8001F46
:1099D00021F01000226842E800010029F5D100BF03
:1099E000D4F88000F8F742FF02202067B4F85C004A
:1099F000B4F85E20801A81B22046FFF7DFFD10E048
:109A0000B4F85C0040450CD1D4F88000C069B0F5D2
:109A1000807F06D102202067B4F85C102046FFF753
:109A2000CDFD4DE634F85C0F6188401A1FFA80F8CE
:109A300060885C3CC8B3B8F1000F36D000BF00BFEF
:109A4000216851E8001F21F49070226842E800016B
:109A50000029F5D100BF00BF00BF2168083151E8DF
:109A6000001F124AD24301EA02002168083141E88E
:109A70000002002AF1D100BF2020C4F88C00002091
:109A8000E066606700BF00BF216851E8001F21F059
:109A90001000226842E800010029F5D100BF022031
:109AA000206741462046FFF789FD09E601000010C6
:109AB000200100042B0D0108100002401004024098
:109AC00005F4801050B107F4800038B14FF48010D5
:109AD000216808622046FFF7D2FDF1E505F080001D
:109AE00058B106F0800010B907F4000028B1A06F4B
:109AF00010B12046A16F8847E2E505F0400030B183
:109B000006F0400018B1204607F01AFAD8E505F42F
:109B1000000030B106F0804018B12046FFF7AEFDDE
:109B2000CEE505F0807030B106F0004018B1204657
:109B3000FFF745FDC4E500BFC2E510B504460CB90A
:109B4000012010BDA06900B100E000BFD4F888007A
:109B500028B9002084F88400204600F02BF8242047
:109B6000C4F888002068006820F0010021680860BF
:109B7000A06A10B1204606F0E7FF204607F00EFC71
:109B8000012800D1DDE72068406820F4904021687A
:109B900048602068806820F02A002168886020687A
:109BA000006840F0010021680860204607F048F88E
:109BB000C7E7000010B5B6B00446142130A8F6F788
:109BC0005BFCB82102A8F6F757FCFB4920688842E5
:109BD0007ED102210020CDE902101F9002A8FCF7DF
:109BE00065FF08B1F8F776FC00BFF448006840F064
:109BF0008040F24908600846006800F0804001900B
:109C000000BF00BF00BFED480838006840F01000FA
:109C1000EA49083908600846006800F01000019021
:109C200000BF00BF4FF4C070309002203190002080
:109C3000329033900720349030A9E148FBF7C6FBFF
:109C4000E048E1490860502048604021DE488160DA
:109C50000021C1604FF48061016100214161816197
:109C60004FF48071C161002101624162F9F7B4FFD4
:109C700008B1F8F72FFC00BFD348E067846300BF4A
:109C8000D0481830D14908604F2048600021CF48A3
:109C90008160C1604FF48061016100214161816197
:109CA0004FF48071C161002101624162F9F794FFB4
:109CB00008B1F8F70FFC00BFC448C4F88000846303
:109CC00000BF002205215220FBF736FD522000E0A4
:109CD00002E0FBF71DFD6DE1BD49206888427ED1A1
:109CE00002210020CDE902101F9002A8FCF7DEFE41
:109CF00008B1F8F7EFFB00BFB048006840F0004043
:109D0000AE4908600846006800F00040019000BFBE
:109D100000BF00BFA9480838006840F01000A749FC
:109D2000083908600846006800F01000019000BF84
:109D300000BF0320309002203190002032903390F9
:109D40000820349030A99E48FBF740FB9D486030C6
:109D5000A04908605120486000219E488160C16090
:109D60004FF4806101610021416181614FF4807194
:109D7000C161002101624162F9F72EFF08B1F8F7D5
:109D8000A9FB00BF9348C4F88000846300BF8D48DE
:109D90009030914908605220486040218E4881608F
:109DA0000021C1604FF48061016100214161816146
:109DB000C16101624162F9F70FFF08B1F8F78AFB50
:109DC00000BF8548E067846300BF0022052153205F
:109DD000FBF7B2FC5320FBF79BFCEBE0FFE77F496E
:109DE0002068884262D101210020CDE90210209034
:109DF00002A8FCF75BFE08B1F8F76CFB00BF6F48E8
:109E00000830006840F040006C490831086008469E
:109E1000006800F04000019000BF00BF00BF67482D
:109E20000838006840F008006449083908600846AE
:109E3000006800F00800019000BF00BF4FF44040F0
:109E40003090022031900020329033900B203490DB
:109E500030A96348FBF7BAFA5A48483061490860AC
:109E60007420486000215F488160C1604FF48061C8
:109E700001610021416181614FF48071C161002164
:109E800001624162F9F7A8FE08B1F8F723FB00BFB1
:109E90005448C4F88000846300BF002205219B2041
:109EA000FBF74AFC9B20FBF733FC83E04E4920681C
:109EB00088427FD101210020CDE90210209002A824
:109EC000FCF7F4FD08B1F8F705FB00BF3B4808308C
:109ED000006840F010003949083108600846006801
:109EE00000F01000019000BF00BF00BF33480838E9
:109EF000006840F0010031490839086008460068F0
:109F000000F00100019000BF00BF4FF4C06030902E
:109F1000022031900020329033900720349030A9F5
:109F20003248FBF753FA274830303149086029207E
:109F3000486000212E488160C1604FF4806101615A
:109F40000021416181614FF48071C1610021016292
:109F50004162F9F741FE08B1F8F7BCFA00BF2448A6
:109F6000C4F88000846300BF164878302149086037
:109F70002A20486040211F4881600021C1604FF4C1
:109F800080610161002141618161C16101624162C1
:109F9000F9F722FE08B1F8F79DFA00BF1548E0670F
:109FA000846300BF002205212520FBF7C5FB252087
:109FB000FBF7AEFB36B010BD00780040E844025815
:109FC0000010025828000240B40B00242C0C00247E
:109FD000007C0040A40C00241C0D0024001801404B
:109FE000000C0258940D002400100140000002589B
:109FF0000C0E0024840E002470B504460D4616464F
:10A00000D4F88C00202821D105B10EB9012070BDF3
:10A010000020E0660E492068884211D02068406820
:10A0200000F4000060B100BF00BF216851E8001FCC
:10A0300041F08060226842E800010029F5D100BFAC
:10A0400032462946204607F0BDFCE0E70220DEE765
:10A05000000C00587047704770B504460E46154610
:10A06000D4F8880020283FD106B10DB9012070BD79
:10A0700044F8506FA580E580002020642120A06373
:10A08000E06A503CE0B11948E16FC8631848E16FDD
:10A0900008641848E16FC8640020E16F0865236810
:10A0A00003F128022B46216DE06FFAF71FF838B153
:10A0B0001020C4F890002020C4F888000120D6E7C2
:10A0C00040202168086200BF00BF2168083151E8C4
:10A0D000001F41F080002168083141E80002002A99
:10A0E000F3D100BF0020C2E70220C0E7710E0108D3
:10A0F000C50E01083F0D01087047704710B517E005
:10A1000011F8014B80EA042000230FE000F4004422
:10A110002CB141F2210484EA4004A4B203E04FF6DA
:10A12000FF7404EA400420465C1CE3B2082BEDD324
:10A13000131EA2F10104A2B2E2D110BD08B50020A5
:10A140008023034A03490090034807F00FF808BD35
:10A150002C0C002464090024201B002410B50B489B
:10A1600090F8380070B1FBF72FFA0849C96B401A14
:10A17000642807D90020054981F8380040210348A8
:10A18000F6F77AF9014890F8380010BD441600241B
:10A190002DE9F043A1B0802201A9354807F0D0F89D
:10A1A00081460024002534E001A8405D5A2804D1EE
:10A1B00001A9681C085CA52800D028E001A9A81CFA
:10A1C000095C01AAE81C105C41EA00264C2E00D074
:10A1D0001DE001A8411904220020FFF78FFF074668
:10A1E00001AAA81D11184C223846FFF787FF074621
:10A1F00001A9281D095C01AA681D105C41EA00281C
:10A20000474500D003E001A9A81D0C1805E0681C13
:10A2100085B205F152004845C6D900BF14B921B036
:10A22000BDE8F083206B13490860606B4860A06B49
:10A230008860A0698861E069C861206A0862E06896
:10A24000C8602069086160694861E06B4862206C01
:10A250008862606CC862A06C0863A06848630120D3
:10A2600081F83800FBF7B0F90249C86300BFD6E7B0
:10A27000201B00244416002410B504464022024945
:10A280002046F6F7D2F810BD4416002400BFFEE7C2
:10A290002DE9F04104464FF03C0CB4FBFCFC0CF003
:10A2A000FF074FF03C0CB4FBFCF80CFB184CCCEB5C
:10A2B0000C2C4FF03C08BCFBF8FC0CF0FF063046C1
:10A2C000C6F1FF05052F36D2DFE807F0030D172191
:10A2D0002B004FF0FF0C81F800C010704FF0000C05
:10A2E00083F800C031E00D704FF0FF0C82F800C021
:10A2F0004FF0000C83F800C027E04FF0000C81F80D
:10A3000000C04FF0FF0C82F800C018701DE04FF045
:10A31000000C81F800C015704FF0FF0C83F800C0EE
:10A3200013E008704FF0000C82F800C04FF0FF0CF3
:10A3300083F800C009E04FF0FF0C81F800C04FF037
:10A34000000C82F800C01D7000BF00BFBDE8F081A6
:10A3500030B50B46002100BF16E00A24B4EB107F95
:10A3600005D9302404EB107403F8114005E04124B2
:10A3700004EB10740A3C03F81140000100254C0066
:10A38000641C1D554C1CE1B29142E6DB30BD80EDF2
:10A39000000AC0ED010A80ED021AC0ED031A80ED3B
:10A3A000042A7047F0EE401AB0EE602A90ED000AE1
:10A3B00001EE810A80ED000A90ED010AD0ED022A3B
:10A3C00030EE220A80ED010A90ED010AD0ED042A58
:10A3D000B4EEE20AF1EE10FA03DD90ED040A80ED2E
:10A3E000010A90ED010AD0ED032A30EE220AD0EDE9
:10A3F000012AC2EE800A90ED000AD0ED002A72EE2A
:10A40000622A00EEA20A80ED000AB7EE000A30EEE2
:10A41000600AD0ED012A20EE220A80ED010A90EDBB
:10A42000000A704710B52DED0E8B044694ED000A1E
:10A43000F0EE409A94ED010AF0EE408A94ED020AA3
:10A44000B0EE409A94ED030AB0EE408A29EE090A74
:10A4500008EE080AF7EE000AB0EE001A41EE400AD4
:10A46000F0EE60AA28EE890A09EEC80AF0EE000AAA
:10A4700020EE200AF0EE40BA28EE880A09EE890A9A
:10A48000F0EE000A20EE200AB0EE40CA28EE890A5B
:10A4900009EE880AF0EE000A20EE200AB0EE40AA8B
:10A4A00028EEA80A08EE080AF7EE000AB0EE001A35
:10A4B00041EE400AF0EE60CA29EE080A09EEE80A09
:10A4C000F0EE000A20EE200AB0EE40DA94ED0D0A1C
:10A4D00020EE2A0AD4ED0E0A0BEEA00AD4ED0F0AE4
:10A4E0000CEE200AF0EE40DA94ED0D0A20EE0A0A96
:10A4F000D4ED0E0A0CEEA00AD4ED0F0A0DEE200AE0
:10A50000B0EE40EA6AEEAA0A4AEE0A0AB0EE600A23
:10A510000AF05EFDB0EE40BA9FED0B0AB4EEC0BA91
:10A52000F1EE10FA04D29FED090ABDEC0E8B10BDBE
:10A530002DEEAA0A0EEE0A0AC0EE0B0A9FED040ADF
:10A5400020EE800AF1E700006F12833A000000005D
:10A55000C3F51C4170B52DED048BA8B00446D4EDB5
:10A560004A0AB0EE600A9FED821ADFED820A0CF013
:10A5700060FFF0EE408AD4ED4B0AB0EE600A9FED2A
:10A580007C1ADFED7C0A0CF054FFB0EE409AD4ED5B
:10A590004C0A78EEE00AB0EE600A0DF06FF9DFEDDC
:10A5A000760AB4EEE00AF1EE10FA0EDCD4ED4D0AB4
:10A5B00079EE600AB0EE600A0DF060F9DFED6E0A28
:10A5C000B4EEE00AF1EE10FA27DD6846F0EE490A33
:10A5D000B0EE680A00F064F9002618E0002512E0E9
:10A5E00006EB8500694601EB800090ED000A06EB62
:10A5F000860104F1880000EBC10000EB850080EDCE
:10A60000000A681CC5B20A2DEADB701CC6B2042E13
:10A61000E4DBC4ED4C8A84ED4D9A0026A1E09FED69
:10A62000570AB0EE408A00255BE0022D24D1544841
:10A630004079E0B104F1280000EB8500D0ED000A7C
:10A6400004EB850090ED001A70EEC10AB0EE600ACE
:10A6500001F036F806EB860104F1880000EBC1003A
:10A6600000EB8500D0ED000A20EE200A01E09FED0E
:10A67000430AF0EE409A27E0032D02D1404880794A
:10A6800018B13DB93E48C07920B99FED3C0AF0EEC3
:10A69000409A19E006EB860104F1880000EBC10046
:10A6A00000EB850090ED000A04F1280000EB850026
:10A6B000D0ED000A04EB850090ED001A70EEC10A9F
:10A6C00020EE200AF0EE409A2EB904F1600000EB73
:10A6D0008500C0ED009A38EE290AB0EE408A681C69
:10A6E000C5B20A2DA1DB18EE100AC0F3C751FF292D
:10A6F00001D0012100E0002119B99FED200AB0EE40
:10A70000408A0EB1012E15D11D4890ED070AB0EE1A
:10A71000401A90ED070AB1EE400AF0EE400AB0EEA2
:10A72000480A0CF086FE04F1500000EB860080ED34
:10A73000000A14E0124890ED080AB0EE401A90EDBD
:10A74000080AB1EE400AF0EE400AB0EE480A0CF0FA
:10A7500070FE04F1500000EB860080ED000A701CD2
:10A76000C6B2042EFFF65BAF28B0BDEC048B70BD03
:10A770001F856B3EB81E053E6F12033A00000000B5
:10A78000E41D002403469FED0E0A83ED550A9FED5C
:10A790000C0A83ED560A93ED020A83ED590A9FEDE8
:10A7A000090A83ED5A0A9FED070A83ED570A012033
:10A7B00083F860019FED030A83ED000A70470000F3
:10A7C000295C0F3E0000000010B504464FF4CE7126
:10A7D0002046F5F751FEBFEE000A2A4880ED000A38
:10A7E00001202849087148718871C871B1EE040AC6
:10A7F000084680ED020AB7EE000A80ED030ABFEEBC
:10A80000000A80ED040A9FED200A80ED050A012070
:10A810000876487688761D48006890ED030A084659
:10A8200080ED070A1948006890ED080A084680ED97
:10A83000080ABFEE000A84ED4C0ABFEE000A84ED60
:10A840004D0A9FED130A04F5B87001F063FD9FED0A
:10A85000100A04F5BC7001F05DFD9FED0D0A04F5D2
:10A86000C07001F057FDB6EE002ADFED0A1A9FED29
:10A870000A1ADFED0A0A9FED040A04F5C470FFF717
:10A8800086FD10BDE41D0024000000007CCE010800
:10A890009A99993E0AD7233C4260E53BCDCCCC3D0A
:10A8A00060EE002AB0EE621A60EEA02AF0EE621AA4
:10A8B00060EE202AB0EE622ADFEDFD2A9FEDFD3A20
:10A8C00043EE002A9FEDFC3A43EE602A9FEDFB3AEF
:10A8D00043EE412A9FEDFA3A43EE422A9FEDF93AC0
:10A8E00043EE212AC0ED002ADFEDF12A9FEDF23A76
:10A8F00043EE402A9FEDEF3A43EE202A9FEDF13AD6
:10A9000043EE012A9FEDEE3A43EE422A9FEDEB3AE9
:10A9100043EE612AC0ED012ADFEDEB2A9FEDEB3A11
:10A9200043EE402A9FEDEA3A43EE602A9FEDE93A72
:10A9300043EE012A9FEDE83A43EE022A9FEDE73A03
:10A9400043EE212AC0ED022ADFEDDF2A9FEDE03A37
:10A9500043EE402A9FEDDD3A43EE602A9FEDDF3A59
:10A9600043EE012A9FEDDC3A43EE022A9FEDD93AED
:10A9700043EE212AC0ED032ADFEDD92A9FEDD93A13
:10A9800043EE002A9FEDD83A43EE602A9FEDD73A76
:10A9900043EE412A9FEDD63A43EE022A9FEDD53A87
:10A9A00043EE212AC0ED042ADFEDCD2A9FEDCE3AF9
:10A9B00043EE402A9FEDCB3A43EE202A9FEDCD3A5D
:10A9C00043EE012A9FEDCA3A43EE022A9FEDC73AB1
:10A9D00043EE612AC0ED052ADFEDC72A9FEDC73A95
:10A9E00043EE402A9FEDC63A43EE602A9FEDC53AFA
:10A9F00043EE012A9FEDC43A43EE022A9FEDC33A8B
:10AA000043EE212AC0ED062ADFEDBB2A9FEDBC3ABA
:10AA100043EE402A9FEDB93A43EE602A9FEDBB3AE0
:10AA200043EE012A9FEDB83A43EE022A9FEDB53A74
:10AA300043EE212AC0ED072ADFEDB52A9FEDB53A96
:10AA400043EE402A9FEDB43A43EE202A9FEDB33AFD
:10AA500043EE012A9FEDB23A43EE022A9FEDB13A4E
:10AA600043EE612AC0ED082ADFEDAF2A9FEDAA3A36
:10AA700043EE402A9FEDA73A43EE202A9FEDA93AE4
:10AA800043EE012A9FEDA63A43EE422A9FEDA33AF8
:10AA900043EE612AC0ED092ADFEDA42A9FEDA43A16
:10AAA00043EE002A9FEDA33A43EE202A9FEDA23AFF
:10AAB00043EE412A9FEDA13A43EE022A9FEDA03AD0
:10AAC00043EE612AC0ED0A2ADFED9E2A9FED993AF6
:10AAD00043EE402A9FED963A43EE602A9FED983A66
:10AAE00043EE012A9FED953A43EE422A9FED923ABA
:10AAF00043EE212AC0ED0B2ADFED932A9FED933A16
:10AB000043EE402A9FED923A43EE202A9FED913A80
:10AB100043EE012A9FED903A43EE022A9FED8F3AD1
:10AB200043EE612AC0ED0C2ADFED8D2A9FED883AB5
:10AB300043EE402A9FED853A43EE202A9FED873A67
:10AB400043EE012A9FED843A43EE422A9FED813A7B
:10AB500043EE612AC0ED0D2ADFED822A9FED823A95
:10AB600043EE002A9FED813A43EE202A9FED803A82
:10AB700043EE412A9FED7F3A43EE022A9FED7E3A53
:10AB800043EE612AC0ED0E2ADFED7C2A9FED773A75
:10AB900043EE402A9FED743A43EE602A9FED763AE9
:10ABA00043EE012A9FED733A43EE422A9FED703A3D
:10ABB00043EE212AC0ED0F2ADFED712A9FED713A95
:10ABC00043EE402A9FED703A43EE202A9FED6F3A04
:10ABD00043EE012A9FED6E3A43EE022A9FED6D3A55
:10ABE00043EE612AC0ED102ADFED6B2A9FED6B3A30
:10ABF00043EE402A9FED6A3A43EE202A9FED693AE0
:10AC000043EE012A9FED683A43EE422A9FED673AF0
:10AC100043EE612AC0ED112ADFED652A9FED653A0A
:10AC200043EE002A9FED643A43EE202A9FED633AFB
:10AC300043EE012A9FED623A43EE022A9FED613A0C
:10AC400043EE612AC0ED122ADFED5F2A9FED5F3AE5
:10AC500043EE402A9FED5E3A43EE602A9FED5D3A57
:10AC600043EE012A9FED5C3A43EE422A9FED5B3AA8
:10AC700043EE212AC0ED132ADFED592A9FED593A00
:10AC800043EE402A9FED583A43EE602A9FED573A33
:10AC900043EE012A9FED563A43EE022A9FED553AC4
:10ACA00043EE612AC0ED142ADFED532AA6E000002E
:10ACB0006A5D81BF69FBE03FE3A8514002421F404B
:10ACC0006334BD3D0C6CBF40941705408CBA8D4079
:10ACD000810A3141CCA6DB40589A2B419FC51C41CB
:10ACE0002D1059BF93FC9F3F533D2B406F80034075
:10ACF0004E0E713DD6D88840C622CD3F290732403E
:10AD00001AC20F419BACBE403CD10241230BD24042
:10AD100019089ABEA854BC3E98232D3FF5B1383F80
:10AD20003F659B3E1617C03F19089A3E44850E3E6C
:10AD30004E4C873FC56F893F98B632401CF5CD3FDA
:10AD4000E7BE1F4044850EBEDC6293BE24FDCA3EB2
:10AD50005533343FA4BB413F8E499F3E2193C13FB1
:10AD6000DC62933E8493F53D9809923F2F068D3F18
:10AD7000CC153840474CD93F56841D408493F5BDCF
:10AD800018D27CBF7320D940956C19405C4EC740E7
:10AD90007FD51C411FDCB8404A5381BF561966411C
:10ADA000BF0A69405C769941FFA64B3F03B7C0409C
:10ADB0003D0EBB40026C16405DB0C33F0F13B74061
:10ADC000A3FC0342F08D1441E007953FDB9AE54177
:10ADD0001ED3EB405628EC41F33AD04143C78B4198
:10ADE0003B908BBC7547863FE4B6193E11D9633E54
:10ADF00085BC933F7994A63DF18757BD9FEDE33A1B
:10AE000043EE402A9FEDE23A43EE202A9FEDE13ADD
:10AE100043EE012A9FEDE03A43EE022A9FEDDF3A2E
:10AE200043EE612AC0ED152ADFEDDD2A9FEDDD3A04
:10AE300043EE402A9FEDDC3A43EE602A9FEDDB3A79
:10AE400043EE012A9FEDDA3A43EE022A9FEDD93A0A
:10AE500043EE612AC0ED162ADFEDD72A9FEDD73ADF
:10AE600043EE402A9FEDD63A43EE602A9FEDD53A55
:10AE700043EE412A9FEDD43A43EE422A9FEDD33A66
:10AE800043EE212AC0ED172A5FED3D2A1FED3C3A23
:10AE900043EE002A1FED3F3A43EE602A1FED3D3A94
:10AEA00043EE412A1FED403A43EE422A1FED433A5A
:10AEB00043EE212AC0ED182A5FED4F2A1FED4E3ACE
:10AEC00043EE002A1FED513A43EE602A1FED4F3A40
:10AED00043EE412A1FED523A43EE022A1FED553A46
:10AEE00043EE212AC0ED192A5FED492A1FED483AA9
:10AEF00043EE402A1FED4B3A43EE602A1FED493ADC
:10AF000043EE012A1FED4C3A43EE422A1FED4F3A21
:10AF100043EE212AC0ED1A2A5FED5B2A1FED5A3A53
:10AF200043EE002A1FED5D3A43EE202A1FED5B3A07
:10AF300043EE412A1FED5E3A43EE022A1FED613ACD
:10AF400043EE212AC0ED1B2A5FED552A9FED903A72
:10AF500043EE002A9FED8D3A43EE602A9FED8F3A33
:10AF600043EE412A9FED8C3A43EE022A9FED893A47
:10AF700043EE212AC0ED1C2A5FED672A1FED663AD9
:10AF800043EE402A1FED693A43EE602A1FED673A0F
:10AF900043EE412A1FED6A3A43EE022A1FED6D3A55
:10AFA00043EE212AC0ED1D2ADFED832A9FED843A6E
:10AFB00043EE402A9FED813A43EE602A9FED833AAB
:10AFC00043EE012A9FED803A43EE422A9FED7D3AFF
:10AFD00043EE612AC0ED1E2ADFED712A9FED723A21
:10AFE00043EE402A9FED6F3A43EE602A9FED713A9F
:10AFF00043EE412A9FED6E3A43EE022A9FED6B3AF3
:10B0000043EE212AC0ED1F2ADFED712A9FED713A30
:10B0100043EE002A9FED703A43EE202A9FED6F3AEF
:10B0200043EE412A9FED6E3A43EE422A9FED6D3A80
:10B0300043EE612AC0ED202ADFED652A9FED663AD6
:10B0400043EE002A9FED633A43EE202A9FED653AD6
:10B0500043EE412A9FED623A43EE422A9FED5F3A6A
:10B0600043EE612AC0ED212ADFED5F2A9FED5F3AB2
:10B0700043EE402A9FED5E3A43EE202A9FED5D3A73
:10B0800043EE012A9FED5C3A43EE022A9FED5B3AC4
:10B0900043EE612AC0ED222ADFED532A9FED543A98
:10B0A00043EE002A9FED513A43EE602A9FED533A5A
:10B0B00043EE412A9FED503A43EE022A9FED4D3A6E
:10B0C00043EE212AC0ED232ADFED4D2A9FED4D3AB4
:10B0D00043EE002A9FED4C3A43EE202A9FED4B3A77
:10B0E00043EE412A9FED4A3A43EE422A9FED493A08
:10B0F00043EE612AC0ED242ADFED412A9FED423A5A
:10B1000043EE002A9FED3F3A43EE202A9FED413A5D
:10B1100043EE412A9FED3E3A43EE422A9FED3B3AF1
:10B1200043EE612AC0ED252ADFED3B2A9FED3B3A35
:10B1300043EE402A9FED3A3A43EE202A9FED393AFA
:10B1400043EE012A9FED383A43EE022A9FED373A4B
:10B1500043EE612AC0ED262ADFED2F2A9FED303A1B
:10B1600043EE002A9FED2D3A43EE602A9FED2F3AE1
:10B1700043EE412A9FED2C3A43EE022A9FED293AF5
:10B1800043EE212AC0ED272A704700009C26D23FBB
:10B19000E9DD453E0A35193F62A60F3F8FE4043FC3
:10B1A0004707233FCB40823F64D3003F547BAE40F0
:10B1B000CC922B401644943E3BD7263E03BB0D4019
:10B1C0005F1CBD3C4AE1623FD92D55409DF3903F45
:10B1D000025B0BC09558944097EEA24065AED040FC
:10B1E000C2BE4F40C90CB84029A69CBFE529BA4150
:10B1F0002768904079161D4248CE7240BA70B2401E
:10B20000BD06A3BEE6481E3F79BF713FB5F3793F47
:10B21000E7A1743ECC0CAE3F3D8094BE77388340AE
:10B22000B5B4913FC0B8F3406525B53DA24DD63FBA
:10B2300070B504460D461048006890ED140A84ED80
:10B24000000A0D48006890ED150A85ED000AD4ED5E
:10B25000000AB0EE600ADFED090A09F0A7FD84EDEF
:10B26000000AD5ED000AB0EE600ADFED050A09F02C
:10B27000C1FD85ED000A70BD7CCE0108B81E053EFB
:10B280001F856B3E2DE9F0412DED048B84B0044603
:10B290000D4616461F46B0EE409ADDF83880002075
:10B2A00084F8400125B11EB117B1B8F1000F05D1E6
:10B2B000002004B0BDEC048BBDE8F08195F840009F
:10B2C00028B196F8790010B197F8790008B90020F4
:10B2D000EFE796ED090A84ED4A0A97ED090A84ED35
:10B2E0004B0AD5ED078AD5ED0B0AB0EE600A04F5DE
:10B2F000BC7001F019F8B0EE408A95ED080A84EDB3
:10B300005B0A96ED0A0AB1EE400A30EE280A84ED97
:10B31000040A96ED0D0AB1EE400A30EE080A84EDFB
:10B32000050A97ED0A0AB1EE400A30EE280A84EDCC
:10B33000060A97ED0D0AB1EE400A30EE080A84EDD8
:10B34000070AC4ED088A84ED098A95ED090A84ED9F
:10B35000020AD5ED0C0AB0EE600A04F5C07000F0E8
:10B36000E3FF84ED030A98ED000A7048D0ED000A6F
:10B3700096ED0D1A00EE810AD0ED040A00EE880A5F
:10B380008DED020A98ED010AD0ED000A97ED0D1A35
:10B3900000EE810AD0ED040A00EE880A8DED030A62
:10B3A0009DED020A84ED4E0A9DED030A84ED4F0ADD
:10B3B000D4ED040AB0EE600A09F056FBD6ED090A96
:10B3C00094ED051A60EE810A60EE209A9DED020A66
:10B3D00057480068D0ED040A40EE209AD4ED040AE4
:10B3E000B0EE600A09F02AFDD6ED0C0A40EE809A14
:10B3F000CDED009AD4ED060AB0EE600A09F034FBF8
:10B40000D7ED090A94ED071A60EE810A60EE209AE2
:10B410009DED030A46480068D0ED040A40EE209AEC
:10B42000D4ED060AB0EE600A09F008FDD7ED0C0A6B
:10B4300040EE809ACDED019A9DED000ADDED010A06
:10B4400030EE200AF6EE000A20EE200A84ED510AC2
:10B45000D4ED510AB0EE600A04F5B87000F064FF54
:10B4600084ED520A2846FEF7DDFF3048D0ED030A8E
:10B4700020EE200A84ED540A94ED511AF0EE410AB0
:10B4800094ED541AB0EE410AB0EE491A04F5C470B6
:10B49000FEF788FF84ED530A2448007910B194ED3B
:10B4A000530A01E094ED520A84ED010A94ED0B0A6F
:10B4B000B5EEC00AF1EE10FA07D09FED1E0A84ED3A
:10B4C000570A002084F8600126E094F86001C0B9B2
:10B4D000164890ED050AB5EEC00AF1EE10FA0DD946
:10B4E000D4ED010AB0EE600A0CF0C8F90F48D0EDB7
:10B4F000050AB4EEE00AF1EE10FA02D2012084F857
:10B50000600194F8600138B194ED570AD4ED010A56
:10B5100000EE890A84ED570A94ED570A84ED000A7B
:10B52000012084F8400100BFC3E60000E41D0024B0
:10B530007CCE01080000000070B52DED048B82B0B8
:10B5400004460D46B0EE408A0DB1A87C20B900201B
:10B5500002B0BDEC048B70BD694601A8FFF768FE20
:10B560009FED510A84ED0A0A95ED000ADFED4F0ABE
:10B5700020EE200AB0EE409A4D4890ED020AB5EE5A
:10B58000C00AF1EE10FA27DD90ED020A20EE080A5B
:10B59000F0EE408A94ED5A0A30EE280AB0EE401AD6
:10B5A00094ED5A0A30EE680AF0EE400AB0EE490A0D
:10B5B0000BF03FFF84ED5A0AD4ED5A0AB0EE600A50
:10B5C0000CF05CF9B4EEE80AF1EE10FA03D29FED4C
:10B5D000390A84ED5A0A01E084ED5A9A94ED5A0A28
:10B5E00084ED0B0A95ED010AB5EEC00AF1EE10FAF2
:10B5F00003D094ED020A84ED590A94ED590A84EDC2
:10B600000C0A95ED010AB1EE400AF1EE040A20EEB3
:10B61000200A84ED0D0A9FED280A84ED0E0A9FEDA5
:10B62000250A84ED0F0A9FED240A84ED100A9FED90
:10B63000210A84ED110A9FED1F0A84ED120A9FED85
:10B640001D0A84ED130A002629E004F5AA7000EB18
:10B65000860090ED000AD5ED020A9FED181A60EE03
:10B66000810A00EE880A04F5AA7000EB860080EDDE
:10B67000000A04F5AA7000EB8600D0ED000AB0EED7
:10B68000600A9DED001ADDED010A0BF0D2FE04F513
:10B69000AA7000EB860080ED000A701CC6B2022E74
:10B6A000D3D3012054E70000CDCCCC3D9A99993FEB
:10B6B000E41D0024000000000AD7233D9A99993E1A
:10B6C00005E0DFED0E0A70EE600AB0EE600ADFED15
:10B6D0000C0AB4EEE00AF1EE10FAF2DC05E0DFED60
:10B6E000070A70EE200AB0EE600ADFED060AB4EE3B
:10B6F000E00AF1EE10FAF2D370470000DB0FC94008
:10B70000DB0F4940DB0F49C02DE9F0412DED028BE5
:10B710008AB005460C4616461F46B0EE408ADDF854
:10B7200048802DB124B11EB117B1B8F1000F05D179
:10B7300000200AB0BDEC028BBDE8F08196F87900DC
:10B7400010B197F8790008B90020F2E794ED551A86
:10B75000F0EE410A96ED091AB0EE410AB0EE481A31
:10B7600028460DF013FC94ED561AF0EE410A97EDC1
:10B77000091AB0EE410AB0EE481A05F190000DF03A
:10B7800005FCD4ED5B0AB0EE600AB0EE481ADFEDBE
:10B79000300A05F590700DF0F9FB94ED160AB1EE44
:10B7A000400A8DED080A94ED170AB1EE400A8DEDBE
:10B7B000090A95ED1A0AD5ED620A30EE200AF2EE7A
:10B7C000000A30EE200A8DED060A95ED3E0AD5ED11
:10B7D000620A30EE600AF2EE000A30EE200A8DEDC9
:10B7E000070A1C48407E38B99FED190A8DED080AFA
:10B7F0009FED170A8DED090A1648807E38B9B2EE22
:10B80000000A8DED060AB2EE000A8DED070A114816
:10B81000007E10B194ED140A01E09FED0D0A8DED4C
:10B82000040A0C48007E10B194ED150A01E09FED6A
:10B83000080A8DED050A04A808A906AB3A46CDE929
:10B84000010800913146284600F052F871E70000E7
:10B8500000000000E41D002410B504464FF4EE7112
:10B860002046F4F709FE9FED1C3ADFED1B2A9FED01
:10B870001B2ADFED191A9FED1A1ADFED170A9FED4B
:10B88000190A0021204601F011FD9FED133ADFED6A
:10B89000122A9FED122ADFED101A9FED111ADFED2B
:10B8A0000E0A9FED100A002104F1900001F0FEFC49
:10B8B0009FED093ADFED082A9FED0B2ADFED061A0E
:10B8C0009FED0A1ADFED040A9FED060A002104F538
:10B8D000907001F0EBFC10BD0000000000401C4621
:10B8E00000401C4500409C45000048420000484381
:10B8F0002DE9FC5F0446894692461E46DDE90C7B35
:10B900000E9D1C2104F5E070F4F7B6FD4FF0000821
:10B910001AE006EB880090ED000A10EE101A0846B7
:10B9200008F06EFE48B107EB880090ED000A10EEBB
:10B93000101A084608F064FE10B90020BDE8FC9F0C
:10B9400008F1010000F0FF08B8F1020FE1D396ED15
:10B95000000A84ED6C0A96ED010A84ED6D0A97EDFC
:10B96000000A84ED6E0A97ED010A84ED6F0A97EDE7
:10B97000001AF0EE410A96ED001AB0EE410A69464F
:10B98000484600F0DDF808B90020D7E74448D0ED7C
:10B99000081AB0EE611AD0ED081AF1EE611AF0EE55
:10B9A000610ADDED001AB0EE610A0BF02DFD85EDA8
:10B9B000000A3B48D0ED081AB0EE611AD0ED081A23
:10B9C000F1EE611AF0EE610ADDED011AB0EE610AE6
:10B9D0000BF01AFD85ED010A97ED011AF0EE410A10
:10B9E00096ED011AB0EE410A6946504600F0A8F8FB
:10B9F00008B90020A2E72A48D0ED081AB0EE611A73
:10BA0000D0ED081AF1EE611AF0EE610ADDED001AD0
:10BA1000B0EE610A0BF0F8FC85ED020A2048D0ED8B
:10BA2000081AB0EE611AD0ED081AF1EE611AF0EEC4
:10BA3000610ADDED011AB0EE610A0BF0E5FC85ED5F
:10BA4000030A1748D0ED071AB0EE611AD0ED071AB5
:10BA5000F1EE611AF0EE610ADBED001AB0EE610A58
:10BA60000BF0D2FC85ED040A0D48D0ED071AB0EEBC
:10BA7000611AD0ED071AF1EE611AF0EE610ADBED02
:10BA8000011AB0EE610A0BF0BFFC85ED050A1C221D
:10BA9000294604F5E070F4F7C8FC01204EE70000E9
:10BAA000E41D00243EB5054605B93EBD009505F1EF
:10BAB000900001909030029000242FE05DF8240067
:10BAC00000210165416581655DF824008163C163E2
:10BAD00001645DF8240041648164C1649FED170A2C
:10BAE0005DF8240080ED170A9FED140A5DF824002C
:10BAF00080ED180A9FED110A5DF8240080ED190A07
:10BB00009FED0E0A5DF8240080ED1A0A9FED0B0AE6
:10BB10005DF8240080ED1B0A601CC4B2032CCDD359
:10BB200005F5C0700021016341638163C1631C217D
:10BB30004030F4F7A1FC00BFB7E7000000000000B0
:10BB400070B52DED028B0446B0EE408B0D461CB156
:10BB500015B194F8780018B90020BDEC028B70BDC7
:10BB600018EE100A08F043FD20B118EE900A08F014
:10BB70003EFD08B90020F0E794ED190A20EE080A0E
:10BB8000D4ED1A0A00EEA80A85ED000A94ED1B0A0E
:10BB900020EE080AD4ED1C0A00EEA80A85ED010A81
:10BBA0000120DAE710B5044604B910BD7C21204617
:10BBB000F4F762FC00BFF8E770B5044604F1100525
:10BBC0002646307B08B9002070BD96ED000ADFEDF7
:10BBD0001B0AB4EEE00AF1EE10FA08D996ED010A5C
:10BBE000DFED160AB4EEE00AF1EE10FA01D80020FB
:10BBF000EAE795ED000A10EE101A084608F0F7FC87
:10BC0000B8B195ED010A10EE101A084608F0EFFCE5
:10BC100078B195ED020A10EE101A084608F0E7FC1C
:10BC200038B195ED030A10EE101A084608F0DFFC53
:10BC300008B90020C8E70120C6E70000BD378635F7
:10BC400010B58AB0044614B900200AB010BD5C21BA
:10BC500004F12000F4F710FC2046FFF7ADFF08B90F
:10BC60000020F2E701A9204600F044F808B90020BE
:10BC7000EBE701A9204600F057F908B90020E4E7F6
:10BC8000204600F005F8012184F879100120DCE756
:10BC900090ED150A80ED190A90ED170A80ED1A0A49
:10BCA00090ED160A80ED1B0A90ED180A80ED1C0A33
:10BCB00090ED190AD0ED1C0A20EE200AD0ED1A0AE8
:10BCC00090ED1B1A00EEC10A80ED1D0A90ED1D0AD1
:10BCD000F0EEC00A9FED060AF4EEC00AF1EE10FA8B
:10BCE00001DB012200E0002280F87820704700008C
:10BCF000BD37863570B52DED0E8B05460C4695ED9E
:10BD0000000A84ED040A95ED010A84ED050A95ED1B
:10BD1000040A84ED000A95ED050A84ED010A95ED0B
:10BD2000060A84ED020A95ED070A84ED030AD4EDB4
:10BD3000000AB0EE600A0AF09FFED4ED040A20EE7D
:10BD4000200AB0EE40BAD4ED000AB0EE600A0AF064
:10BD5000E5FED4ED040A20EE200AF0EE40BAD4ED60
:10BD6000010AB0EE600A0AF087FED4ED040A20EE64
:10BD7000200AB0EE40CAD4ED010AB0EE600A0AF023
:10BD8000CDFED4ED040A20EE200AF0EE40CA3CEECF
:10BD90004B0AB0EE40DA3CEEEB0AB0EE409A94ED7E
:10BDA000050AF0EE000A20EE200A20EE0D0AF0EE61
:10BDB00040DA94ED050AF0EE000A20EE200A20EEAB
:10BDC000090AF0EE409A2DEE0D0A09EE090AB0EECE
:10BDD00040AA2DEEAD0A09EEA90A0AEE4A0AF0EED3
:10BDE00040AA9FED4D0AF4EEC0AAF1EE10FA03D27C
:10BDF0000020BDEC0E8B70BDF5EEC0AAF1EE10FA7E
:10BE000003D29FED460AF0EE40AAB0EE6A0A00F0B7
:10BE1000C1F9B0EE40EA3DEE8A1AF0EE410A39EE81
:10BE20008E1AB0EE410A08F0C5FCF0EE000A20EED2
:10BE3000200A84ED060AD4ED060AB0EE600A0AF084
:10BE40001BFED4ED050AF0EE4B8A40EE808AD4ED5D
:10BE5000060AB0EE600A0AF061FED4ED050AB0EE03
:10BE60006B8A00EE808A38EECC1AF0EE410A38EE8A
:10BE70006C1AB0EE410A08F09DFC84ED070A68EEEA
:10BE8000A80A48EE080AB0EE600A00F083F985EDD2
:10BE9000090A95ED090ADFED220AB4EEE00AF1EE97
:10BEA00010FA01D20020A4E7F0EE680AB0EE480ACA
:10BEB00008F080FC84ED080AD4ED080A9FED191AF9
:10BEC00071EE600A95ED021A70EE810AB0EE600A1A
:10BED00000F0FCF985ED0A0AD4ED000AB0EE600A24
:10BEE00000F0F4F985ED080AD4ED060A94ED001A85
:10BEF00070EEC10A9FED0B1A70EEC10AB0EE600A37
:10BF000000F0E4F9F0EE40EAB0EE6E0A00F0DEF97F
:10BF100085ED0B0A01206CE7BD3786B500000000F7
:10BF20006F12833ADB0FC93F70B52DED0C8B0546C0
:10BF30000C46D4ED060A94ED071A70EEC10AB0EE75
:10BF4000600A0AF0EBFDB0EE408AB0EE480AF0EE6F
:10BF5000C00A9FED8F0AF4EEC00AF1EE10FA03D288
:10BF60000020BDEC0C8B70BDD4ED000A94ED061AD8
:10BF700070EEC10AB0EE600A0AF0D0FDB0EE409A51
:10BF8000D4ED000A94ED071A70EEC10AB0EE600A13
:10BF90000AF0C4FDF0EE40AAD4ED010A94ED071AB0
:10BFA00070EEC10AB0EE600A0AF0B8FDF0EE408A09
:10BFB000D4ED080A94ED061A70EEC10AB0EE600ADC
:10BFC0000AF0ACFDB0EE40BAD4ED080A94ED071AC1
:10BFD00070EEC10AB0EE600A0AF0A0FDF0EE40BAC1
:10BFE000D4ED080A94ED061A70EEC10AB0EE600AAC
:10BFF0000AF042FDB0EE40CAD4ED080A94ED071AEB
:10C0000070EEC10AB0EE600A0AF036FDF0EE40CAEA
:10C01000D4ED070AB0EE600A0AF080FDD4ED040A00
:10C0200060EE890A20EE200AC0EE080AC5ED110A6A
:10C03000D4ED060AB0EE600A0AF070FDD4ED040AF1
:10C04000F1EE600A60EEA80A20EE200AC0EE080AAF
:10C05000C5ED120AD4ED070AB0EE600A0AF00CFD35
:10C06000D4ED040AF1EE600A60EE890A20EE200A9F
:10C07000C0EE080AC5ED130AD4ED060AB0EE600A58
:10C080000AF0FAFCD4ED040A60EEA80A20EE200AB9
:10C09000C0EE080AC5ED140A94ED040AB1EE400A98
:10C0A00020EE2B0A20EE090AC0EE080AC5ED150A9B
:10C0B00094ED040A20EE0B0A20EE280AC0EE080ACE
:10C0C000C5ED160A94ED040A20EE2C0A20EE090AAA
:10C0D000D5ED090A60EE880A80EE201A85ED171A60
:10C0E00094ED040AB1EE400A20EE0C0A20EE280A74
:10C0F000D5ED090A60EE880A80EE201A85ED181A3F
:10C1000095ED150AD4ED020A20EE200AD5ED160AA7
:10C1100094ED031A00EE810A85ED0C0A95ED170ADD
:10C12000D4ED020A20EE200AD5ED180A94ED031A88
:10C1300000EE810A85ED0D0A94ED040A20EE280A2E
:10C14000D4ED050A60EE880AC0EE209A94ED040A48
:10C15000B1EE400A20EE2A0AD4ED050A20EE881A34
:10C16000C0EE010AB7EE000A30EEC0AA94ED030A51
:10C1700020EE290AD4ED020AB0EE40DA0AEE20DA07
:10C18000C5ED0F9A85ED10AA85ED0EDA0120E8E6DF
:10C19000BD37863508B5F0EE400AB0EE600AB5EE60
:10C1A000C00AF1EE10FA04DBB1EEC01A8DED001AF0
:10C1B00004E09FED041A8DED001A00BF9DED000A0A
:10C1C00008BD00000000000010B53A48807888B330
:10C1D000384890F90010384800EB810090ED000AD3
:10C1E000DFED360A30EE200A354880ED040A31488A
:10C1F00090F90110304800EB810090ED000A3048C2
:10C2000080ED050A2B4890F900102B48103000EB08
:10C21000810090ED000A2A4880ED060A254890F931
:10C2200001102548103000EB810090ED000A2448F1
:10C2300080ED070A2348807888B3224890F90010DF
:10C240001D4800EB810090ED000ADFED1C0A30EE86
:10C25000200A1D4880ED040A1A4890F9011016487A
:10C2600000EB810090ED000A174880ED050A1548A3
:10C2700090F900101048103000EB810090ED000A9A
:10C28000114880ED060A0F4890F901100A48103055
:10C2900000EB810090ED000A0B4880ED070A0EF0DC
:10C2A00005FF0748FFF7CCFC0748FFF7C9FC0FF074
:10C2B000ABFF10BD9C000020D4AE0020DB0F494036
:10C2C00048AF00209F000020C4AF002005E0DFED54
:10C2D0000E0A70EE600AB0EE600ADFED0C0AB4EEF2
:10C2E000E00AF1EE10FAF2DC05E0DFED070A70EE8D
:10C2F000200AB0EE600ADFED060AB4EEE00AF1EEC5
:10C3000010FAF2D370470000DB0FC940DB0F494041
:10C31000DB0F49C0DFED030AC0ED000A80ED010A22
:10C320007047000000000000F0EE400A90ED010AA6
:10C33000B7EE001A31EE400A90ED001A20EE010A25
:10C3400090ED011A01EE200A80ED000A90ED000A3E
:10C350007047000008B500BF2248006840F00100A7
:10C36000204908600846006800F00100009000BF06
:10C3700000BF002205210C20F9F7DEF90C20F9F7A7
:10C38000C7F9002205210D20F9F7D6F90D20F9F79C
:10C39000BFF9002205210E20F9F7CEF90E20F9F79A
:10C3A000B7F9002205210F20F9F7C6F90F20F9F798
:10C3B000AFF9002205211020F9F7BEF91020F9F796
:10C3C000A7F9002205211120F9F7B6F91120F9F794
:10C3D0009FF9002205212F20F9F7AEF92F20F9F758
:10C3E00097F908BDD844025810B51F481F49086086
:10C3F0004FF44070886000211C48C1600121017425
:10C400000021417481740321416101218161052171
:10C41000C161022101620321416201218162052182
:10C42000C162022101630021416301218163002176
:10C43000C16320210164042141640021816404213D
:10C44000C164002101650421416500218165C16548
:10C45000202101660021416604218166F8F758FC1D
:10C4600008B1F6F737F810BD00A00040EC05002435
:10C4700010B51F481F4908600020886000211D4832
:10C48000C160012101740021417481740321416163
:10C49000012181610521C161022101620321416203
:10C4A000012181620521C1620221016340F206413E
:10C4B0004163012181630021C163202101640421C2
:10C4C0004164002181640421C164002101650421CB
:10C4D000416500218165C165202101660021416619
:10C4E00004218166F8F714FC08B1F5F7F3FF10BDDD
:10C4F00000A400408C06002410B51F481F490860A6
:10C500000020886000211D48C160012101740021C4
:10C510004174817403214161012181610521C1615F
:10C520000221016203214162012181620521C16270
:10C530000221016340F61201416301218163002160
:10C54000C16320210164042141640021816404212C
:10C55000C164002101650421416500218165C16537
:10C56000202101660021416604218166F8F7D0FB95
:10C5700008B1F5F7AFFF10BD00D400402C07002430
:10C5800000B5A3B002F004FB1C221E491CA8F3F75F
:10C590004CFF00211CA80CF08DFB1B4908601C22DD
:10C5A00018491C3115A8F3F740FF002115A80CF01D
:10C5B00081FB164908601C22124938310EA8F3F796
:10C5C00034FF00210EA80CF075FB114908601C22F5
:10C5D0000C49543107A8F3F728FF002107A80CF0F5
:10C5E00069FB0C4908601C22064970316846F3F764
:10C5F0001CFF002168460CF05DFB0749086023B072
:10C6000000BD000008C4010800000024040000244C
:10C61000080000240C0000241000002400B587B09E
:10C62000142102A8F3F728FF00BF6E48006840F00D
:10C6300004006C4908600846006800F0040001909E
:10C6400000BF00BF00BF0846006840F080000860DF
:10C650000846006800F08000019000BF00BF00BFE6
:10C660000846006840F0010008600846006800F0D5
:10C670000100019000BF00BF00BF0846006840F005
:10C68000020008600846006800F00200019000BF48
:10C6900000BF00BF0846006840F010000860084670
:10C6A000006800F01000019000BF00BF00BF084606
:10C6B000006840F0080008600846006800F00800C4
:10C6C000019000BF00BF01224EF229014648F8F751
:10C6D00075FF00224FF400414448F8F76FFF002235
:10C6E0004FF440614248F8F769FF012211034048C6
:10C6F000F8F764FF00224FF480613E48F8F75EFFD0
:10C700004FF46040029001200390002004900590B7
:10C7100002A93548F8F75AFE29200290012003901B
:10C72000002004900320059002A92F48F8F74EFE40
:10C730004FF4A05002904FF4881003900020049012
:10C7400002A92A48F8F742FE4FF400400290012067
:10C75000039000200490059002A92448F8F736FEC3
:10C760004FF4406002900120039000200490059057
:10C7700002A91F48F8F72AFE4FF4805002900120CA
:10C78000039004900320059002A91948F8F71EFEB3
:10C790004FF48060029001200390002004900590E7
:10C7A00002A91448F8F712FE4FF48070029002209C
:10C7B0000390002004900590069002A90E48F8F717
:10C7C00005FE4FF40040029000200390049002A95F
:10C7D0000948F8F7FBFD00214FF00060FCF756FA1E
:10C7E00007B000BDE044025800080258001002588B
:10C7F00000040258000C02580000025810B51648F8
:10C80000164908604FF48000486041111348816068
:10C810000721C1604FF000710161002141614FF0BB
:10C82000806181618900C161002101624162816290
:10C83000C1624FF08041416300218163C1630164A3
:10C8400041648164C164016541658165FBF7C4FE93
:10C8500008B1F5F73FFE10BD00300140CC070024C1
:10C8600010B51648164908604FF480004860002152
:10C87000134881600721C1604FF0007101614910C8
:10C880004161890081610901C16100210162416248
:10C890008162C1624FF08041416300218163C163C5
:10C8A000016441648164C164016541658165FBF790
:10C8B00093FE08B1F5F70EFE10BD000000380040F1
:10C8C0005408002410B51648164908604FF480003B
:10C8D00048604111134881600721C1600021016156
:10C8E0004FF080714161890081618900C16100213F
:10C8F000016241628162C1624FF080414163002167
:10C900008163C163016441648164C16401654165FF
:10C910008165FBF761FE08B1F5F7DCFD10BD000095
:10C9200000140058DC08002400B58BB000200890EB
:10C9300009900A901C2101A8F3F79EFD1748184999
:10C9400008601720486000211548816040F2CF71CF
:10C95000C160002101618161FCF75BFD08B1F5F761
:10C96000B9FD002008900A9008A90D48FCF700FACC
:10C9700008B1F5F7AFFD6020019000200290039010
:10C980000590042201A90648FCF78BFC08B1F5F7D5
:10C99000A1FD0348FCF7ECFB0BB000BD0018004004
:10C9A0005C17002000B597B00020149015901690E9
:10C9B0001C210DA8F3F760FD34216846F3F75CFDF8
:10C9C0002B482C49086018204860002129488160C4
:10C9D00042F21071C1600021016141618161FCF787
:10C9E00018FD08B1F5F776FD00201490159016900B
:10C9F00014A92048FCF7BCF908B1F5F76BFD6020DD
:10CA00000D9041F288300E9000200F901090119000
:10CA10001290139000220DA91648FCF742FC08B1B1
:10CA2000F5F758FD08220DA91248FCF73AFC08B1A9
:10CA3000F5F750FD002000900190029003900490C3
:10CA40004FF4005005900020069008904FF00070C1
:10CA5000099000200A900C9069460648FCF724F9DA
:10CA600008B1F5F737FD0348FCF782FB17B000BDAE
:10CA7000000001402C16002000B58BB0002008906B
:10CA800009900A901C2101A8F3F7F6FC4FF08040B2
:10CA90001C4908601820486000211A48816042F251
:10CAA0001071C160002101618161FCF7B2FC08B125
:10CAB000F5F710FD002008900A9008A91148FCF72E
:10CAC00057F908B1F5F706FD6020019041F2883072
:10CAD0000290002003900590002201A90948FCF76C
:10CAE000E0FB08B1F5F7F6FC082201A90548FCF7C0
:10CAF000D8FB08B1F5F7EEFC0248FCF739FB0BB0A8
:10CB000000BD00007816002000B58BB00020089012
:10CB100009900A901C2101A8F3F7AEFC18481949A6
:10CB200008601720486000211648816042F20F71AA
:10CB3000C1600021016180218161FCF76AFC08B1BC
:10CB4000F5F7C8FC002008900A9008A90D48FCF7EA
:10CB50000FF908B1F5F7BEFC6020019000200290AB
:10CB6000039005900C2201A90648FCF79AFB08B136
:10CB7000F5F7B0FC0348FCF7FBFA0BB000BD000072
:10CB800000040040C41600200EB500200090019063
:10CB900002901548154908604FF4897048600021DB
:10CBA0001248816040F2CF71C16000218161FCF7C1
:10CBB00051F908B1F5F78EFC00200090029069460B
:10CBC0000A48FCF7D5F808B1F5F784FC40F2CF71BC
:10CBD0000648C16000BFC06804490968C8620348CC
:10CBE000C168C16000BF0EBD0010004010170020DA
:10CBF00010B51848184908604FF4612048600021BA
:10CC000015488160C16001610C2141610021816191
:10CC1000C1610162416200200F4988620846FCF749
:10CC20008CFF08B1F5F756FC00210B48FCF7F7FC28
:10CC300008B1F5F74FFC00210748FCF7C1FC08B12B
:10CC4000F5F748FC0448FCF792FC08B1F5F742FC04
:10CC500010BD0000007800406409002410B517489A
:10CC60001749086017484860002115488160C16075
:10CC700001610C21416100218161C1610162416258
:10CC800000200F4988620846FCF757FF08B1F5F706
:10CC900021FC00210A48FCF7C2FC08B1F5F71AFC98
:10CCA00000210748FCF78CFC08B1F5F713FC044899
:10CCB000FCF75DFC08B1F5F70DFC10BD007C0040F1
:10CCC000F80900240094110010B5194819490860AA
:10CCD000194848604FF48051164881600021C160B6
:10CCE0004FF4806101610C21416100218161C161CA
:10CCF0000162416200200F4988620846FCF71DFF6F
:10CD000008B1F5F7E7FB00210A48FCF788FC08B1F9
:10CD1000F5F7E0FB00210748FCF752FC08B1F5F7F6
:10CD2000D9FB0448FCF723FC08B1F5F7D3FB10BD91
:10CD3000001801408C0A0024A086010010B5174895
:10CD40001749086017484860002115488160C16094
:10CD500001610C21416100218161C1610162416277
:10CD600000200F4988620846FCF7E7FE08B1F5F796
:10CD7000B1FB00210A48FCF752FC08B1F5F7AAFB09
:10CD800000210748FCF71CFC08B1F5F7A3FB044899
:10CD9000FCF7EDFB08B1F5F79DFB10BD001001405D
:10CDA000200B00240094110010B501220E490F48F9
:10CDB00005F02EFD08B1F5F78DFB0D490B4806F087
:10CDC00065F808B1F5F786FB0A49084805F03CF913
:10CDD00008B1F5F77FFB054806F05AF908B1F5F7F9
:10CDE00079FBF9F717FC10BD18000024FC0E002495
:10CDF000CC0000240000002010B50446606A012821
:10CE000005D1E06A042802D1206B01280BD0012152
:10CE100061620421E162012121632046F7F778FF76
:10CE200008B1F5F757FB10BD10B50348FFF7E4FF55
:10CE30000248FFF7E1FF10BDEC0500242C07002499
:10CE4000044800680449401A982190FBF1F0C0B2F0
:10CE5000704700007CCE01084CCD010800BFFEE702
:10CE60002DE9F04700BFEFF31080044672B610487A
:10CE7000406810490968401A0F4AD2E90032C718C1
:10CE800042F10008204680F3108800BF4FF47A7208
:10CE900000203946A1FB025908FB029207FB002142
:10CEA00040F2262203462846F3F78EFABDE8F087C3
:10CEB000001000E090000020880000200C4800686E
:10CEC00040F080700A4908600A480B490860002059
:10CED0000A4948600846006840F0010008600021E7
:10CEE000074A11605160054840680649086070476C
:10CEF000FCED00E055CEACC5B01F00E0001000E036
:10CF0000880000209000002030B500BFEFF31082B1
:10CF1000104672B6094A5168094A12688A1A094CC1
:10CF2000D4E90054521944F10003064C0CC4044ADD
:10CF30001160024682F3108800BF30BD001000E08F
:10CF4000900000208800002070B5002430E004EB41
:10CF50004400364901EB001595ED060A344800EB14
:10CF6000840080ED000A95ED070A3148103000EB8F
:10CF7000840080ED000A95ED080A2D48203000EB72
:10CF8000840080ED000A95ED090A2948303000EB55
:10CF9000840080ED000AE96A2548403040F82410FA
:10CFA0002046F4F767FF224950310855601CC4B28F
:10CFB000042CCCDB00242EE004EB84001D4901EBA3
:10CFC000C00595ED050A1A48543000EB840080ED49
:10CFD000000A95ED060A16485C3000EB840080EDEF
:10CFE000000A95ED070A1248643000EB840080EDDA
:10CFF000000AA9890E486C3020F81410696A001DD7
:10D0000040F824102046F4F7B1FC01460848783077
:10D010000155601CC4B2022CCED3F8F7D5FA0449EE
:10D02000C867012081F8800070BD00003815002419
:10D03000C4AE0020E814002400BFFEE710B502488B
:10D04000F8F7ADFD10BD0000F42700202DE9F047F2
:10D0500004460D4626683746D6F8408007F530600E
:10D0600000EB4510D0F80890104880450BD909F422
:10D070000040B0F5004F06D14FF4004107F5306095
:10D0800000EB451081602046F9F74AFA07488045D1
:10D0900008D9A079012805D104F29C420121206819
:10D0A00006F0AAFC0020BDE8F08700000A30544FCB
:10D0B0002DE9F04705460C46D5F800904E46D9F8C4
:10D0C00040A006F5306000EB4410D0F80880A87945
:10D0D000012855D108F0080008280FD1434882459F
:10D0E0000BD908F40040B0F5004F7BD14FF400415C
:10D0F00006F5306000EB4410816073E008F020001A
:10D10000202806D1202106F5306000EB4410816014
:10D1100068E008F02800002864D1344882450CD922
:10D1200008F40040B0F5004F07D14FF4004106F578
:10D13000306000EB4410816054E004EBC40105F55D
:10D14000157000EB810706F5306000EB4410396A7A
:10D150000069C0F31200081A786164B9386930B9FF
:10D1600005F29C420121286806F046FC03E079693B
:10D17000F8680844F860E1B22846F8F787FB31E028
:10D180001B4882451BD108F40040B0F5004F07D181
:10D190004FF4004106F5306000EB4410816021E05F
:10D1A00008F02000202805D1202106F5306000EB92
:10D1B00044108160E1B22846F8F768FB12E06CB9D0
:10D1C00004EBC40105F5157000EB8100006928B976
:10D1D00005F29C420021286806F00EFCE1B22846C8
:10D1E000F8F754FB0020BDE8F08700000A30544FE8
:10D1F0000A31544F2DE9F84F07460E46D7F80090F4
:10D20000C84606EBC60107F1140000EB8104D4E91F
:10D210000410884202D90120BDE8F88FD4E9040146
:10D22000451AA068A84200D2A568E81C4FEA900AF7
:10D2300017E0D4E90401451AA068A84200D2A56805
:10D24000E81C4FEA900AB879ABB2F2B200904846B7
:10D25000E16807F099F8E0682844E06060692844D4
:10D26000606108F5106000EB4610806980B250459F
:10D2700006D3D4E90410884202D220690028D8D10C
:10D28000D4E9040188420ED806F00F01012000FA0B
:10D2900001FB40F6340050F8080020EA0B0040F68D
:10D2A000340141F808000020B6E7000070B52DED0C
:10D2B000088B04460D46B0EE409BB0EE41ABB0EE9D
:10D2C00042BAB0EE628AF0EE438A0E48C4F88C008F
:10D2D000B0EE4B2AF0EE6A1AB0EE4A1AF0EE690A86
:10D2E000B0EE490A29462046D4F88C209047F0EE4B
:10D2F000680AB0EE480A04F11800F5F797FABDEC99
:10D30000088B70BDB191010810B507480078401C2A
:10D31000C0B205490870052805D3002008700348ED
:10D3200000680BF06BFC10BDB8000020B4000020BA
:10D330002DE9F04104460E4600275548006800F0EC
:10D340000300032802D10120BDE8F08150482838AD
:10D35000006820F080604E4928390860F8F734F9F9
:10D36000054606E0F8F730F9401B022801D90320F2
:10D37000EAE7474828380068C0F3C0600028F1D1C8
:10D3800000BF4348006820F47C30216840EA013047
:10D390003F490860A088401EC0F30800A168491EEC
:10D3A0004FF47E4202EA41210843A189491ED2017D
:10D3B00002EA01410843217C491E120202EA01618E
:10D3C000084333491031086000BF3148001D006830
:10D3D00020F0C000616908432D49091D0860084616
:10D3E000006820F02000A16908432949091D086050
:10D3F0000846006820F010000860254814300068D6
:10D400004FF6F8718843E16940EAC10020491431C0
:10D4100008601F48001D006840F010001C49091DED
:10D4200008602EB90846006840F40020086012E049
:10D43000012E08D11648001D006840F480101449E0
:10D44000091D086007E01248001D006840F4001044
:10D450000F49091D08600E482838006840F08060B8
:10D460000B4928390860F8F7AFF8054606E0F8F7E9
:10D47000ABF8401B022801D9032065E7044828388F
:10D480000068C0F3C0600028F1D038465CE70000B7
:10D49000284402582DE9F04104460E46002755481D
:10D4A000006800F00300032802D10120BDE8F081EC
:10D4B00050482838006820F080504E4928390860CC
:10D4C000F8F782F8054606E0F8F77EF8401B0228D8
:10D4D00001D90320EAE7474828380068C0F34070C4
:10D4E0000028F1D100BF4348006820F07C702188FB
:10D4F00040EA01503F490860A088401EC0F3080080
:10D50000A168491E4FF47E4202EA41210843A189E5
:10D51000491ED20102EA01410843217C491E120240
:10D5200002EA0161084333491831086000BF3148FD
:10D53000001D006820F44060616908432D49091D01
:10D5400008600846006820F40070A1690843294972
:10D55000091D08600846006820F4807008602548AE
:10D560001C3000684FF6F8718843E16940EAC10059
:10D5700020491C3108601F48001D006840F480707D
:10D580001C49091D08602EB90846006840F4800057
:10D59000086012E0012E08D11648001D006840F412
:10D5A00000001449091D086007E01248001D0068CA
:10D5B00040F080700F49091D08600E482838006847
:10D5C00040F080500B4928390860F7F7FDFF054609
:10D5D00006E0F7F7F9FF401B022801D9032065E7B1
:10D5E000044828380068C0F340700028F1D038465D
:10D5F0005CE70000284402580146DFED180AB0EE4F
:10D60000600AB5EEC00AF1EE10FA00D870470020AB
:10D610001FE001EB8002D2ED000AF1EE401AB0EEFD
:10D62000401AF4EEC10AF1EE10FA02DDB0EE412A22
:10D6300009E0F4EEE10AF1EE10FA02D2B0EE612A4E
:10D6400001E0B0EE602A01EB800282ED002A421C6C
:10D65000D0B20628DDD300BFD8E700000000C842E2
:10D6600070B504460D4600BFEFF31080064672B653
:10D67000182221460848F2F7D8FE0120064908770B
:10D68000F7F7A2FF0449886108464577304680F3E2
:10D69000108800BF70BD000040B00020194991ED16
:10D6A000000ADFED190A20EE200A80ED000A91ED54
:10D6B000010AB1EE400ADFED140A20EE200A80EDE7
:10D6C000010A91ED020AF7EE000A30EE200AF6EEAA
:10D6D000000A60EE200A9FED0C1A9FED0C0A00EE86
:10D6E000810A80ED020A90ED000A094981ED000AE5
:10D6F00090ED010A81ED010A90ED020A81ED020A26
:10D700007047000080B0002000000000CDCC4C3EEF
:10D7100060B0002030B5A1B004460FA800F0D6F8E4
:10D7200000200B900C900D900E90182105A8F2F798
:10D73000A3FE9DF87C0088B1154890F8790068B187
:10D74000144890F8790048B100F0E8F930B105A923
:10D750000BA800F045F908B1012000E000200546C3
:10D7600005A80BA90FAB19AACDE90205CDE9004127
:10D770000949A1F51D7000F007FA10B9002021B089
:10D7800030BD064800F065FC044890F87102F6E7E9
:10D7900048AF0020C4AF002008B3002094B00020A0
:10D7A00070B52DED0A8B0546F0EE409AB0EE608A1A
:10D7B000022D0ED219EE900A06F034FF48B118EE91
:10D7C000100A06F02FFF20B1B5EEC08AF1EE10FA74
:10D7D00004D89FED3B0ABDEC0A8B70BD05EB8500BC
:10D7E000384901EBC00494ED090A20EE29CAB0EED5
:10D7F0004C0A07F039F9D4ED060A60EE20CAB0EE03
:10D800004C0A07F01BFBD4ED080AB0EE6CAA00EE40
:10D8100020AAB0EE4C0A07F011FBB1EE400AD4ED9D
:10D82000060A60EE20CAB0EE4C0A07F01DF9D4EDEE
:10D83000080AF0EE6CAA40EE20AA94ED030A30EE3E
:10D840000A0AD4ED000A30EE60BA94ED040AD4ED71
:10D85000070A30EE200AD4ED010A70EE60BA94EDAA
:10D86000050A30EE2A0AD4ED020A70EE608A6BEEE9
:10D870000B0A4BEEAB0A48EEA80AB0EE600A07F0BE
:10D88000A7FBB0EE409A19EE100A06F0CBFE30B1BD
:10D890009FED0D0AB4EEC09AF1EE10FA02D29FEDA0
:10D8A000080A98E72BEE2A0A08EECA0AD4ED090AFC
:10D8B00060EE880A60EE200A80EE890A8BE700009D
:10D8C0000000000088CE01086F12833A30B593B093
:10D8D000054600BFEFF31080044672B648220749A0
:10D8E00001A8F2F7A2FD204680F3108800BF48226D
:10D8F00001A92846F2F799FD13B030BD7CAE002097
:10D9000010B590B03348006800F17C04182107A8D6
:10D91000F2F7B2FD182101A8F2F7AEFD0DA8FFF74E
:10D92000BDFE0BF0E7FA58B900202B4908800DA87E
:10D9300000F0EAFA002101A8FFF792FE10B010BD36
:10D940000DA8FFF7E7FE38B9002023490880002121
:10D9500001A8FFF785FEF1E71F4800880A2805D2D5
:10D960001D480088401C1C49088012E007AA1B497A
:10D9700001F52E7000F038FC40B907A9174800F0F7
:10D980005AFB002101A8FFF76BFED7E707A8FFF7B6
:10D9900033FE07A9114800F04EFB002012E021568B
:10D9A00000EE101AB8EEC00A07A901EB8001D1ED14
:10D9B000000A20EE200A01A901EB800181ED000A96
:10D9C000411CC8B20628EAD3012101A8FFF748FE8E
:10D9D00000BFB3E77CCE01085A01002494B00020B8
:10D9E00070B586B005460E464848006800F17C04D4
:10D9F000207E10B9002006B070BD4548D0ED080A61
:10DA000094ED021A70EEC10AB0EE600AF3F728F83E
:10DA100094F9000000EE900AF8EEE00A20EE200AE9
:10DA200085ED000A3A48D0ED0B0A94ED031A70EE2A
:10DA3000C10AB0EE600AF3F713F894F9010000EEA2
:10DA4000900AF8EEE00A20EE200A85ED010A31483E
:10DA5000D0ED080A94ED041A70EEC10AB0EE600A27
:10DA6000F2F7FEFF94F9030000EE900AF8EEE00AE8
:10DA700020EE200A85ED020A2648D0ED0B0A94ED2F
:10DA8000051A70EEC10AB0EE600AF2F7E9FF94F9E8
:10DA9000040000EE900AF8EEE00A20EE200A85ED80
:10DAA000030A1B4890ED060A8DED000A90ED0E0A60
:10DAB0008DED010A184890ED1A0A8DED020A1548FD
:10DAC00090ED060A8DED030A90ED0E0A8DED040A25
:10DAD000114890ED190A8DED050A002011E021563C
:10DAE00000EE101AB8EEC00A694601EB8001D1EDD4
:10DAF000000A20EE200A06EB800181ED000A411C9D
:10DB0000C8B20628EBD3012075E700007CCE0108DF
:10DB100048AF0020C4AF0020C4AE0020002106E0C2
:10DB20000B48405C08B900207047481CC1B204296A
:10DB3000F6DB002107E006482830405C08B90020E9
:10DB4000F2E7481CC1B20229F5D30120ECE700003E
:10DB500014AF002070B505460E460DB9002070BD0B
:10DB600000240CE005EB840090ED000A10EE101A82
:10DB7000084606F04EFD08B90020F0E7641CB442E8
:10DB8000F0D30120EBE700002DE9F04F2DED028BE3
:10DB900087B005460F4691461E46DDE9138BDDF83A
:10DBA00048A02DB9002007B0BDEC028BBDE8F08F76
:10DBB0001598E0B1384600F07DF9C0B10321484620
:10DBC000FFF7C8FF98B104213046FFF7C3FF70B1DB
:10DBD00003215046FFF7BEFF48B104214046FFF73E
:10DBE000B9FF20B106215846FFF7B4FF20B92846F7
:10DBF00000F016FA0020D6E7D6ED000A60EEA00A83
:10DC000096ED011AD6ED011A41EE210A96ED021A9F
:10DC1000D6ED021A41EE210A96ED031AD6ED031A4B
:10DC200041EE210AB0EE600A07F0D2F9B0EE408A68
:10DC300018EE100A06F0EDFC30B19FED710AB4EE5B
:10DC4000C08AF1EE10FA04D2284600F0E9F900206B
:10DC5000A9E700240BE006EB840090ED000AC0EE7B
:10DC6000080A684600EB8400C0ED000A641C042C1E
:10DC7000F1D304A9684600F083F9032104A8FFF753
:10DC800069FF20B9284600F0CBF900208BE700247B
:10DC900010E009EB840090ED000A07F11C0000EB96
:10DCA0008400D0ED000A20EE200A05EB840080ED10
:10DCB000000A641C032CECD300240AE004A800EB47
:10DCC000840090ED000AE01C05EB800080ED000A66
:10DCD000641C032CF2D3002411E00AEB840090EDC5
:10DCE000000A07F1100000EB8400D0ED000A20EEDE
:10DCF000200AA01D05EB800080ED000A641C032CA7
:10DD0000EBD398ED000AD7ED000A30EE600A85EDFE
:10DD1000090A98ED010AD7ED010A30EE600A85ED97
:10DD20000A0A98ED020AD7ED020A30EE600A85ED84
:10DD30000B0A98ED030AD7ED030A30EE600A85ED71
:10DD40000C0A002412E00BEB840090ED000A07F1AE
:10DD5000280000EB8400D0ED000A20EE200A04F138
:10DD60000D0005EB800080ED000A641C062CEAD350
:10DD700000240CE005F5167000EB840090ED000A1D
:10DD800004F1130005EB800080ED000A641C062CF2
:10DD9000F0D3002423E005EB840090ED000ADFEDD2
:10DDA000190AB4EEE00AF1EE10FA06DD9FED150A4D
:10DDB00005EB840080ED000A10E005EB840090ED97
:10DDC000000ADFED110AB4EEE00AF1EE10FA05D216
:10DDD0009FED0D0A05EB840080ED000A641C192CF0
:10DDE000D9D319212846FFF7B5FE20B9284600F0FF
:10DDF00017F90020D7E6012085F8700200BFD2E6AF
:10DE0000BD3786350000C8420000C8C210B50446C0
:10DE1000204600F005F910BD70B5044604B970BD88
:10DE200044212046F2F728FB9FED1D0A84ED000AED
:10DE30009FED1C0A84ED010A9FED1B0A84ED020A86
:10DE40009FED1A0A84ED030AB0EE000A84ED040A7D
:10DE5000B5EE000A84ED050AB1EE040A84ED060A67
:10DE6000002508E0B5EE000A04F11C0000EB850077
:10DE700080ED000A6D1C032DF4D3002508E09FED12
:10DE80000C0A04F1280000EB850080ED000A6D1CEF
:10DE9000062DF4D3012084F8400000BFBFE7000046
:10DEA0008FC275BDCDCCCC3D8FC2753DCDCCCCBD28
:10DEB000CDCC4C3D10B5044614B194F8400008B9DF
:10DEC000002010BD04212046FFF744FE08B90020C1
:10DED000F7E7032104F11000FFF73CFE08B900202A
:10DEE000EFE7032104F11C00FFF734FE08B900201E
:10DEF000E7E7062104F12800FFF72CFE08B900200F
:10DF0000DFE70120DDE7000030B5A1B004460FA82F
:10DF1000FFF7DCFC00200B900C900D900E90182168
:10DF200005A8F2F7A9FA9DF87C0070B1104890F8A6
:10DF3000790050B10F4890F8790030B105A90BA8CD
:10DF4000FFF74EFD08B1012000E0002005460A4819
:10DF500000F066F805A80BA90FAB19AACDE90205D8
:10DF6000CDE9004105490448FFF70EFE21B030BD60
:10DF700048AF0020C4AF002094B0002008B30020B8
:10DF800090ED015AB1EE455AB0EE450A90ED025AB5
:10DF9000B1EE455AF0EE450A90ED035AB1EE455AFE
:10DFA000B0EE453A90ED005AB0EE451AB8EE005A80
:10DFB00020EE855AF0EE451AB0EE005A20EE055AD2
:10DFC000B0EE452A9FED155AF0EE452A20EEA25AF2
:10DFD00003EE425AF0EE454A23EE215A00EE625A11
:10DFE000B0EE454A20EE025A00EEE15AF0EE453A14
:10DFF000B0EE645A01EE215A81ED005AB0EE445A57
:10E0000001EE025A81ED015ABFEE005A01EE225A8A
:10E0100035EE235A81ED025A7047000000000000DF
:10E0200010B5044604B910BD4FF41D712046F2F737
:10E0300023FA00BFF7E770B504460D4604B105B9F1
:10E0400070BD1822294604F51670F2F7EEF900BFEC
:10E05000F6E770B5044614B194F8700218B920467A
:10E06000FFF7DEFF70BD94F87102A0B900250CE047
:10E0700005EBC50101EB051204F1640101EB82001F
:10E0800064222146F2F7D1F96D1C052DF0D3012051
:10E0900084F87102E6E74FF4C87204F1C80104F194
:10E0A0006400F2F7C2F96422214604F5FA70F2F72F
:10E0B000BCF900BFD6E710B502460B460AB90020EE
:10E0C00010BD00210DE052F82100C0F3C754FF2C11
:10E0D00001D0012400E000240CB90020F0E7481C26
:10E0E00001469942EFD30120EAE710B504461CB17E
:10E0F00018212046F2F7C0F910BD000038B50446DB
:10E100000CB9002038BD00BF0F48006840F4002063
:10E110000D4908600846006800F40020009000BF28
:10E1200000BF0120A07000250AE0E8B200F00EF860
:10E13000611C4855601C405D08B90020A0706D1C32
:10E14000002DF2D0A078DDE7E04402587FB5054607
:10E150001D480068009015B1002004B070BD1B4838
:10E1600000EB0514207B08B10120F6E700200290A7
:10E17000019000226946204608F0EEF903900398CA
:10E18000C0B2C8B902A9206808F068FA606001A9A5
:10E19000206808F073FAA060606858B1A06848B1C0
:10E1A000BDF80800022805D1BDF80400022801D1FD
:10E1B000012000E000202073207B18B9002020609F
:10E1C0006060A060207BC8E784CE010814AA00200C
:10E1D00010B5044604B910BD1C212046F2F74CF9D5
:10E1E0000020207000BFF6E72DE9F74F84B0044609
:10E1F0000E460698FFF779FFB4B1AEB1A07898B19A
:10E2000096F8700280B196F8710268B12078012802
:10E210000ADA19213046FFF74EFF28B17D2106F1B9
:10E220006400FFF748FF18B9002007B0BDE8F08F81
:10E230002078344901EB0015287B08B90020F4E769
:10E240006868D0F804906868D0F820A0A868406892
:10E250000390A868D0F820B0B9F1000F07D0BAF148
:10E26000000F04D0039810B1BBF1000F01D10020C2
:10E27000DBE7642231464846F2F7D7F84FF4FA72EA
:10E2800006F164015046F2F7D0F8FEF7E9FD0746C3
:10E29000884695E8070008F001FA0290FEF7E0FDD5
:10E2A000C01B61EB08014FF47A720023CDE9000135
:10E2B000F2F78AF8A0610298012808D0286808F0CF
:10E2C000A7F901906069401C60610020ADE7182249
:10E2D00003990698F2F7A9F89BE80700231D07C3E6
:10E2E00006210698FFF7E7FE38B90698FFF7FDFE0E
:10E2F0006069401C6061002097E72069401C206134
:10E30000012092E714AA002070B504460E460CB90D
:10E31000002070BD00250CE004EB850090ED000AA4
:10E3200010EE101A084606F07DF908B90020F0E753
:10E330006D1CB542F0D30120EBE700002DE9FF4F43
:10E340002DED048BA7B006460F469B46DDE9389AB3
:10E350003A9D9FEDFE0A85ED000A9FEDFC0A85EDD2
:10E36000010A9FEDFA0A85ED020A9FEDF80A85ED94
:10E37000030A9FEDF60A85ED040A9FEDF40A85ED88
:10E38000050A66B15FB12D9848B1BAF1000F06D009
:10E39000BBF1000F03D0B9F1000F00D035B9002058
:10E3A00027B0BDEC048B04B0BDE8F08F96F879007F
:10E3B00010B197F8790008B90020F1E70621484626
:10E3C000FFF7A2FF20B102215846FFF79DFF08B9D1
:10E3D0000020E5E796ED080A8DED150A96ED0B0A8B
:10E3E0008DED160A9FEDD90A8DED170A97ED080AF3
:10E3F0008DED180A97ED0B0A8DED190A9FEDD30AE2
:10E400008DED1A0A96ED060A8DED0F0A96ED0E0AAD
:10E410008DED100A9BED000A8DED110A97ED060AAD
:10E420008DED120A97ED0E0A8DED130A9BED010A90
:10E430008DED140A00200EE09FEDC40A21A901EB26
:10E44000800181ED000A9FEDC10A1BA901EB80014B
:10E4500081ED000A401C0628EED399ED000AF6EE85
:10E46000000A20EE200A8DED210A99ED010AF6EE50
:10E47000000A20EE200A8DED220A99ED030AF6EE3D
:10E48000000A20EE200A8DED240A99ED040AF6EE2A
:10E49000000A20EE200A8DED250AD9ED020AB2EE1F
:10E4A000041A60EE810AB0EE600AB3EE041AFBEEC5
:10E4B000040A08F0D3FF8DED1D0AD9ED050AB2EE6E
:10E4C000041A60EE810AB0EE600AB3EE041AFBEEA5
:10E4D000040A08F0C3FF8DED200A002467E0022C37
:10E4E00001D0052C28D11BA800EB840090ED000A78
:10E4F0000AF1340000EB840080ED000A1BA901EB57
:10E50000840191ED001AF0EE410A0FA901EB84019C
:10E5100091ED001AB0EE410A04EBC4020AF14C017D
:10E5200001EB02109FED8A1A0AF030FD09A800EBFA
:10E53000840080ED000A39E021A800EB840090ED12
:10E54000000A2D9800EB8400D0ED000A30EE200A7E
:10E55000B0EE409A0AF1340000EB840080ED009A9E
:10E5600015A901EB8401D1ED000AB0EE600A04EBBD
:10E57000C4020AF14C0101EB02109FED751AF0EE96
:10E58000490A0AF003FD2D98303000EB8400D0EDED
:10E59000000A0FA800EB840090ED001A00EEC10AFB
:10E5A00009A800EB840080ED000A00BF641C062C63
:10E5B00095D3002429E0022C01D0052C12D109A802
:10E5C00000EB8400D0ED000AB0EE600A9FED611A06
:10E5D000DFED610A08F042FF09A800EB840080ED3E
:10E5E000000A11E009A800EB8400D0ED000AB0EEAB
:10E5F000600A9FED5A1ADFED5A0A08F02FFF09A8AA
:10E6000000EB840080ED000A641C062CD3D3182292
:10E6100009A90AF11C00F1F708FF5248006800F14F
:10E620007C089DED0A0A8DED030A9DED0D0A8DED26
:10E63000040A98F81800B8B34A48006890F86800CF
:10E6400090B3DDED160A98ED031A70EEC10AB0EE34
:10E65000600AF2F705FA98F9010000EE900AF8EE68
:10E66000E00A20EE200A8DED010A3E48006890ED98
:10E67000181AF0EE410A9DED011AB0EE410A002091
:10E68000FFF78EF898F901003649096891F968108A
:10E6900010FB01F000EE900AB8EEE01ADDED030A7F
:10E6A00041EE000ACDED030A98F81800B8B32D48E2
:10E6B000006890F8690090B3DDED190A98ED051A2D
:10E6C00070EEC10AB0EE600AF2F7CAF998F90400D8
:10E6D00000EE900AF8EEE00A20EE200A8DED020A24
:10E6E0002048006890ED191AF0EE410A9DED021ADB
:10E6F000B0EE410A0120FFF753F898F904101948C9
:10E70000006890F9690011FB00F000EE900AB8EE85
:10E71000E01ADDED040A41EE000ACDED040A9DED9C
:10E72000090ADDED030A96ED101A00EE810A8DED5F
:10E73000070A9DED030AD6ED0F0A20EE200A8DEDA3
:10E74000050A9DED0C0ADDED040A0DE00000000055
:10E750006F12033B9A9979409A9979C00000204240
:10E76000000020C27CCE010897ED101A00EE810A4D
:10E770008DED080A9DED040AD7ED0F0A20EE200A60
:10E780008DED060A2B48006890ED088ADDED070A3A
:10E79000B0EE600AB0EE481AF1EE480A08F05EFEEC
:10E7A00085ED000ADDED050AB0EE600AB0EE481A0C
:10E7B000F1EE480A08F052FE85ED010ADDED080A87
:10E7C000B0EE600AB0EE481AF1EE480A08F046FED4
:10E7D00085ED020ADDED060AB0EE600AB0EE481AD9
:10E7E000F1EE480A08F03AFE85ED030A1148006888
:10E7F000D0ED038ADDED0B0AB0EE600AB0EE681AC8
:10E80000F1EE680A08F02AFE85ED040ADDED0E0A35
:10E81000B0EE600AB0EE681AF1EE680A08F01EFE6B
:10E8200085ED050A1C2229465046F1F7FEFD012020
:10E83000B6E500007CCE010870B592B004460E46E5
:10E840003448006800F17C05182233490CA8F1F720
:10E85000ECFD18223049183106A8F1F7E6FD182220
:10E860002D4930316846F1F7E0FD0CB912B070BDAA
:10E8700060212046F1F700FE95ED020A95F90000AF
:10E8800000EE900AF8EEE00A9DED0C1A00EE810A07
:10E8900084ED000A95ED030A95F9010000EE900A57
:10E8A000F8EEE00A9DED0D1A00EE810A84ED010AF2
:10E8B00095ED040A95F9030000EE900AF8EEE00ADF
:10E8C0009DED0F1A00EE810A84ED030A95ED050A0D
:10E8D00095F9040000EE900AF8EEE00A9DED101A9A
:10E8E00000EE810A84ED040A182206A904F118003A
:10E8F000F1F79BFD1822694604F13000F1F795FD10
:10E900009FED060A84ED120A9FED040A84ED150AB4
:10E9100000BFABE77CCE0108D8CE0108CDCCCC3D02
:10E9200070B504460D4604B105B970BD4FF46B7166
:10E930002046F1F7A1FD95ED060AB0EE401A9FEDD5
:10E940004E3ADFED4D2A9FED4C2ADFED4B1ADFEDFD
:10E950004A0A9FED4A0A002104F14C00FEF7A6FC8A
:10E9600095ED070AB0EE401A9FED433ADFED422ADB
:10E970009FED412ADFED401ADFED3F0A9FED3F0A90
:10E98000002104F1DC00FEF791FC95ED140AB0EED5
:10E99000402A95ED130AF0EE401A95ED120AB0EEFA
:10E9A000401A9FED353ADFED342ADFED330A9FED53
:10E9B000330A002104F5B670FEF778FC95ED090ADC
:10E9C000B0EE401A9FED2C3ADFED2B2A9FED2A2A5C
:10E9D000DFED291ADFED280A9FED280A002104F552
:10E9E000FE70FEF763FC95ED0A0AB0EE401A9FED4B
:10E9F000223ADFED212A9FED202ADFED1F1ADFEDFD
:10EA00001E0A9FED1E0A002104F52370FEF74EFC3E
:10EA100095ED170AB0EE402A95ED160AF0EE401A71
:10EA200095ED150AB0EE401A9FED133ADFED122A6C
:10EA3000DFED110A9FED110A002104F54770FEF782
:10EA400035FC012184F8D41084F8641184F8841210
:10EA500084F8141395ED000A84ED0D0A95ED010A72
:10EA600084ED0E0A95ED030A84ED100A95ED040A73
:10EA700084ED110A00BF58E70000000000007A444E
:10EA800070B505460E4631462846F2F75FFD04464E
:10EA9000B4F5257F02DD4FF4257403E014F5257FDE
:10EAA00000DA054C00EE104AF8EEC00A9FED031A9A
:10EAB00080EE810A70BD00006CFDFFFF0000254460
:10EAC00070B504460D46A87DA0B99FED1D0A84EDE2
:10EAD000000A9FED1B0A84ED010A9FED190A84EDDF
:10EAE000020A9FED170A84ED030A00202074607467
:10EAF000A07470BDB5F902000A21FFF7C1FF84EDD3
:10EB0000000AB5F900001421FFF7BAFFB1EE400A80
:10EB100084ED010AB5F908001421FFF7B1FF84ED77
:10EB2000020AB5F906001421FFF7AAFF84ED030AD3
:10EB3000A87A2074E87A60740120A07400BFD8E736
:10EB40000000000000B58FB0F2F7B8FD01A8F2F7A1
:10EB5000C9FD1C2201A908A8F1F767FC08A909480A
:10EB6000FFF7AEFF07480BF0A7FF074908709DF8B5
:10EB7000360010B19DF82A0000E000200349087714
:10EB80000FB000BD80B00020A200002060B00020C7
:10EB900010B5012142480AF004F8424908600846CD
:10EBA000006808B9F3F796FC01213F4809F0F9FF26
:10EBB0003E4908600846006808B9F3F78BFC01205D
:10EBC0003B4908703B48FCF7EDFF3B48FCF7EAFF88
:10EBD0003A48006890ED120A364880ED000A37483E
:10EBE000006890ED130A334880ED010A334800684D
:10EBF00090ED160A2F4880ED020A01202D49087376
:10EC00002E48006890ED120A2B4880ED000A2B4830
:10EC1000006890ED130A284880ED010A2748006833
:10EC200090ED170A244880ED020A0120224908735A
:10EC30000020234908700120487088700220214973
:10EC4000087003204870012088701C48006890F804
:10EC50009400A0B11C48FFF7D9F81C48FFF7DCF876
:10EC60001A484430FFF7B4FA002118486030FFF723
:10EC7000E3FD1649603101F16000FFF751FEF1F745
:10EC8000D9FE0E480068007928B11148FBF79CFDB9
:10EC90001048FCF7E1FD02200F49087010BD00008C
:10ECA00020CF0108B000002028CF0108B4000020C8
:10ECB000AE00002048AF0020C4AF00207CCE010889
:10ECC0009C0000209F00002094B0002008B300208A
:10ECD00074B7002010B90020A50000202DE9F041F4
:10ECE000B9480078401CC0B2B7490870022801D268
:10ECF000BDE8F0810020B4490870B44890F84000A5
:10ED000008B1012000E000200746F2F73DFC08B101
:10ED1000022000E000200743AD4890F8500008B101
:10ED2000042000E000200743A94890F8510008B1F2
:10ED3000082000E000200743A54890F8520008B1E1
:10ED4000102000E000200743A14890F8530008B1CC
:10ED5000202000E0002007439D4890F8780008B18B
:10ED6000402000E000200743994890F8790008B15E
:10ED7000802000E00020074300EE107AB8EE400A41
:10ED8000944880ED000A9448407808B1012000E0E2
:10ED9000002005469048807808B1022000E000205D
:10EDA00005438E4890F8790008B1042000E0002067
:10EDB00005438B4890F8790008B1082000E0002056
:10EDC00005430020F3F73EF808B1102000E00020D2
:10EDD00005430120F3F736F808B1202000E00020B9
:10EDE00005430220F3F72EF808B1402000E0002090
:10EDF00005430320F3F726F808B1802000E0002047
:10EE000005430AF071F810B14FF4807000E0002063
:10EE100005430AF06FF810B14FF4007000E00020D5
:10EE2000054300EE105AB8EE400A6A4880ED010A28
:10EE30006C4890F8BA0208B1012000E000200646B4
:10EE4000684890F8710208B1022000E000200643F3
:10EE50006548407F08B1042000E0002006430AF026
:10EE600049F808B1082000E0002006435D4890F80A
:10EE7000700208B1402000E0002006435B480068B3
:10EE800090F8940008B1802000E000200643554827
:10EE900090F8CC0246EA00265548007810B14FF4AD
:10EEA000803000E0002006435248007810B14FF453
:10EEB000003000E00020064300EE106AB8EE400A81
:10EEC000444880ED020A002426E04B4800EB840011
:10EED00090ED000AE01C3F4901EB800080ED000A44
:10EEE0003B48303000EB840090ED000A04F109004B
:10EEF00001EB800080ED000A04F10900394901EBC3
:10EF0000800090ED000A04F10D00324901EB800011
:10EF100080ED000A601CC4B2042CD6DB374890EDAB
:10EF2000000A2C4880ED070A344890ED010A294870
:10EF300080ED080A002414E00CB9012100E0002152
:10EF400023486C3030F9110000EE100AB8EEC00A08
:10EF500004F11D001F4901EB800080ED000A601CD8
:10EF6000C4B2022CE8D300241DE004F10D001D49B9
:10EF700001EB800090ED000A04F11100154901EB4E
:10EF8000800080ED000A04F11300164901EB8000B7
:10EF900090ED000A04F117000E4901EB800080EDAE
:10EFA000000A601CC4B2062CDFD31548006800EECE
:10EFB000100AB8EE400A074880ED1F0A202105F02C
:10EFC00007FA00BF94E600006C0100247CAE00202C
:10EFD000C4AE0020FCBA0020A200002048AF0020F0
:10EFE000C4AF002094B0002040B000207CCE0108C7
:10EFF000AC000020AD000020ECBA0020600100242D
:10F00000A800002010B51548007838B114480068F1
:10F0100020B91248807808B9012000E00020044699
:10F0200044B10E48407828B901200C494870F2F7E5
:10F0300031FE0AE04CB90948407830B10020074958
:10F040004870F2F7E1FBF2F715FE0448407810B182
:10F05000F2F758FE01E0F2F72DFE10BDA2000020ED
:10F06000A80000200E48D0ED070AB0EEE01AB0EE7E
:10F07000410ADFED0C0AB4EEE00AF1EE10FA03DD0E
:10F0800001200949887009E0F7EE000AB4EEE00AB1
:10F09000F1EE10FA02D20020034988707047000098
:10F0A0007CAE00203333B33FA200002070B50024B3
:10F0B0000126002509E02C48405D18B12846F2F7EA
:10F0C0006DFE00B10026681CC5B2042DF3DB0020E4
:10F0D00006E025492831095C01B90026411CC8B267
:10F0E0000228F6D3214890F8400008B944F0010402
:10F0F000F2F74AFA08B944F002040120F1F7F0FDF2
:10F1000008B944F008040EB944F004041848007823
:10F1100058B91848007F30B1F6F756FA1549896991
:10F12000401A642801D344F0100409F0E3FEA0B1B2
:10F130001048407F88B91048006820B9F6F744FAB3
:10F140000D4908600CE0F6F73FFA0B490968401AD0
:10F15000642805D344F0100402E00020064908604A
:10F160000648046070BD000014AF00207CAE002093
:10F17000A500002040B0002068010024A800002065
:10F180002DE9F04F89B004464FF0000AF74E09F020
:10F19000D5F90790F648C06A401CF549C862A06BD3
:10F1A0008863E06B4863206CC1F8E000606C086322
:10F1B000EF4AD4E90010C2E9161094F8480011464D
:10F1C00081F82202302204F10801E948B030F1F759
:10F1D0002CF9C82204F14C01E548F030F1F725F98B
:10F1E000A034E349606FC1F8E400A06FC1F8E80003
:10F1F000E06FC1F8EC0014F8580CA03C88B1084648
:10F20000D0F81002D4F818110843D949C1F81002F7
:10F210000846D0F81402D4F81C110843D449C1F8A8
:10F220001402D348A030D0E90010002359405840C0
:10F23000014307D0CE482268D0F8A000111ACD486B
:10F2400009F0A7FA002514E004F1080000EBC5005E
:10F25000D0E90078002187EA010088EA010108432B
:10F2600006D02068C11BC34800F1040009F091FAE0
:10F270006D1C062DE8D3BE48006920F00400BC498F
:10F28000086194F84800A0B1606C90B10846007C19
:10F2900000F0010068B10846806850B1B6480078B7
:10F2A00038B1B648407820B10846006940F0040003
:10F2B0000861AF48D0E91C10002359405840014371
:10F2C0000CD0AB4BD4E90010D3E91C238A1A60EBB5
:10F2D0000300AB4BD21A70F1000001D3012000E013
:10F2E00000200590A7480078012817D1A648D0E94A
:10F2F000001000225140504001430DD0A249D4E9F2
:10F300000020D1E90031D31A60EB010042F2107203
:10F310009A1A70F1000001D3012000E0002081461C
:10F320009848007808B100200590B9F1000F03D08B
:10F33000954AD4E9000103C2059830B38C48D0F84F
:10F34000C001401C8A49C1F8C0010846D0E91C1020
:10F35000002251405040014304D085482168006F8D
:10F36000081A00E000200490814AD4E90001C2E9B3
:10F370001C010E208549CDE90010D4E900010723C6
:10F380006832CDE9020109F0BBFD07980BF0B6FB2E
:10F39000059828B9B9F1000F02D109B0BDE8F08F86
:10F3A000D4E900014FF4E272CDE9000104216F4875
:10F3B00017380AF097FD6E48C16A304600F050FEDB
:10F3C00094F8480010B16A48006B00E00020014644
:10F3D000301D00F045FE06F10800A16B00F040FE74
:10F3E00006F10C00E16B00F03BFE06F11000049901
:10F3F00000F036FE002106F1140000F031FE00227C
:10F40000134606F1180000F036FE0022134606F1FE
:10F41000200000F030FE00257BE04FF0000B04F1EF
:10F42000080000EBC500D0E90078042D01D2284681
:10F4300000E0281F0690042D0FD25548405D60B1B2
:10F44000002187EA010088EA0101084301D0102069
:10F4500000E0002040F0070B12E0042D10D34C48D0
:10F4600028300699405C58B1002187EA010088EAFB
:10F470000101084301D0102000E0002040F0030B00
:10F4800004F5A87101EB8501D1ED000AB0EE600A28
:10F4900006F5B27101EB850000F0D4FD04F5907122
:10F4A00001EB8501D1ED000AB0EE600A06F5BE71F0
:10F4B00001EB850000F0C6FD04F59C7101EB8501B0
:10F4C000D1ED000AB0EE600A06F5CA7101EB8500C5
:10F4D00000F0B8FD06F5D67101EB85009FED2D0A11
:10F4E00000F0B0FD06F1280101EBC5003A464346A5
:10F4F00000F0C1FD06F16C0101EB8500594600F0FA
:10F50000AFFDBBF1000F03D00120A84040EA0A0A7A
:10F510006D1C062D81D3514606F1580000F0A0FD68
:10F520001348D0F8E01006F15C0000F099FD94F863
:10F53000480010B1D4F8180100E00020014606F19F
:10F54000600000F08DFD94F8480010B1D4F81C0163
:10F5500000E00020014606F1640000F081FD94F80F
:10F560004800C8B1D4F8140117E00000EF8A002465
:10F57000081E0024FC1F0024AE000020A200002072
:10F58000400D0300A001002490010024E09304003A
:10F5900014AF00200000C07F0020014606F1680083
:10F5A00000F05EFD94F8480010B104F14C0000E05A
:10F5B00000200146322206F1840008F065F900259A
:10F5C0000EE004F5B47101EB8501D1ED000AB0EE57
:10F5D000600A06F5A67101EB850000F033FD6D1C95
:10F5E000042DEED300250FE0291D04F5B47202EBC3
:10F5F0008101D1ED000AB0EE600A06F5AE7101EBB3
:10F60000850000F01FFD6D1C022DEDD3B9F1000F38
:10F6100003D009480AF082FC0CE00021064808F0FB
:10F62000B1F800F0A1F92168401A0146039003489F
:10F6300009F0AFF800BFB0E6D88A0024F01F00241C
:10F6400070B503460C464FF0FF3100220EE0985C87
:10F650004140002507E001F001004042054E3040E6
:10F6600080EA51016D1C082DF5D3521CA242EED345
:10F67000C84370BD2083B8ED2DE9F0470446154618
:10F680001E46DDF82090B9F81400B0F5806F02D95D
:10F690000020BDE8F08729A00068206001202071CB
:10F6A00099F8160060712821A01D00F0D5FCB9F86A
:10F6B000141004F1080000F0CFFC002104F10A004E
:10F6C00000F0CAFC04F10C00D9F8101000F0C8FCDE
:10F6D0002A46334604F1100000F0CDFC04F1180076
:10F6E000D9F8081000F0BCFCD9E900733A4604F1DF
:10F6F0001C0000F0C0FC04F12400D9F80C1000F04C
:10F70000AFFCB9F8142009F1170104F12800F0F753
:10F710008CFEB9F8140000F128012046FFF790FF95
:10F720000746B9F8142004F128015018394600F0B2
:10F7300097FCB9F814002C3080B2AAE7533252314A
:10F740000000000070B508F0F9FE04461248806819
:10F7500030B11148007C00F0110008B1012000E038
:10F76000002005460C48006920F034000A49086171
:10F770000020C86120460BF0C1F965B10648806AD7
:10F78000421C0421062008F01DF8002000F02AFD8C
:10F79000012000F027FD70BD081E00242DE9F04F68
:10F7A0008BB081461746984600200A90142264497F
:10F7B00004A8F0F73AFE63A103C9CDE9020100F005
:10F7C000D3F805460E4608F0B9FE09905F48C0F828
:10F7D0003490C0E9287809980BF090F95B48D0E99B
:10F7E0001E1000235940584001430DD05749D1E91C
:10F7F0001E012B1A66EB01005549591A70F10000E1
:10F8000002D20BB0BDE8F08F08F098FE09904F4887
:10F81000C0E91E5609980BF071F9582205214D4890
:10F82000CDE900560AF05EFB49464A48173000F021
:10F8300017FC3A46434647481B3000F01CFC0024A6
:10F840002FE0032C03D2444890F8380002E04348EC
:10F8500090F8400083464FF0000A15E0BBF1000F1E
:10F860000ED004A850F8240000EB8A0090ED000AA6
:10F8700010EE101A084604F0DEFE08B1012000E088
:10F88000002083460AF1010A02A8005D5045E5D830
:10F89000BBF1000F04D00120A0400A9908430A9050
:10F8A000641C052CCDD32B4823300A9900F0D8FBDB
:10F8B00000212848273000F0D3FB042226492431B8
:10F8C00024482B3007F0E0FF002424E022491831BF
:10F8D00001EB8401D1ED000A9FED211A60EE810A4F
:10F8E000B0EE600A1B493B3101EB840000F0AAFB3B
:10F8F00019490C3101EB8401D1ED000A9FED191A71
:10F9000060EE810AB0EE600A1249473101EB8400D3
:10F9100000F098FB641C032CD8D304220F490D4837
:10F92000533007F0B1FF03220C49283109486330F6
:10F9300007F0AAFF0021074807F024FF00BF60E797
:10F940003CCF01080403030403000000081E002448
:10F9500020A10700F08E0024441600247CAE002075
:10F9600035FA8E3C0AE81C4170B5FDF779FA044679
:10F970004FF47A720023F0F727FD70BD2DE9F041B6
:10F9800004460F4615461E4608F0D8FD8046184826
:10F99000006A401C164908620846C0E91056006912
:10F9A00020F01800086124B10846006940F0080002
:10F9B00008614FB10E48406A401C0D494862084634
:10F9C000006940F01000086164B90948006920F03E
:10F9D0002400074908610846006940F48060086116
:10F9E0000020C86140460BF089F8BDE8F0810000B6
:10F9F000081E00242DE9FC5F06468A469146FFF763
:10FA0000B3FF04460D4657480078022805D1002070
:10FA1000554981F82402BDE8FC9F5348D0E91810ED
:10FA200000235940584001430FD04F49D1E91801F4
:10FA3000221A65EB01004D49511A70F1000004D201
:10FA40000020494981F82402E5E70120464981F870
:10FA50002402D42203214648CDE900450AF042FAA7
:10FA6000434803C84FF40072CDE900010721414823
:10FA70000AF038FA08F062FD83463B488069401C72
:10FA8000394988610846D0F8BC01401CC1F8BC0166
:10FA90000D203949CDE900103549D1E90071032322
:10FAA000314A6032384609F02BFA2F4881693048D4
:10FAB000173000F0D5FA2C48016A2D481B3000F0B1
:10FAC000CFFA2948416A2A481F3000F0C9FA26486F
:10FAD000816A2748233000F0C3FA2348D0E9107325
:10FAE0003A462348273000F0C6FA1F48816921486A
:10FAF000173000F0B5FA1C48416A1E481B3000F070
:10FB0000AFFA1948816A1B481F3000F0A9FA58461D
:10FB10000AF0F4FF1922314615483F3007F0B4FED1
:10FB2000032249461248DF3007F0AEFE7D225146DF
:10FB30001048233007F0A8FE0D48D0E900100A4A0B
:10FB4000C2E912101146D1E91201C2E914011046AE
:10FB5000D0E912733A4606482F3000F08CFA00BF05
:10FB600059E70000A0010024081E0024400D0300F6
:10FB7000A8820024C0860024E09304002DE9F04709
:10FB80000646884691464948D0E9144590F8240233
:10FB900008B9BDE8F0870020444981F824022246D4
:10FBA0002B46434800F067FA0622002140486C309B
:10FBB00007F06AFE0EB1404600E000200146062232
:10FBC0003B48843007F060FE0EB1484600E000205C
:10FBD0000146032236489C3007F056FE08F0AEFC82
:10FBE00082463248806C211A324808F0D2FD36B184
:10FBF0002E48007C00F0010008B9012000E0002040
:10FC000007462A48006920F484602849086146B103
:10FC10000846006940F02100086108468069C86113
:10FC20000DE02248006920F004002049086100200E
:10FC3000C8610846D0F80002401CC1F800020AF072
:10FC4000D1FE1B493739C8600846C0681A49C860E8
:10FC500050460AF053FF27B100221146022007F058
:10FC6000B1FD00211248373807F08CFDA7B90F48C5
:10FC70008030D0E9001000235940584001430BD098
:10FC80000A488030D0E90010631A65EB00000B4A87
:10FC90009A1A70F1000006D30121074807F072FD9F
:10FCA0000248803030C000BF73E70000081E002407
:10FCB000DF820024EC1F0024C0860024404B4C004F
:10FCC0000148C06970470000081E00242DE9FC5F50
:10FCD000CD4890F8230208B908F070FBFFF744FE06
:10FCE00004460D46C948007808B1012000E0002014
:10FCF0008146C54890F82002484535D0C448407830
:10FD000090BBC148806878BBC248D0F888002028E2
:10FD10002AD108F013FC8246BF4890F85202BA4933
:10FD200091F8211209B1012100E000210144BA48F3
:10FD3000D0F844020144B848C0F84412002180F8C9
:10FD4000511280F8501280F85212C0F84C12002064
:10FD5000AD4981F82102084680F82092012081F8FF
:10FD60003C0250460AF0CAFEA74890F8200210B99B
:10FD70000020BDE8FC9FA448D0E9001000235940B2
:10FD80005840014301D10120F3E7204629460AF0FB
:10FD900037F900F0A3FA07F097FB9B48D0F8400230
:10FDA0009E490968884216D09C4A12680AB103220B
:10FDB00000E000221146994A12680AB1042200E0CC
:10FDC00005221046954A126807F0FCFC934800682B
:10FDD0008D49C1F840028C4890F83C0248B18A48ED
:10FDE000D0F8340228B106F09BFF8748903030C02D
:10FDF0001AE08548B0F82A028349B1F828128842EF
:10FE000012D181489030D0E90010611A65EB0000F2
:10FE1000834BC91A70F1000006D300207A49A1F87B
:10FE20002A0201F1900030C07E48006800F0020014
:10FE3000002864D17448B0F82A027349B1F8281236
:10FE400088425CDA7049983105C9211A65EB0200D5
:10FE5000754A891A70F1000051D36B48B0F8280236
:10FE60006949B1F82A12461AB6F5007F01D94FF454
:10FE7000007606F10C0082B201216C48CDE9004504
:10FE80000AF030F86048D0F83802684988605E4867
:10FE9000D0F82C126548173000F0E2F85A48B0F854
:10FEA0002A02410A61481B3000F0D6F85648B0F8E3
:10FEB000280200F2FF10410A5C481D3000F0CCF827
:10FEC0005148B0F8281259481F3000F0C9F84E4880
:10FED000B0F82A02564A8118324654482330F0F7C7
:10FEE000A4FA0121514807F04DFC4748B0F82A0216
:10FEF00030444549A1F82A0201F1980030C0424936
:10FF0000883103C9221A65EB01004A4BD21A70F1FD
:10FF1000000003D32046294608F036F93D48D0F8C2
:10FF20008800202808D03848D0F81C02401C3649E8
:10FF3000C1F81C0201201CE7334890F8210218BBCD
:10FF40003149A83103C9201A75EB01001CD308F010
:10FF5000F5FA82463549384800F09AF80646504688
:10FF60000AF0CCFD0EB9012003E730482649009085
:10FF7000D1E900733A463148FFF77EFB2249A1F8E8
:10FF80002602012081F821021F4890F8210208B9B9
:10FF90000120EEE61C48B0F826122848F2F706FACF
:10FFA0001948B0F8262225491A48FAF755F810BB27
:10FFB0000020154981F821020846B0F826020A21DE
:10FFC000A0FB01011B4A0023A0FB027B01FB02B145
:10FFD00000FB03111A4A3846F0F7F6F9021941EB13
:10FFE000050040F2DC53D21840F100000649A83168
:10FFF000C1E9002006E00448D0F81C02401C024978
:020000040801F1
:10000000C1F81C020120B4E6081E0024700100247F
:10001000A2000020200B002450800024A800002013
:10002000002D310178010024E0930400089300249E
:100030002097002440420F0050200024C0010024DB
:100040000094110031B52DED020B0446009D2946A8
:10005000204600F005F83EBD01700A12427070475C
:100060000246002004E0C30021FA03F31354401CAD
:100070000428F8D3704770B5064614461D4621463D
:100080003046FFF7EDFF2946301DFFF7E9FF70BD51
:1000900070B504460D4646F25220005D08B90020B6
:1000A00070BD46F25020005D00EB400303EBC01032
:1000B00004EBC000808A00F1170246F25020005D78
:1000C00000EB400303EBC01004EBC0012846F0F73F
:1000D000ACF946F25020005D401C1821B0FBF1F253
:1000E00001FB120146F250200155801C005D401EAC
:1000F000C1B246F252200155801F0159A88A2C3006
:10010000091A46F24C2001510120C9E72DE9F041BE
:1001100004460D46174646F2402050F80480005928
:10012000401C46F240210851A88AB0F5806F0AD8D9
:1001300046F25220005D182805D277B946F25220C7
:10014000005D142809D346F244200059401C46F2B1
:10015000442108510020BDE8F08146F25120005DA5
:1001600000EB400101EBC01004EBC006D5E9000133
:10017000C6E90001A868B060E868F060C6F81080C1
:10018000A88AB082A87DB075AA8A05F1170106F188
:100190001700F0F74AF946F25120005D401C182183
:1001A000B0FBF1F201FB120146F251200155401C57
:1001B000005D401CC1B246F252200155801F01591A
:1001C000A88A2C30014446F24C2001510159001FED
:1001D0000059814204D946F24C200159001F0151B7
:1001E0000120B8E72DE9F04104460026002708F079
:1001F000A5F90546FCB12F488068E0B92D48C068D4
:10020000401C2C49C860886000208861C861086271
:1002100048620846806A401C88624FF4806008612A
:100220000021244A8032116051600120214981F867
:100230003C0201260AE04CB91E48806830B11D48D6
:10024000006920F004001B490861012728460AF0D4
:1002500055FC36B100F034F800221146012007F0B9
:10026000B1FA27B31448807808B106200AE0134891
:10027000006808B1032005E00F48407808B9022063
:1002800000E0012001460D480268032007F09AFAB9
:1002900008F054F90546002006498860012081F8DD
:1002A0003C0200200861C86128460AF027FCBDE82E
:1002B000F0810000081E0024A2000020A8000020F9
:1002C00010B50020044908614861302102483030EF
:1002D000F0F7D2F810BD000080BB002010B54FF43D
:1002E000C0710848F0F7C8F80AF084F80AF054F82A
:1002F0000AF0DCF8034809F099FF0248FEF740FFD6
:1003000010BD0000E0BB00200268516902689269DC
:1003100042F0080203689A610268926942F0100292
:1003200003689A610268126822F0010203681A6089
:100330000268126940F26F339A4303681A610268D7
:10034000926822F4404203689A6090F88120042A5F
:100350000ED001F020025AB1D0F8842042F0800281
:10036000C0F884200268926942F0200203689A6112
:1003700090F88120032A0ED001F040025AB1D0F843
:10038000842042F00402C0F884200268926942F09E
:10039000400203689A6101F400725AB1D0F88420D7
:1003A00042F00102C0F884200268926942F40072AF
:1003B00003689A6101F480725AB1D0F8842042F047
:1003C0000802C0F884200268926942F480720368CF
:1003D0009A610022A0F86220A0F86A20704710B548
:1003E00001460124C86B04EB5013C868421CD01DA1
:1003F000C20802FB03F010BD2DE9F04106460D4690
:1004000017461C46DDF818800BE0F5F7DDF8A0EB89
:100410000800A04201D3601C00B914B90320BDE854
:10042000F081306840692840A84201D1012000E0F5
:100430000020B842E9D00020F1E730B501460A4675
:100440001378521C147843EA042030BDFCF7ACFC4E
:1004500000BF012008F094FBFBE7000010B500BFCF
:10046000502080F31188BFF34F8FBFF36F8F00BF11
:100470000BF01AFD18B14FF080500449086000BF1E
:10048000002080F3118800BF10BD000004ED00E0E3
:1004900000B59DB04C210AA8EFF7EEFF202102A87D
:1004A000EFF7EAFF0220F6F785F800BF0020019081
:1004B0002C48006820F440402A490860084600683B
:1004C00000F44040019000BF00BF00BF2548006815
:1004D00000F40050B0F5005FF8D123200A904FF4EB
:1004E00080300B9001200D9040200E900120109044
:1004F0000220139002211491032115914421169199
:100500000121179103211891022119910C211A91AF
:1005100000211B914FF4C0511C910AA8F7F7AEFCC3
:1005200008B1F1F7D7FF3F2002900320039000208D
:100530000490082005904020069007900001089044
:1005400040200990032102A8F7F714F908B1F1F748
:10055000C1FF4FF4802200210846F7F731FC1DB09F
:1005600000BD0000184802582F48006840F4700091
:100570002D4908602D48006800F00F00072806D2BA
:100580002A48006820F00F00C01D2849086028484C
:10059000006840F00100264908600020244910311D
:1005A00008602348006823490840214908601F4823
:1005B000006800F00F00072806D91C48006820F0EA
:1005C0000F00C01D19490860002019491831086042
:1005D000091D0860091D0860174815492831086081
:1005E0001648091D08601648091D08600020091DED
:1005F00008601348091D08600020091D08601048A4
:10060000091D08600020091D08600948006820F4E1
:10061000802007490860002005496031086043F2E6
:10062000D20008490860704788ED00E000200052C1
:10063000004402587FEDF6EA000202020000FF01CA
:10064000800201010040005210B50248F8F7C3FCD7
:1006500010BD0000A817002010B50248F8F7BBFC39
:1006600010BD00001017002010B502682E4B9842F4
:100670000ED0B0F1804F0BD02C4B984208D02C4BB1
:10068000984205D02B4B984202D02B4B984203D175
:1006900022F070024B681A43234B98421DD0B0F1F0
:1006A000804F1AD0214B984217D0214B984214D03A
:1006B000204B984211D0204B98420ED01F4B9842AD
:1006C0000BD01F4B984208D01E4B984205D01E4BB2
:1006D000984202D01D4B984203D122F44072CB685D
:1006E0001A4322F080034C6943EA04028B68C36218
:1006F0000B6883620C4B98420BD00F4B984208D08A
:100700000E4B984205D00E4B984202D00D4B9842AA
:1007100001D10B690363036843F004030360012301
:100720004361026010BD0000000001400004004071
:1007300000080040000C004000040140004001405F
:10074000004401400048014000E0004000E4004057
:1007500030B5026A056A25F00105056243688469BF
:10076000204D2C4024F003040D682C4322F002029B
:100770008D682A431C4DA84200D10FE01B4DA842B2
:1007800000D10BE01A4DA84200D107E0194DA84254
:1007900000D103E0184DA84206D100BF22F00802A4
:1007A000CD682A4322F004020F4DA8420BD00F4D12
:1007B000A84208D00E4DA84205D00E4DA84202D046
:1007C0000D4DA84207D123F4807323F400734D69C3
:1007D0002B438D692B43436084614D6845630262FE
:1007E00030BD00008FFFFEFF00000140000401400B
:1007F00000400140004401400048014030B5026A19
:10080000056A25F01005056243688469224D2C4075
:1008100024F440740D6844EA052422F020028D6817
:1008200042EA05121D4DA84200D10FE01C4DA8421E
:1008300000D10BE01B4DA84200D100BF1A4DA842C9
:1008400000D100BF194DA84207D106E022F0800276
:10085000CD6842EA051222F04002104DA8420BD0AA
:100860000F4DA84208D00F4DA84205D00E4DA8420A
:1008700002D00E4DA84209D123F4806323F4006313
:100880004D6943EA85038D6943EA850343608461CA
:100890004D688563026230BDFF8FFFFE000001409E
:1008A0000004014000400140004401400048014074
:1008B00030B5026A056A25F4807505624368C4692B
:1008C000224D2C4024F003040D682C4322F40072C6
:1008D0008D6842EA05221E4DA84200D10FE01D4D51
:1008E000A84200D10BE01C4DA84200D100BF1B4D17
:1008F000A84200D100BF1A4DA84207D106E022F459
:100900000062CD6842EA052222F48062104DA842BE
:100910000BD0104DA84208D00F4DA84205D00F4D66
:10092000A84202D00E4DA84209D123F4805323F4EB
:1009300000534D6943EA05138D6943EA051343608B
:10094000C4614D68C563026230BD00008FFFFEFFC9
:10095000000001400004014000400140004401400B
:100960000048014030B5036A056A25F480550562E8
:100970004468C269124D2A4022F440720D6842EA6E
:10098000052223F400538D6843EA05330D4DA84238
:100990000BD00D4DA84208D00C4DA84205D00C4DEF
:1009A000A84202D00B4DA84204D124F480444D69E2
:1009B00044EA85144460C2614D680564036230BD39
:1009C000FF8FFFFE00000140000401400040014095
:1009D000004401400048014030B5026A056A25F430
:1009E000803505624368446D114D2C400D682C43E1
:1009F00022F400320D8942EA05420E4DA8420BD086
:100A00000D4DA84208D00D4DA84205D00C4DA8426E
:100A100002D00C4DA84204D123F480334D6943EA3F
:100A20000523436044654D688565026230BD000062
:100A30008FFFFEFF00000140000401400040014024
:100A4000004401400048014030B5026A056A25F4BF
:100A5000801505624368446D114D2C400D6844EAD1
:100A6000052422F400120D8942EA05520D4DA842D8
:100A70000BD00D4DA84208D00C4DA84205D00C4D0E
:100A8000A84202D00B4DA84204D123F480234D6923
:100A900043EA8523436044654D68C565026230BD05
:100AA000FF8FFFFE000001400004014000400140B4
:100AB000004401400048014010B50249024800F0DE
:100AC00077FA10BD201B00246409002410B50248E9
:100AD000F8F7D8FD10BD0000F809002410B5024950
:100AE000024800F065FA10BDA01600248C0A00240C
:100AF00070B5456E2DB90125A0F86A50A0F8685070
:100B00001CE0102310240568AD68C5F34261056838
:100B1000AD686A0F0A4DAD5C15FB04F5094EB65C75
:100B200095FBF6F5A0F86A50054D6D5C15FB03F5D5
:100B3000044E765C95FBF6F5A0F8685070BD000099
:100B400010C5010818C5010890F8281001F0080127
:100B5000082907D10168496821F40041826B1143DB
:100B60000268516090F8281001F0010139B1016864
:100B7000496821F40031C26A11430268516090F85B
:100B8000281001F00201022907D10168496821F407
:100B90008031026B11430268516090F8281001F017
:100BA0000401042907D10168496821F48021426BBE
:100BB00011430268516090F8281001F010011029CB
:100BC00007D10168896821F48051C26B1143026822
:100BD000916090F8281001F02001202907D10168C8
:100BE000896821F40051026C11430268916090F809
:100BF000281001F04001402913D10168496821F40F
:100C00008011426C114302685160416CB1F5801F44
:100C100007D10168496821F4C001826C1143026860
:100C2000516090F8281001F08001802907D10168F7
:100C3000496821F40021C26C114302685160704779
:100C400038B504460020C4F89000F4F7BDFC054612
:100C50002068006800F00800082821D16FF07E406D
:100C60002B4600224FF400110090204600F00EFFAA
:100C7000B0B100BF00BF216851E8001F21F0800023
:100C8000226842E800010029F5D100BF2020C4F805
:100C9000880000BF002084F8840000BF032038BD16
:100CA0002068006800F00400042830D16FF07E4016
:100CB0002B4600224FF480010090204600F0E6FE13
:100CC00028B300BF00BF216851E8001F21F49070D5
:100CD000226842E800010029F5D100BF00BF00BF33
:100CE0002168083151E8001F21F001002168083116
:100CF00041E80002002AF3D100BF2020C4F88C0094
:100D000000BF002084F8840000BF0320C7E7202034
:100D1000C4F88800C4F88C000020E066206700BF9B
:100D200084F8840000BF00BFB9E770B50446A56B26
:100D30000020A5F85E002846F8F7A2FC70BD2DE95A
:100D4000F0410546AC6BD4F88860D4F88C7020680C
:100D5000806800F08000802807D1212E05D1002076
:100D6000A4F85600204600F003F92068806800F0DF
:100D70004000402807D1222F05D10020A4F85E00B2
:100D8000204600F0A7F8D4F8900040F01000C4F816
:100D900090002046F8F774FCBDE8F08170B5054678
:100DA000AC6BE869B0F5807F40D00020A4F85E000D
:100DB00000BF00BF216851E8001F21F48070226845
:100DC00042E800010029F5D100BF00BF00BF216843
:100DD000083151E8001F21F001002168083141E885
:100DE0000002002AF3D100BF00BF00BF2168083114
:100DF00051E8001F21F040002168083141E800025D
:100E0000002AF3D100BF2020C4F88C00E06E012836
:100E10000CD100BF00BF216851E8001F21F0100075
:100E2000226842E800010029F5D100BF00202067B8
:100E3000E06E012805D1B4F85C102046F8F7BEFB3F
:100E400002E02046F9F706F970BD70B50546AC6BB7
:100E500001202067E06E012806D1B4F85C0041084B
:100E60002046F8F7ABFB02E02046F9F7F4F870BD36
:100E700070B50546AC6BE869B0F5807F1ED00020E8
:100E8000A4F8560000BF00BF2168083151E8001FD8
:100E900021F080002168083141E80002002AF3D1E6
:100EA00000BF00BF00BF216851E8001F41F04000B3
:100EB000226842E800010029F5D102E02046F9F756
:100EC0001BF970BD70B50446A56B2846F9F715F9F6
:100ED00070BD000000BF00BF026852E8002F22F47E
:100EE0009071036843E80012002AF5D100BF00BFEB
:100EF00000BF0268083252E8002F104B02EA0301DB
:100F00000268083242E80013002BF2D100BFC16E24
:100F100001290CD100BF00BF026852E8002F22F067
:100F20001001036843E80012002AF5D100BF202118
:100F3000C0F88C100021C16641677047FEFFFFEFCB
:100F400010B5044600BF00BF216851E8001F21F022
:100F50004000226842E800010029F5D100BF2020AE
:100F6000C4F888000020A0672046F9F7C5F810BD36
:100F700000BF00BF026852E8002F22F0C0010368E2
:100F800043E80012002AF5D100BF00BF00BF02688D
:100F9000083252E8002F22F400010268083242E8C9
:100FA0000013002BF3D100BF2021C0F88810704738
:100FB0002DE9F04105460C462868C06900F00100A3
:100FC00010B10120296808622868C06900F0020099
:100FD000022801D1296808622868C06900F004006D
:100FE000042801D1296808622868C06900F0080057
:100FF000082801D1296808620020C5F890002868F7
:10100000C06900F01000102801D0BDE8F081102068
:1010100029680862606800685249884258D0606850
:10102000006850491831884252D0606800684D49C4
:10103000303188424CD0606800684A494831884263
:1010400046D06068006847496031884240D0606897
:1010500000684449783188423AD060680068414964
:101060009031884234D0606800683E49A831884297
:101070002ED0606800683C49884229D060680068CA
:1010800039491831884223D06068006836493031C8
:1010900088421DD06068006833494831884217D0C3
:1010A0006068006830496031884211D0606800682B
:1010B0002D49783188420BD0606800682A49903108
:1010C000884205D0606800682749A831884203D16A
:1010D00060680068406802E0606800684068B4F8D2
:1010E0002412081A1FFA80F8B4F82602404504DCDE
:1010F000B4F82602A8EB000005E0B4F82402B4F826
:101100002612401A404486B206B97EE7B4F824128B
:1011100004F12000F1F794F9B4F82402B4F826128F
:10112000401A87B2B74200DD3746B4F8262204F1F0
:10113000200011183A4604F59070EFF776F9BE4298
:1011400007DDF21B04F59071C81904F12001EFF7D7
:101150006CF9A4F82682A4F82062012084F8220207
:1011600000BF52E710000240100402402DE9F04198
:1011700006460D4614461F46DDF81880356074603B
:10118000A6F824720020A6F82602C6F8288239465E
:1011900006F12000F1F754F93A4606F120012846FD
:1011A000F8F72AFF64492068884249D0624918311B
:1011B0002068884244D060493031206888423FD05E
:1011C0005D494831206888423AD05B4960312068E7
:1011D000884235D0584978312068884230D0564905
:1011E0009031206888422BD05349A831206888422A
:1011F00026D052492068884222D0504918312068B0
:1012000088421DD04D4930312068884218D04B4962
:1012100048312068884213D04849603120688842AC
:101220000ED0464978312068884209D04349903130
:101230002068884204D04149A8312068884206D1FC
:101240002068006820F008002168086005E0206838
:10125000006820F00400216808603749206888424F
:1012600049D0354918312068884244D0324930315C
:10127000206888423FD030494831206888423AD0BF
:101280002D4960312068884235D02B49783120685B
:10129000884230D028499031206888422BD0264996
:1012A000A8312068884226D024492068884222D06C
:1012B00022491831206888421DD0204930312068E9
:1012C000884218D01D4948312068884213D01B49F4
:1012D0006031206888420ED01849783120688842F1
:1012E00009D0164990312068884204D01349A831AA
:1012F0002068884206D12068006820F0100021682C
:10130000086005E02068006820F00200216808609D
:101310002868006840F010002968086028680068A4
:1013200040F48070296808602868806840F00100F7
:1013300029688860BDE8F081100002401004024076
:101340002DE9F04104460F4690461CB117B1B8F1A3
:10135000000F02D10020BDE8F08100BFEFF3108044
:10136000054672B694F8220210B1B4F8200200E0EB
:1013700000200646464500DD00262EB1324604F523
:1013800090713846EFF751F8002084F8220200BF30
:1013900085F3108800BF3046DDE700002DE9F04FEF
:1013A00089B0054600200890F8492868884200D195
:1013B00000E000BF2969A868084369690843E96932
:1013C00040EA010828680068F149084040EA08003E
:1013D000296808602868406820F44050E96808439C
:1013E00029684860D5F81880E8492868884202D002
:1013F000286A40EA080828688068E649084040EA08
:101400000800296888602868C06A20F00F00696AAF
:1014100008432968C86200BFDF492868884220D194
:10142000DE48006800F03800182811D005DC48B10B
:10143000082809D0102811D108E020280AD028282F
:101440000CD109E001240BE0042409E0082407E0A2
:10145000102405E0202403E0402401E0802400BFA4
:1014600042E1CF492868884219D1CC48006800F091
:101470000700062810D2DFE800F0030507090B0D6E
:1014800000240BE0042409E0082407E0102405E010
:10149000202403E0402401E0802400BF24E1C1496E
:1014A0002868884219D1BD48006800F00700062866
:1014B00010D2DFE800F0030507090B0D00240BE054
:1014C000042409E0082407E0102405E0202403E0B8
:1014D000402401E0802400BF06E1B3492868884227
:1014E00019D1AE48006800F00700062810D2DFE8E6
:1014F00000F0030507090B0D00240BE0042409E0AC
:10150000082407E0102405E0202403E0402401E043
:10151000802400BFE8E0A5492868884219D19F4887
:10152000006800F00700062810D2DFE800F003058D
:1015300007090B0D00240BE0042409E0082407E050
:10154000102405E0202403E0402401E0802400BFB3
:10155000CAE097492868884220D19048006800F086
:101560003800182811D005DC48B1082809D0102807
:1015700011D108E020280AD028280CD109E0012444
:101580000BE0042409E0082407E0102405E02024EF
:1015900003E0402401E0802400BFA5E085492868DD
:1015A000884219D17D48006800F00700062810D253
:1015B000DFE800F0030507090B0D00240BE004240D
:1015C00009E0082407E0102405E0202403E040247B
:1015D00001E0802400BF87E077492868884219D15C
:1015E0006E48006800F00700062810D2DFE800F01F
:1015F000030507090B0D00240BE0042409E008246F
:1016000007E0102405E0202403E0402401E08024CA
:1016100000BF69E069492868884220D15F480068B6
:1016200000F03800182811D005DC48B1082809D08E
:10163000102811D108E020280AD028280CD109E070
:1016400001240BE0042409E0082407E0102405E04D
:10165000202403E0402401E0802400BF44E05849F6
:101660002868884220D14D48006800F038001828CA
:1016700011D005DC48B1082809D0102811D108E0A4
:1016800020280AD028280CD109E001240BE00424EA
:1016900009E0082407E0102405E0202403E04024AA
:1016A00001E0802400BF1FE03849286888421AD131
:1016B0003A48001D006800F00700062810D2DFE855
:1016C00000F0030507090B0D02240BE0042409E0D8
:1016D000082407E0102405E0202403E0402401E072
:1016E000802400BF00E0802400BF28492868884289
:1016F0004BD1102C1AD006DC022C09D0042C0BD0B4
:10170000082C29D10DE0202C21D0402C24D120E020
:10171000F4F78AFF064623E005A8F4F797FF069E34
:101720001EE002A8F5F7AAF8039E19E01B485438FA
:101730000068C0F3401040B1184854380068C0F346
:10174000C101204820FA01F600E01E4E08E01E4EBE
:1017500006E04FF4004603E000260120089000BF99
:1017600000BF002E10D01949686A31F81000B6FB8E
:10177000F0F9686800EB4000484503D8686800034A
:10178000484525D20120089007E153E0000C00589D
:10179000F369FFCFFFF4FF110010014054440258D9
:1017A0000044004000480040004C00400050004011
:1017B0000014014000780040007C00400018014007
:1017C000001C01400090D00300093D00F8C401084E
:1017D0007849686A31F810C06246002330461946DD
:1017E000EEF7F2FD4FF4807C00220346A3FB0C0BC6
:1017F00001FB0CB103FB02136968490884461CEB2A
:10180000010143EB0200CDE90010D5F804C06246A7
:10181000002308460199EEF7D7FD0746B7F5407F4C
:1018200005D3B7F5801F02D22868C760B5E0012054
:101830000890B2E0E869B0F5004F5BD1082C1AD0EF
:1018400005DC5CB1012C0DD0042C2DD10EE0102C48
:1018500016D0202C23D0402C26D122E0F6F776F9A2
:10186000064625E0F6F784F9064621E005A8F4F7D8
:10187000EDFE069E1CE002A8F5F700F8039E17E0B7
:101880004D480068C0F3401038B14B480068C0F3C1
:10189000C1014A4820FA01F600E0484E08E0484EEF
:1018A00006E04FF4004603E000260120089000BF48
:1018B00000BF7EB33F49686A31F81000B6FBF0F014
:1018C0004000696800EB5100B0FBF1F7102F0ED318
:1018D000B7F5803F0BD24FF6F07007EA000AC7F366
:1018E00042004AEA000A2868C0F80CA055E001202E
:1018F000089052E0082C1BD005DC64B1012C0ED0FE
:10190000042C2ED10FE0102C17D0202C24D0402CEA
:1019100027D123E041E0F6F719F9064625E0F6F76E
:1019200027F9064621E005A8F4F790FE069E1CE084
:1019300002A8F4F7A3FF039E17E01F480068C0F356
:10194000401038B11C480068C0F3C1011B4820FAA0
:1019500001F600E0194E08E0194E06E04FF400468B
:1019600003E000260120089000BF00BFAEB111497E
:10197000686A31F81000B6FBF0F0696800EB5100BE
:10198000B0FBF1F7102F06D3B7F5803F03D2B8B202
:101990002968C86001E0012008900120A5F86A00CC
:1019A000A5F8680000206867A867089809B0BDE836
:1019B000F08F0000F8C40108004402580090D003E2
:1019C00000093D0070B504460E46154644F8586FB0
:1019D000A5800020A06322206063A06A583CF8B173
:1019E0002748241DE16FC8632648E16F0864264834
:1019F000E16FC8640020E16F086554F8043C03F10E
:101A00002401626DE06F241F2B46F2F76FFB38B1A3
:101A10001020C4F890002020C4F88C00012070BD74
:101A2000206960B100BF00BF216851E8001F41F488
:101A30008070226842E800010029F5D100BF00BF94
:101A400000BF2168083151E8001F41F00100216802
:101A5000083141E80002002AF3D100BF00BF00BFF7
:101A60002168083151E8001F41F040002168083129
:101A700041E80002002AF3D100BF0020CFE70000B8
:101A80009D0D01084B0E01083F0D01082DE9F041A5
:101A900004460D4617469846069E41E0701C0028F5
:101AA0003ED0F3F791FDA0EB0800B04200D816B984
:101AB0000320BDE8F0812068006800F0040070B3E6
:101AC000802D2DD0402D2BD02068C069C0F3C000E0
:101AD00078B10820216808622046FFF7FBF908204A
:101AE000C4F8900000BF002084F8840000BF0120EB
:101AF000DFE72068C069C0F3C02080B14FF4006008
:101B0000216808622046FFF7E5F92020C4F890001C
:101B100000BF002084F8840000BF0320C9E7FFE76E
:101B20002068C0692840A84201D1012000E00020BF
:101B3000B842B3D00020BCE710B50248F7F7A2FDC9
:101B400010BD0000200B00242DE9F04104460D4695
:101B5000D4F8C87204F53070D4F8D41250F82100CB
:101B600010B90320BDE8F08104F53070D4F8D41228
:101B700050F8216005F00F0000EB800104F1140023
:101B800000EB8100406838B305F00F0000EB8001E6
:101B900004F1140000EB8100416805F00F0000EB38
:101BA000C00207F1140000EB82008068B1FBF0F284
:101BB00000FB121080B9002105F00F0000EB80023D
:101BC00004F1140000EB8200416000231A4629460C
:101BD000204601F028F917E00020C6F8140204F5A9
:101BE0003170D4F8D41250F82100006960B1D6F8F1
:101BF000080204F53171D4F8D42251F822102A4693
:101C00000B6906F5047198470020ABE770B50446F0
:101C10000E4604F53070D4F8D41250F82150D4F8A0
:101C2000D41250F8210008B9032070BD3146204677
:101C300000F04CFFC5F80C02D5F8040204F5317130
:101C4000D4F8D43251F82310CA6805F503719047CF
:101C50000020EAE770B504460D463048017820467A
:101C600000F006FE00212D48007800F00F0000EB88
:101C7000800204F1140000EB820001822848017800
:101C8000204600F0F5FD00212548007800F00F0007
:101C900000EB800204F5AA7000EB8200018221486B
:101CA0000178204600F0E4FD00211E48007800F095
:101CB0000F0000EB800204F1140000EB82000182AF
:101CC0001848007800F00F0000EB800204F11400C7
:101CD00000EB8200418204F53070D4F8D41250F841
:101CE0002100C8B104F53171D4F8D42251F8221082
:101CF0004868804704F53071D4F8D42251F82200A6
:101D000001F0BAFB002104F53070D4F8D42240F879
:101D100022100020C4F8BC02002070BD470100243E
:101D2000480100244901002470B5044604F53070D0
:101D3000D4F8D41250F821500DB9032070BD04F529
:101D40003170D4F8D41250F8210098B195F80002FF
:101D5000FF280FD095F8012295F8000204F53171A3
:101D6000D4F8D46251F826108B6829469847FF2092
:101D700085F800020020E1E701460A2008800148BA
:101D800070470000C00000242DE9F0410446822184
:101D90000D4800F000FC054601210B4800F0FBFB5C
:101DA00006468121084800F0F6FB07460DB11020D9
:101DB000A8710EB14020B0800FB14020B880432000
:101DC00020800148BDE8F081040100242DE9F041A4
:101DD000044682210E4800F0DEFB054601210C4836
:101DE00000F0D9FB06468121094800F0D4FB0746E4
:101DF0000DB11020A87116B14FF40070B08017B16A
:101E00004FF40070B880432020800148BDE8F08185
:101E1000040100242DE9F041044682210D4800F020
:101E2000BAFB054601210B4800F0B5FB06468121AF
:101E3000084800F0B0FB07460DB11020A8710EB1A4
:101E40004020B0800FB14020B8804320208001485E
:101E5000BDE8F0810401002470B504460E464FF43D
:101E6000077001F00BFB054645B9002104F5307001
:101E7000D4F8D42240F82210022070BD4FF407712C
:101E80002846EEF7F9FA04F53070D4F8D41240F889
:101E90002150D4F8D41250F82100C4F8BC02207CA0
:101EA00098BB4FF40073022250480178204600F09E
:101EB000B3FE01214D48007800F00F0000EB8002D6
:101EC00004F1140000EB820001824B020222484818
:101ED0000178204600F0A0FE01214548007800F07E
:101EE0000F0000EB800204F5AA7000EB8200018273
:101EF00010214048007800F00F0000EB800204F150
:101F0000140000EB8200418232E0FFE7402302220E
:101F100036480178204600F07FFE012133480078E2
:101F200000F00F0000EB800204F1140000EB8200CF
:101F30000182402302222E480178204600F06CFEE8
:101F400001212B48007800F00F0000EB800204F51F
:101F5000AA7000EB8200018210212648007800F070
:101F60000F0000EB800204F1140000EB82004182BC
:101F7000082303221F480178204600F04DFE01216E
:101F80001C48007800F00F0000EB800204F1140000
:101F900000EB820001820020C5F8040204F53171D3
:101FA000D4F8D42251F82210086880470020C5F8E0
:101FB0001402C5F81802D5F8040208B902205CE73B
:101FC000207C48B94FF40073094801782046D5F8C1
:101FD000042200F039FE07E040230548017820463E
:101FE000D5F8042200F030FE002046E74701002427
:101FF000480100244901002470B5044604F53070FE
:10200000D4F8D41250F82150D4F8D41250F821004A
:1020100008B9032070BD207C48B94FF4007309480B
:1020200001782046D5F8042200F00EFE07E0402398
:10203000044801782046D5F8042200F005FE00206F
:10204000E8E7000048010024024609B90320704770
:1020500002F53170D2F8D43240F823100020F6E7B0
:1020600010B5024602F53070D2F8D44250F8243050
:102070000BB9032010BDC3F804120020FAE730B5F5
:1020800003460C4603F53070D3F8D45250F82510AF
:1020900009B9032030BDC1F80842C1F81022002060
:1020A000F8E72DE9FC4105460C4605F53070D5F8FA
:1020B000D41250F82160002001900090804616B99B
:1020C0000320BDE8FC81207800F0600000283DD0AE
:1020D00020287CD1E08868B3207800F08000B8B177
:1020E000E288607805F53171D5F8D4C251F82C102A
:1020F0008B6831469847E088072801D9072000E01F
:10210000E08807463A463146284600F0E2F81CE0EF
:10211000607886F80002E088402801D2E08800E07C
:10212000402086F8010296F801223146284600F048
:10213000AFF80AE0607805F53171D5F8D42251F88E
:10214000221000228B682146984747E0607830B122
:10215000012832D00A2813D00B282FD121E095F87E
:102160009C02032805D102226946284600F0B1F8F6
:1021700005E02146284600F07FF84FF0030824E0F0
:1021800095F89C02032805D1012201A9284600F0F8
:10219000A0F805E02146284600F06EF84FF003084D
:1021A00013E095F89C02032805D02146284600F04C
:1021B00063F84FF0030808E009E006E021462846EE
:1021C00000F05AF84FF0030800BF00BF06E02146B8
:1021D000284600F051F84FF0030800BF00BF40460A
:1021E0006FE770B504460D460026D4F8B8022946BC
:1021F00042682046904700B10326304670BD70B556
:1022000004460D4694F89C02012804D0022803D00D
:1022100003280CD101E000BF00BF6888012805D168
:102220000020C4F8A402204600F064F804E0294627
:10223000204600F021F800BF00BF70BD024600201C
:10224000704702460020704770B506460C4615469A
:102250002B4622460021304600F0F6FC002070BDDF
:1022600070B506460C4615462B46224600213046E0
:1022700000F0D9FD002070BD70B504460D468021E8
:10228000204600F0A0FD0021204600F09CFD70BD1E
:1022900070B504460E4615460320C4F894024FF468
:1022A000AC700551001D05512B46324600212046D9
:1022B00000F0CAFC002070BD10B504460520C4F82B
:1022C000940200231A461946204600F0BDFC002067
:1022D00010BD70B504460E4615460220C4F894029F
:1022E000A561E5612B4632460021204600F09BFDAA
:1022F000002070BD10B504460420C4F894020023E9
:102300001A461946204600F08EFD002010BD70B51B
:1023100004460D46E888012804D029462046FFF7E8
:10232000ABFF1EE094F89C02012804D0022803D0E1
:10233000032810D109E000BF0020A060012204F1B1
:1023400008012046FFF7C5FF0AE00122211D2046B3
:10235000FFF7BFFF04E029462046FFF78DFF00BFCF
:1023600000BF70BDF8B504460E460020009000275F
:10237000002570880012062874D006DC01281BD0C6
:10238000022821D003286ED132E007286CD00F2814
:10239000F9D1D4F8B402C06938B1207CD4F8B412B1
:1023A000CA6969469047074605E031462046FFF76F
:1023B00063FF681CC5B2CBE0207CD4F8B4120A6875
:1023C000694690470746C3E0207C40B9D4F8B8027C
:1023D000816A6846884707460220787007E0D4F88B
:1023E000B802C16A68468847074602207870AFE0A5
:1023F000B07806287AD2DFE800F00316293F52654C
:10240000D4F8B402406838B1207CD4F8B4124A68D9
:1024100069469047074605E031462046FFF72CFF06
:10242000681CC5B269E0D4F8B402806838B1207C79
:10243000D4F8B4128A6869469047074605E03146E9
:102440002046FFF719FF681CC5B256E0D4F8B40265
:10245000C06850B1207CD4F8B412CA68694690476D
:10246000074608E04BE06CE059E031462046FFF7B4
:1024700003FF681CC5B240E0D4F8B402006938B16B
:10248000207CD4F8B4120A6969469047074605E0F3
:1024900031462046FFF7F0FE681CC5B22DE0D4F8A7
:1024A000B402406938B1207CD4F8B4124A69694654
:1024B0009047074605E031462046FFF7DDFE681CE1
:1024C000C5B21AE0D4F8B402806940B1207CD4F8D7
:1024D000B4128A6969469047074606E006E031462D
:1024E0002046FFF7C9FE681CC5B206E0314620460B
:1024F000FFF7C2FE681CC5B200BF00BF28E0207C09
:1025000030B9D4F8B802416B68468847074605E001
:1025100031462046FFF7B0FE681CC5B218E0207CAB
:1025200040B9D4F8B802016B6846884707460720CF
:10253000787005E031462046FFF79EFE681CC5B264
:1025400006E031462046FFF797FE681CC5B200BF83
:1025500000BF05B1F8BDF088C0B1BDF8000080B182
:10256000F088BDF80010884202DDBDF8000000E0F0
:10257000F0880090BDF8002039462046FFF7A9FEFC
:1025800007E031462046FFF777FE02E02046FFF7DE
:10259000B1FE00BFDEE72DE9F84105460F462C46A7
:1025A0002E464FF0000870883178884218DD307868
:1025B00000900FE06946204600F020F8044660785D
:1025C000052807D1A04698F80200B84200D106E0DD
:1025D0004FF000087088BDF800108842EADC00BFA8
:1025E0004046BDE8F881014600200A4602E0431C4F
:1025F000D8B2521C1378002BF9D1704710B502469F
:1026000010460B88047823440B800378981810BD7B
:1026100070B504460D4694F89C02012804D00228A7
:1026200003D003281AD101E000BF00BFE8880228C8
:1026300004D029462046FFF71FFE14E00120E06089
:10264000D4F8A40218B1E06840F00200E060022271
:1026500004F10C012046FFF73CFE04E02946204629
:10266000FFF70AFE00BF00BF70BD2DE9F04107462D
:102670000D46904600240FB9BDE8F0813E46304635
:10268000FFF7B1FF022101EB4000B0F5007F01D957
:10269000080204E03046FFF7A6FF4000801CA8F8BF
:1026A000000098F800002855601CC4B2032028558B
:1026B000601CC4B208E030782855761C601CC4B297
:1026C00000202855601CC4B230780028F3D100BF28
:1026D000D2E70146002031B1012906D0022906D0F7
:1026E000032908D105E0002007E0032005E00120D0
:1026F00003E0032001E0032000BF00BF704700009B
:1027000070B505460C462DB92246064906A0FFF7CE
:10271000ACFF04E02246034903A0FFF7A6FF0148EF
:1027200070BD0000D811002443444320436F6E66FF
:1027300069670000024612200880014870470000C7
:102740003800002470B505460C462DB922460649CE
:1027500006A0FFF78AFF04E02246034903A0FFF723
:1027600084FF014870BD0000D81100244344432079
:10277000496E74657266616365000000024604205C
:1027800008800148704700005800002470B50546D5
:102790000C462246024903A0FFF767FF004870BDC0
:1027A000D811002453544D6963726F656C6563746E
:1027B000726F6E696373000070B505460C462DB9E3
:1027C0002246064906A0FFF750FF04E022460349CF
:1027D00003A0FFF74AFF014870BD0000D811002494
:1027E00053544D3332205669727475616C20436FB7
:1027F0006D506F727400000070B505460C461A20CB
:102800002080F0F719F8014870BD00005C0000243A
:102810002DE9F04104460D46164614B90320BDE8E3
:10282000F0810020C4F8B802C4F8C402C4F8D00291
:102830000DB1C4F8B452012084F89C0226702046E1
:1028400000F04EF907463846E9E72DE9F041044625
:102850000D46002600272946D4F8C802F3F783F86E
:1028600006463046FFF735FF07463846BDE8F0819B
:102870002DE9F04104460D46002600272946D4F8EC
:10288000C802F3F73BF806463046FFF722FF07463B
:102890003846BDE8F0812DE9F04704460F469146E1
:1028A000002F56D104F11405D4F89402022846D121
:1028B000D5E9020188420FD9D5E90201401AA86082
:1028C00049462046AA68FFF7CBFC00231A46194662
:1028D000204600F0B9F932E0D5E90210884217D15C
:1028E000E9686868884213D36868D4F89812884207
:1028F0000ED2002211462046FFF7B2FC0020C4F899
:10290000980200231A461946204600F09DF916E069
:1029100094F89C0203280BD1D4F8B802C06838B1EF
:102920000020C4F8D402D4F8B802C1682046884711
:102930008021204600F047FA2046FFF7BDFC94F8BE
:10294000A00250B3204600F0C5FA002084F8A0028F
:1029500023E047F080012046FFF770FC0646FF2E7B
:102960001BD0D6B994F89C02032816D104F52E701A
:1029700050F82600406980B1C4F8D46204F52E7086
:1029800050F8260039464269204690478046B8F103
:10299000000F02D04046BDE8F0870020FBE72DE99C
:1029A000F04705460F4690464FF00009002F51D1E1
:1029B00005F5AA76D5F8940203286FD1D6E902016D
:1029C000884210D9D6E90201401AB060D6E9020166
:1029D000884201D2B06800E0F068024641462846CD
:1029E000FFF732FC5AE095F8AA0200F01F0020B170
:1029F000012804D0022812D109E0002411E040F29D
:102A0000AE20415D2846FFF71CFC044609E040F279
:102A1000AE20415D2846FFF711FC044601E000248A
:102A200000BF00BF94B995F89C0203280ED105F5AC
:102A30002E7050F82400006940B1C5F8D44205F565
:102A40002E7050F824000169284688472846FFF771
:102A500051FC23E007F07F012846FFF7EFFB044617
:102A6000FF2C1BD0D4B995F89C02032810D105F592
:102A70002E7050F82400806950B1C5F8D44205F595
:102A80002E7050F8240039468269284690478146C6
:102A9000B9F1000F02D04846BDE8F0870020FBE7FF
:102AA00001460020704770B504460025012084F8D7
:102AB0009C02D4F8B80238B12179D4F8B80242683F
:102AC0002046904700B10325284670BD70B50446E6
:102AD0000D462946D4F8C802F2F783FF70BD000006
:102AE00010B50446207801282CD11748C0F8E044DE
:102AF000C4F8C80215481449086009200871022169
:102B00001148C1710021817102214172002181723D
:102B1000C17201738173C1730174F3F7D9FB08B1FA
:102B2000EFF7D8FC4FF400710748F2F76CFE8022F3
:102B300000210548F2F76CFE4FF4BA7201210248F9
:102B4000F2F766FE002010BDF427002000000440CC
:102B500010B50246D2F8C83201F08000802809D1B1
:102B600001F07F0000EBC00403F1140000EB8400CF
:102B7000807810BD01F07F0000EBC00403F51570F4
:102B800000EB84008078F4E770B504460D4604F548
:102B90002E70D4F8D41250F8210008B9032070BD6B
:102BA00094F89C02032811D104F52E70D4F8D412A5
:102BB00050F82100006A48B104F52E70D4F8D41200
:102BC00050F821002946026A204690470020E6E797
:102BD00070B504460D4604F52E70D4F8D41250F8A2
:102BE000210008B9032070BD94F89C02032811D17C
:102BF00004F52E70D4F8D41250F82100406A48B180
:102C000004F52E70D4F8D41250F821002946426AF7
:102C1000204690470020E6E72DE9F04704460F469E
:102C200015461E464FF00008C1462B46324639462F
:102C3000D4F8C802F2F7E0FE80464046FFF749FDAF
:102C400081464846BDE8F0872DE9F04704460D4629
:102C500016461F464FF00008C1463B4632462946FD
:102C6000D4F8C802F2F70FFF80464046FFF731FD67
:102C700081464846BDE8F08770B50446002501202E
:102C800084F89C020020C4F894026060C4F8A40296
:102C900084F8A002D4F8B80258B1D4F8B802406859
:102CA00038B12179D4F8B80242682046904700B183
:102CB00003254023002211462046FFF7ADFF0121E6
:102CC0004FF4B27001534021001F015140230022F4
:102CD00080212046FFF7A0FF0121A184402121622D
:102CE000284670BD014691F89C02042803D191F852
:102CF0009D0281F89C020020704710B5044694F8AC
:102D00009C0203280BD1D4F8B80240B1D4F8B80221
:102D1000C06920B1D4F8B802C169204688470020B4
:102D200010BD02461174002070472DE9F0410446A1
:102D30000D46002600272946D4F8C802F3F7D6FB33
:102D400006463046FFF7C5FC07463846BDE8F08129
:102D500070B504460D46294604F2AA2000F07BF81F
:102D60000120C4F894024FF42C70005BC4F8980260
:102D700094F8AA0200F01F0020B1012809D002280F
:102D800015D10DE004F2AA21204600F087F906468D
:102D900016E004F2AA21204600F017FB06460FE0D9
:102DA00004F2AA21204600F0D0F9064608E094F883
:102DB000AA0200F08001204600F005F8064600BF98
:102DC00000BF304670BD2DE9F04104460D46002697
:102DD00000272946D4F8C802F2F778FE06463046A6
:102DE000FFF777FC07463846BDE8F08170B504462A
:102DF00000250026D4F8C802F3F79BFB05462846B9
:102E0000FFF767FC0646304670BD014691F89C020C
:102E1000042803D091F89C0281F89D02042081F8D7
:102E20009C02002070472DE9F04704460D461646E7
:102E30001F464FF00008C1463B4632462946D4F8AB
:102E4000C802F2F788FE80464046FFF742FC814602
:102E50004846BDE8F08770B505460E4634462078F2
:102E60002870641C20786870641C2046FDF7E5FA21
:102E70006880641C641C2046FDF7DFFAA880641C8F
:102E8000641C2046FDF7D9FAE88070BD38B50446C9
:102E90000D46002000900DB9032038BDC4F8B8528B
:102EA00004F52E70D4F8D41250F82100C06A50B145
:102EB00004F52E70D4F8D42250F82200C16A684676
:102EC0008847C4F8D002D4F8D802401CC4F8D8020D
:102ED0000020E2E701460020704770B504460D4629
:102EE000A88810BBE88800BB688880281DD2A87815
:102EF00000F07F0694F89C02032804D1294620465E
:102F0000FFF7BAF915E084F89E6231462046FFF7D4
:102F10000CFF2046FFF7EEF91EB1022084F89C0258
:102F200007E0012084F89C0203E029462046FFF7D1
:102F3000A3F970BD70B504460D460026D4F8B8025A
:102F400030B1D4F8B80229460268204690470646B8
:102F5000304670BD70B504460E460025B0783D4938
:102F6000087008460078012805D931462046FFF749
:102F700083F9032070BD94F89C02022802D0032834
:102F800059D11FE033480078C0B132480078606002
:102F9000304801782046FFF7CDFF05463DB1314668
:102FA0002046FFF769F9022084F89C0209E02046D8
:102FB000FFF7A0F9032084F89C0202E02046FFF707
:102FC00099F943E02348007870B9022084F89C0204
:102FD0002048007860601F4801782046FFF701F91B
:102FE0002046FFF787F925E01A490978606888428A
:102FF0001DD021792046FFF7F4F81648007860606C
:10300000144801782046FFF795FF05465DB131462B
:103010002046FFF731F921792046FFF7E2F8022038
:1030200084F89C0206E02046FFF764F902E020469F
:10303000FFF760F90AE031462046FFF71DF9054821
:1030400001782046FFF7CDF8032500BF00BF2846D2
:1030500090E700005C00002070B505460C466088D3
:10306000012805D1C5F8A4022846FFF743F90EE070
:103070006088022807D1A088001285F8A00228469F
:10308000FFF738F903E021462846FFF7F5F870BD51
:1030900010B504462046FFF7A9FE10BD70B50446E2
:1030A0000D460026287800F0600088B1202802D064
:1030B000402842D100E000BF04F52E70D4F8D412AD
:1030C00050F821002946826820469047064639E09C
:1030D00068780A282AD2DFE800F01A24291F290A72
:1030E0000529150F29462046FFF73CF923E029461C
:1030F0002046FFF7F2FE1EE029462046FFF72AFF92
:10310000064618E029462046FFF701F913E0294654
:103110002046FFF77DFA0EE029462046FFF79CFF88
:1031200009E029462046FFF76AF804E029462046D0
:10313000FFF7A2F800BF00BF04E029462046FFF7D2
:103140009BF800BF00BF304670BD2DE9F047054633
:103150000F464FF000093C79387800F06000F8B174
:10316000202802D040287DD100E000BF214628461B
:10317000FFF764F80646FF2E11D086B9C5F8D46271
:1031800005F52E7050F82600806840B105F52E70C8
:1031900050F826003946826828469047814610E15B
:1031A000787800287AD001282FD003286ED195F89E
:1031B0009C02022802D0032820D110E054B1802CB8
:1031C00008D021462846FFF7FEFD80212846FFF75C
:1031D000FAFD03E039462846FFF74EF813E07888F9
:1031E00040B93CB1802C05D0F88818B92146284652
:1031F000FFF7E9FD2846FFF77DF804E03946284649
:10320000FFF73AF800BF00BFD4E095F89C0202280F
:1032100002D003283BD110E054B1802C08D02146C5
:103220002846FFF7D0FD80212846FFF7CCFD03E0BC
:1032300039462846FFF720F82EE0788820BB04F0B6
:103240007F0018B121462846FFF7FFFA2846FFF70E
:1032500051F821462846FEF7F1FF0646FF2E13D00F
:1032600096B900E0A8E0C5F8D46205F52E7050F8D4
:103270002600806840B105F52E7050F826003946CA
:10328000826828469047814606E007E08DE039468F
:103290002846FEF7F1FF00BF00BF8BE095F89C02C7
:1032A000022802D0032879D126E034B1802C04D042
:1032B00039462846FEF7E0FF75E004F080008028DC
:1032C00008D104F07F0000EB800105F1140000EB51
:1032D000810007E004F07F0000EB800105F5AA7093
:1032E00000EB810080460020C8F800000222414621
:1032F0002846FEF7EEFF56E004F0800080280ED14D
:1033000004F00F0000EB800105F1140000EB8100D8
:10331000008A98B939462846FEF7AEFF43E004F02C
:103320000F0000EB800105F5AA7000EB8100008A18
:1033300020B939462846FEF79FFF34E004F08000AC
:10334000802808D104F07F0000EB800105F1140013
:1033500000EB810007E004F07F0000EB800105F541
:10336000AA7000EB810080460CB1802C03D10020B4
:10337000C8F800000CE021462846FFF7E9FB20B121
:103380000120C8F8000003E008E00020C8F80000B1
:10339000022241462846FEF79CFF04E039462846B3
:1033A000FEF76AFF00BF00BF04E039462846FEF77B
:1033B00063FF00BF00BF04E039462846FEF75CFF0C
:1033C00000BF00BF4846BDE8F0872DE9F041054643
:1033D0000E460027307800F0600030B1202802D07F
:1033E000402840D100E000BF00BF95F89C020128B2
:1033F00004D0022803D003282ED101E000BF00BF73
:103400003079012823D831792846FEF71AFF04467F
:10341000FF2C14D09CB905F52E7050F8240080685C
:1034200058B1C5F8D44205F52E7050F82400314645
:10343000826828469047074602E0032700E00327FA
:10344000F08840B93FB92846FEF754FF03E0314603
:103450002846FEF711FF04E031462846FEF70CFF30
:1034600000BF00BF04E031462846FEF705FF00BF5D
:1034700000BF3846BDE8F0817047000001460148B2
:1034800070470000D82C002070B504460B46224639
:103490001978587801282CD140F61C0080581D78E6
:1034A00005F00F060125B540ADB2284340F61C05D6
:1034B000A85002F5106000EB4110006800F40040D5
:1034C000F0BB1889C0F30A001D7940EA854040EA44
:1034D000815040F0805040F4004002F5106505EB4B
:1034E00041152D68284302F5106505EB411528604C
:1034F0002DE040F61C0080581D7805F00F060125D0
:10350000B540144E06EA0545284340F61C05A85070
:1035100002F5306000EB4110006800F4004078B91B
:103520001889C0F30A001D7940EA854040F08050B8
:1035300040F4004002F5306505EB41152D6800E0D0
:1035400005E0284302F5306505EB411528600020B1
:1035500070BD00000000FFFF01460A464FF41060F6
:103560008058C30ADB024FF41060835040F6040019
:10357000805840F4807340F6040083500020704768
:103580000FB470B504469DF81900012818D1A06B3E
:1035900020F48030A063E0681F490840E060E068E4
:1035A00020F44010E0609DF82000012803D1E0687D
:1035B00040F48010E060204600F032F8054613E049
:1035C000E06840F04000E060204600F029F8054641
:1035D0009DF81D0020B9A06B40F48030A06303E08B
:1035E000A06B20F48030A0639DF8160001280ED156
:1035F000E06D80B2E065E06D08490843E065A068D1
:1036000040F00600A060A06840F02000A0602846BE
:1036100070BC5DF814FB0000BFFFBDFF0000EE03AF
:1036200008B501460020009000BF0098401C0090A3
:103630000098B0F1706F01D9032008BD086900F04F
:1036400000400028F1D000200090086940F00100FF
:10365000086100BF0098401C00900098B0F1706FA6
:1036600001D90320E9E7086900F001000028F1D141
:1036700000BFE2E770B504460B4622461978587839
:10368000012848D102F5106000EB4110006800F0FD
:103690000040B0F1004F17D102F5106000EB41106F
:1036A000006840F0006502F5106000EB4110056015
:1036B00002F5106000EB4110006840F0804502F513
:1036C000106000EB4110056040F63C0080581D780A
:1036D00005F00F060125B540ADB2A84340F63C0504
:1036E000A85040F61C0080581D7805F00F060125F3
:1036F000B540ADB2A84340F61C05A85002F51060D5
:1037000000EB411000682B4D284002F5106505EBD9
:10371000411528604BE002F5306000EB4110006875
:1037200000F00040B0F1004F17D102F5306000EB1F
:103730004110006840F0006502F5306000EB411078
:10374000056002F5306000EB4110006840F08045F4
:1037500002F5306000EB4110056040F63C008058F7
:103760001D7805F00F060125B540134E06EA054504
:10377000A84340F63C05A85040F61C008558187830
:1037800000F00F060120B0400B4E06EA00408543D2
:1037900040F61C00855002F5306000EB41100068D7
:1037A000064D284002F5306505EB411528600020E4
:1037B00070BD0000007833EC0000FFFF0078F3EFED
:1037C00001460A46D2F8000E20F00300C2F8000EAF
:1037D00040F60400805820F0020340F604008350B5
:1037E0000020704701460A46D2F8000E20F0030080
:1037F000C2F8000E40F60400805840F0020340F684
:1038000004008350002070470FB4F0B50546002730
:103810002E46002405E0002105F5827040F82410B2
:10382000641C0F2CF7D39DF82200A0B940F60400C9
:10383000805940F0020140F604008151A86B20F449
:103840000010A863286840F040002860286840F015
:103850008000286003E0A86B40F40010A8630020FB
:10386000C6F8000E9DF81D0001280CD19DF81B0024
:1038700020B90021284600F00AFD08E00121284671
:1038800000F005FD03E00321284600F000FD1021B3
:10389000284600F002FC00B10127284600F0D5FBC5
:1038A00000B1012700214FF401608151001D8151B9
:1038B00040F61C00815100242EE006F5106000EB5C
:1038C0004410006800F00040B0F1004F10D13CB946
:1038D0004FF0006106F5106000EB441001600DE050
:1038E0004FF0904106F5106000EB4410016005E0D8
:1038F000002106F5106000EB44100160002106F580
:10390000106000EB441001614FF67F3106F5106046
:1039100000EB44108160641C9DF81800A042CCD8D4
:1039200000242EE006F5306000EB4410006800F043
:103930000040B0F1004F10D13CB94FF0006106F5E6
:10394000306000EB441001600DE04FF0904106F54F
:10395000306000EB4410016005E0002106F53060A6
:1039600000EB44100160002106F5306000EB4410CC
:1039700001614FF67F3106F5306000EB4410816045
:10398000641C9DF81800A042CCD84FF40160805907
:1039900020F480714FF4016081510020A8616FF024
:1039A000804068619DF81A0018B9A86940F01000BD
:1039B000A861A8690A490843A8619DF81E0018B1CA
:1039C000A86940F00800A8619DF82200012803D1F1
:1039D000A86904490843A8613846F0BC5DF814FBA7
:1039E00000383C80040000400146886820F0010057
:1039F000886000207047000070B503460C461946E9
:103A00001D6C1848854209D94FF43060405800F0C9
:103A10000040B0F1004F01D1002070BD0026C1F878
:103A2000106BD1F8100B40F40026C1F8106BD1F8E0
:103A3000100B40F01806C1F8106BD1F8100B40F0D5
:103A4000C046C1F8106B012C09D1C1F8142B4FF4FA
:103A50003060405840F080264FF4306046500020DF
:103A6000DBE700000A30544F30B504460B462246CF
:103A70001978587801281ED102F5106000EB41102A
:103A8000006820F4001502F5106000EB411005609D
:103A90001879032802D0187902282AD102F510607B
:103AA00000EB4110006840F0805502F5106000EB1B
:103AB000411005601DE002F5306000EB4110006828
:103AC00020F4001502F5306000EB41100560187914
:103AD000032802D0187902280BD102F5306000EBE0
:103AE0004110006840F0805502F5306000EB411055
:103AF0000560002030BD30B504460B4622461978DB
:103B00005878012821D102F5106000EB41100068BF
:103B100000F0004060B959B102F5106000EB4110AF
:103B2000006820F0804502F5106000EB4110056050
:103B300002F5106000EB4110006840F4001502F53A
:103B4000106000EB4110056020E002F5306000EBF2
:103B50004110006800F0004060B959B102F53060D2
:103B600000EB4110006820F0804502F5306000EB6A
:103B70004110056002F5306000EB4110006840F430
:103B8000001502F5306000EB41100560002030BDEB
:103B90002DE9F84381460E4690464D4634787078BC
:103BA00001287DD1306920BB05F5106000EB441081
:103BB0000069E649084005F5106101EB4411086110
:103BC00005F5106000EB4410006940F4002105F594
:103BD000106000EB4410016105F5106000EB44102B
:103BE0000069C10CC90405F5106000EB44100161C7
:103BF0006FE005F5106000EB44100069C10CC904CA
:103C000005F5106000EB4410016105F5106000EB54
:103C100044100069CD49084005F5106101EB4411DD
:103C2000086194B9B1683069884201D9B0683061DF
:103C300005F5106000EB4410006940F4002105F523
:103C4000106000EB4410016135E0B1683069084450
:103C5000401EB0FBF1F087B205F5106000EB441098
:103C60000069BA49C94301EAC741084305F5106133
:103C700001EB44110861307901281CD105F5106071
:103C800000EB4410006920F0C04105F5106000EB26
:103C90004410016105F5106000EB4410006900E07C
:103CA00099E04FF0C04101EA4771084305F5106102
:103CB00001EB4411086105F5106000EB4410006948
:103CC0003169C1F31201084305F5106101EB44119C
:103CD0000861B8F1010F36D1F06928B105F510601F
:103CE00000EB4410F1694161307901281ED140F6A2
:103CF0000800405900F4807060B905F5106000EBD1
:103D00004410006840F0005105F5106000EB4410CD
:103D100001600BE005F5106000EB4410006840F016
:103D2000805105F5106000EB4410016005F510604E
:103D300000EB4410006840F0044105F5106000EB12
:103D400044100160FEE005F5106000EB44100068CF
:103D500040F0044105F5106000EB4410016030793B
:103D600001280FD030690028ECD040F634004059CB
:103D7000317801F00F0201219140084340F63401EF
:103D80004851DFE040F60800405900F4807060B907
:103D900005F5106000EB4410006840F0005105F597
:103DA000106000EB441001600BE005F5106000EBC3
:103DB0004410006840F0805105F5106000EB44109D
:103DC0000160CDF80080308A83B232784846F168CD
:103DD00000F0DAFAB6E005F5306000EB4410006957
:103DE000C10CC90405F5306000EB4410016105F514
:103DF000306000EB441000695449084005F530611B
:103E000001EB4411086104BB306908B1B06830614E
:103E1000B068306205F5306000EB44100069316A2B
:103E2000C1F31201084305F5306101EB441108614B
:103E300005F5306000EB4410006940F4002105F501
:103E4000306000EB4410016143E03069D0B905F502
:103E5000306000EB44100069B168C1F312010843FF
:103E600005F5306101EB4411086105F5306000EBA8
:103E70004410006940F4002105F5306000EB441067
:103E8000016126E0B16830690844401EB0FBF1F0E2
:103E900087B2B0687843306205F5306000EB4410BB
:103EA00000692A49C94301EAC741084305F5306161
:103EB00001EB4411086105F5306000EB4410006926
:103EC000316AC1F31201084305F5306101EB441179
:103ED0000861B8F1010F07D1F06828B105F530602D
:103EE00000EB4410F1684161307901281ED140F6A1
:103EF0000800405900F4807060B905F5306000EBAF
:103F00004410006840F0005105F5306000EB4410AB
:103F100001600BE005F5306000EB4410006840F0F4
:103F2000805105F5306000EB4410016005F530600C
:103F300000EB4410006840F0044105F5306000EBF0
:103F4000441001600020BDE8F8830000FFFF07E097
:103F500078B503460024009400201A464C78012CC2
:103F600035D10C7802F5106505EB4414246804F093
:103F70000044B4F1004F60D10C7805EB4414246880
:103F800044F000660C7805EB441426600C7805EBD1
:103F90004414246844F080460C7805EB44142660F1
:103FA00000BF009C641C009442F21075009CAC425F
:103FB00001D901200AE00C7802F5106505EB4414E4
:103FC000246804F00044B4F1004FEAD035E00C78E6
:103FD00002F5306505EB4414246804F00044B4F1A4
:103FE000004F2AD10C7805EB4414246844F0006695
:103FF0000C7805EB441426600C7805EB4414246817
:1040000044F080460C7805EB4414266000BF009C09
:10401000641C009442F21075009CAC4201D901204E
:104020000AE00C7802F5306505EB4414246804F0CE
:104030000044B4F1004FEAD000BF78BD0146886863
:1040400040F0010088600020704708B5014600205C
:10405000009000BF0098401C00900098B0F1706F75
:1040600001D9032008BD086900F000400028F1D004
:10407000002000901020086100BF0098401C0090B4
:104080000098B0F1706F01D90320EBE7086900F0E8
:1040900010001028F1D00020E4E708B50246002007
:1040A000009000BF0098401C00900098B0F1706F25
:1040B00001D9032008BD106900F000400028F1D0AC
:1040C00000200090202040EA8110106100BF00987D
:1040D000401C00900098B0F1706F01D90320E9E70F
:1040E000106900F020002028F1D00020E2E710B590
:1040F00001460B4640F60804E45804F006020AB9EB
:10410000002006E0022A01D0062A01D1022000E0A8
:104110000F2010BD0146486900F0010070470146BC
:104120000B4640F61800C258001DC058024090B21D
:10413000704701460B4640F61800C258001DC05893
:104140000240100C704770B5024613464FF40166EA
:10415000F45840F63406F55801F00F0625FA06F635
:1041600006F0010644EAC61403F5106606EB411694
:10417000B66806EA040070BD10B50246134603F5A2
:10418000306404EB4114A06840F61404E458204065
:1041900010BD014648698A69104070472DE9F04119
:1041A00004460D46274628464FEA920C02F00303C8
:1041B00000210AE04FF4805858F80780C0F80080CA
:1041C000401C401C401C401C491C6145F2D39BB163
:1041D00000214FF4805858F8076000BF4FEAC1082B
:1041E00026FA08F880F80080491C401CA3F1010859
:1041F0001FFA88F3002BF1D1BDE8F08170B50446B9
:104200000E460025E06820F0C040E060012E10D18D
:10421000E06840F00050E06000BF0A20F0F756F977
:104220000A352046FFF776FF012815D0C82DF4D3B4
:1042300012E07EB9E06840F08040E06000BF0A20F4
:10424000F0F744F90A352046FFF764FF20B1C82D86
:10425000F5D301E0012070BDC82D01D10120FAE79E
:104260000020F8E710B502460B461146D1F80008C9
:1042700020F4FE60C1F80008D1F800084FF4FE6495
:1042800004EA03142043C1F80008002010BD0246D0
:104290001346D3F800080843C3F80008002070470D
:1042A00030B503461446022C49D12D48814204D32F
:1042B0002C48814201D20F2245E02A48814204D392
:1042C0002948814201D20E223DE02748814204D391
:1042D0002648814201D20D2235E02448814204D390
:1042E0002348814201D20C222DE02148814204D38F
:1042F0002048814201D20B2225E01E48814204D38E
:104300001D48814201D20A221DE01B48814204D38C
:104310001A48814201D2092215E01848814204D38B
:104320001748814201D208220DE01548814204D38A
:104330001448814201D2072205E0062203E00CB9AD
:10434000092200E00922D86820F47050D860D868AB
:104350004FF4705505EA82252843D860002030BD0F
:10436000C0ACD800C0E1E4000024F4008073060172
:10437000A0491A01002D310140A44C0100366E0104
:1043800020ABA6010048E8012DE9F04304460D46A4
:104390001E46DDF81CC0A0462946BCF1000F12D114
:1043A000F01C870800230CE0D1F8009008F580503D
:1043B00000EB0230C0F80090491C491C491C491C04
:1043C0005B1CBB42F0D30020BDE8F08300BFFEE7DA
:1043D00070B506460D4616B10DB1202D00DD70BD3D
:1043E000AC000E48D0F88800202800D0F7E722461D
:1043F00031460B48ECF719F8094820440949096887
:104400000160211D0648EDF787FF201D82B2044997
:104410000248F5F721FE00BFE1E70000200B002471
:10442000601D002480CE0108F0B587B004460E461A
:1044300015460020009000BF27E046FA00F101F089
:10444000010109B1F02100E0C0214910C0F10702CB
:1044500001AB995444FA00F101F0010109B1F021D6
:1044600000E0C0214910C0F10F0201AB995445FA98
:1044700000F101F0010109B1F02100E0C021491073
:10448000C0F1170201AB9954401C0828D5DB4FF648
:10449000FF73002269460F48F4F79EFA00BF0D48EB
:1044A00090F881000128FAD14FF6FF73182201A974
:1044B0000848F4F791FA002707E04FF6FF7301224E
:1044C00069460448F4F788FA7F1C642FF5DB07B0CF
:1044D000F0BD0000DC0800243EB51E480068FA214B
:1044E000B0FBF1F000F0010080F001041948006811
:1044F0000A21B0FBF1F04FF4B471B0FBF1F201FB13
:10450000120515480078844204D1C4B113480088CC
:10451000854214D034B16B4601AA02A92846F5F7AA
:10452000B7FE03E000200090019002909DF800206B
:104530009DF804109DF80800FFF776FF00BF0748BC
:1045400005800548047003480068401C0149086064
:104550003EBD0000940000209A000020980000203A
:104560000FB47CB50C0009AD01D0611E00E0002144
:10457000CDE90001064B6A462946089801F0A0FAE9
:10458000002C02D0009A002111707CBC5DF814FB55
:10459000C76101087CB50C001D461646014601D0D6
:1045A000601E00E00020CDE90010064B6A46294657
:1045B000304601F085FA002C02D0009A00211170DB
:1045C0007CBD0000C76101084100080218BF04203B
:1045D0000A0E18BF40F001004FF07F4232EA01019D
:1045E00008BF40F00200012808BF052070470146BF
:1045F000C1F3C750FF2801D0012070470020FCE71D
:104600000146C1F3C750FF2801D0012070470020A8
:10461000FCE70146C1F3C750FF2801D001207047D5
:104620000020FCE70146C1F3C750FF2801D001205C
:1046300070470020FCE70146C1F3C750FF2801D0B6
:10464000012070470020FCE702480068C0F3022008
:10465000704700000CED00E010B5002804DB0A07ED
:10466000130E054A135406E00A07140E034A00F01D
:104670000F031B1FD45410BD00E400E018ED00E050
:104680009FED4B0A63E000BFD2ED003A91ED004A86
:1046900092ED013AD1ED011A04EE230A92ED022ABD
:1046A000D1ED022A92ED031AD1ED030A92ED044AEC
:1046B00001EE830AD1ED043A92ED053AD1ED061AE6
:1046C00002EE820AD1ED052A92ED062A00EE810A59
:1046D00092ED071AD1ED070A03EE840AD2ED083AEB
:1046E00091ED094A02EE830A91ED083AD2ED0A2AC9
:1046F00001EE820A91ED0A2AD2ED0B1A00EE810A30
:10470000D2ED090A91ED0B1A03EE230AD2ED0C3A11
:1047100091ED0D3A04EE200A91ED0C4AD1ED0E0A0E
:1047200002EE220A92ED0D2AD2ED0E2A01EE210AA6
:1047300092ED0F1AD1ED0F1A40314032103B04EECA
:10474000230A03EE020A00EEA20A01EE810A102BF0
:104750009AD21AE0D1ED000A92ED001AD1ED011AB9
:1047600092ED012A00EE810AD1ED020A92ED021AC1
:1047700001EE820AD1ED031A92ED032A10311032B4
:104780001B1F00EE810A01EE820A042BE2D206E032
:10479000F1EC010A5B1EB2EC011A00EE810A002B5B
:1047A000F6D1D0ED000A30EE800A80ED000A7047A5
:1047B0000000000070B54FF068422DED048BF0EE64
:1047C000408A18EE900AB0EE608A18EE101A02EBDA
:1047D0004003B3F1654F3CBF02EB4102B2F1654FBC
:1047E0007DD200BFC0F3C753C1F3C7529A1A1B2A28
:1047F00009DD10F0004F14BF9FED830A9FED830A7F
:10480000BDEC048B70BD12F11A0F36DA11F0004FB7
:1048100009D010F0004F0CBF9FED7D0A9FED7D0A7F
:10482000BDEC048B70BD88EE889A19EE100AFFF774
:10483000CBFE042808BF00F0FFFB18EE900AFFF73C
:10484000C3FE054618EE100AFFF7BEFE044619EE39
:10485000100AFFF7B9FE042D18BF052D08D1042C4E
:1048600018BF052C04D1002804BF022000F0A6FCCC
:10487000B0EE490ABDEC048B70BD4200B2EB410FB3
:104880003AD910F0004F19BFDFED630A9FED630ABC
:10489000DFED630A9FED630AB0EE481A0A46B1EEF7
:1048A000688A80F00041F0EE418A10460A1A5200F0
:1048B000B2F1807F34D2484010F0004FDFED5A1A39
:1048C0009FED5A2A1DBF9FED5A1A70EEE10A30EE95
:1048D000420A9FED581A08BF70EEA10A00E040E0BE
:1048E00008BF30EE020AB0EE682A01EE482A08EE50
:1048F000818AC2EE081A15E011F0004F04BF9FED47
:104900004E0AF0EE400AD1D010F0004F19BFDFED93
:104910004B0A9FED4B0ADFED4B0A9FED4B0AC5E7B3
:10492000C8EE881A21EEA11A9FED482ADFED482A29
:1049300041EE022A9FED472A01EE222ADFED462AA8
:1049400041EE022A9FED452ABDEC048B01EE222A9E
:1049500021EE811A01EE020A30EE210A30EE200A21
:1049600070BD4FF07F42B2EB400F28BFB2EB410F5A
:1049700009D2F0EE480AB0EE680ABDEC048BBDE83F
:10498000704000F045BB40EA01035B0008BF41F006
:10499000FF410BD0B2EB400F08BFB2EB410F08D183
:1049A00020F0804008EE900A21F0804108EE101AB5
:1049B00018E7B2EB400F12BF5FEA410340F0FF403F
:1049C00001F000413FF40EAFB2EB410F12BF5FEABE
:1049D000400200F0004041F0FF413FF403AF4A00C5
:1049E00092EA40033FF5FEAE002AACBF9FED1C0AE1
:1049F0009FED1C0A68EE808A28EE008A18EE900A65
:104A000018EE101AEEE60000DB0FC9BFDB0FC93F3E
:104A1000DB0F4940DB0F49C00000C9BF22AAFDB926
:104A20000000C93F22AAFD390060ED3EC30ACE371F
:104A3000000000BF0000003F00000000000049C06F
:104A400022AA7DBA0000494022AA7D3A2DAD65BD5B
:104A50008FB8D53D0FB511BE61C84C3EA8AAAABEFD
:104A60000000804F0000802F10EE101A08B5434A56
:104A70006846B2EB410F26D94FF0E640B0EB410F4C
:104A800094BF00204FF0FF3000900098DFED3C0A0B
:104A9000002860DB10F0010F46D060EE000ADFED69
:104AA000391A9FED391A10F0020F00EEE11ADFED0E
:104AB000371A40EE811A21EEA01AF0EE400A40EEBD
:104AC000010A2ED041E0324B21F0004293423FD9FF
:104AD00011F0004FDFED2F0A20EE201ADFED2E0A35
:104AE00019BF31EE601A71EE200A31EE201A71EE14
:104AF000600ABDEEE01A11EE100A9FED281A00F0D0
:104B0000030000EEC10A9FED261A009000EEC10AD4
:104B10009FED241A00EEC10A9FED231A00EEC10A90
:104B2000B3E7F1EE600A10E020EE000A9FED1F1AD5
:104B3000DFED1F1A10F0020F40EE011A9FED1D1A53
:104B400000EE211A40EE010AEBD1B0EE600A08BD7A
:104B500000F07AFA99E710EE100A4000B0F17F4FAA
:104B6000F3D307D14FF0010000F028FBBDE8084067
:104B700000F052BABDE8084000F047BAB61F927E76
:104B80000000803F336D4C39DA82083CA0AA2ABE6F
:104B9000490E494683F9223F0000004B0000C93FFF
:104BA00000A0FD390020A2331A61342CB93AB2BA00
:104BB000CA9F2A3DDDFFFFBE10B510EE104A4FF030
:104BC00019406849002200EB44002DED028B884219
:104BD00057D8DFED650A14F0004F60EE200A14BFCD
:104BE0009FED621A9FED621A71EE200AFDEEE00A57
:104BF00010EE900A00EE900AF8EEE00A9FED5D1AC2
:104C000000EEC10A9FED5C1A00EEC10ADFED5B0AFF
:104C10009FED5B1A00EE201ADFED5A0A40EE010A02
:104C20009FED591A594B00F0030100EE201A21EEB6
:104C3000000A7B4403EB8103D3ED000A544B7B4411
:104C400003EB810393ED001A524B41EE000A7B44C3
:104C500003EB8101801091ED000A70EE800AEABB3F
:104C600000EE100AB8EEC01ADFED4B1A9FED4B0AAA
:104C7000BDEC028B01EE210ABCEEC00A20EE200A38
:104C800010BD4FF0FF40A0431BD04FF0CE40B0EB23
:104C9000440F82BF9FED420ABDEC028B10BD41481C
:104CA000B0EB440F28BF012293D2022000F086FA15
:104CB00014F0004F15D0BDEC028BBDE8104000F0A1
:104CC000BBB914F5000F02BF9FED370ABDEC028B94
:104CD00010BDBDEC028BBDE8104000E007E000F025
:104CE00094B9BDEC028BBDE8104000F09DB900EB1B
:104CF000D07359104FF07E5202EBC15100EE101AE2
:104D0000A0EB630002EBC05060EE200A00EE100A38
:104D100020EE208A18EE100A88B118EE100AB0F1C1
:104D2000FF4F15D018EE100AFFF74EFC042808BFFD
:104D300000F082F9B0EE480ABDEC028B10BD0220F3
:104D400000F03CFABDEC028BBDE8104000F074B9F5
:104D5000022000F033FABDEC028BBDE8104000F0F9
:104D600063B900000000501E3BAAB840000000BF1D
:104D70000000003F0070313EF4FD053712BB2A3DB4
:104D800012BB2A3EFFFFFF3EFFFF7F3F8AE4020087
:104D90008EE402005EE402000000004B00007E4E44
:104DA0000000803F0000A0850000000010B52DED40
:104DB000028BB0EE608AF0EE408A18EE101A18EE00
:104DC000900AEBF75FFD00F07040B0F1005F0CD08F
:104DD00018EE100A20F00040C0F1FF40C00F02BFE3
:104DE000B0EE480ABDEC028B10BDB0EE680ABDEC17
:104DF000028B10BD10B52DED028BB0EE608AF0EE87
:104E0000408A18EE101A18EE900AEBF73BFD00F0FE
:104E10007040B0F1004F0CD018EE100A20F00040A6
:104E2000C0F1FF40C00F02BFB0EE480ABDEC028BDC
:104E300010BDB0EE680ABDEC028B10BD00B510EEDF
:104E4000101A2DED028B81B0524A6846B2EB410F29
:104E50002ED94FF0E640B0EB410F94BF00204FF049
:104E6000FF3000900098B0EE408A00286ADB10F016
:104E7000010F4BD068EE080A9FED471A9FED470AD5
:104E800000EE810A9FED461A00EE801A9FED450A5A
:104E900010F0020F00EE810A02BF01B0BDEC028BE0
:104EA00000BD00BF01B0B1EE400ABDEC028B00BDF9
:104EB0003D4B21F00042934241D911F0004FDFED0C
:104EC0003B0A20EE201ADFED3A0A19BF31EE601AD4
:104ED00071EE200A31EE201A71EE600ABDEEE01A82
:104EE00011EE100A9FED331A00F0030000EEC10A24
:104EF0009FED311A009000EEC10A9FED301A00EECE
:104F0000C10A9FED2F1A00EEC10AABE728EE080A8E
:104F10009FED2C1ADFED2C0A10F0020F40EE410A33
:104F20009FED2A1A00EE201A61EE000AB0EE480A40
:104F300008EE200AB6D101B0BDEC028B00BD00F036
:104F400083F88FE718EE100A4000B0F17F4F0DD2C2
:104F500018EE100AFFF738FB042808BF00F06CF8C1
:104F6000B0EE480A01B0BDEC028B00BD09D10120B2
:104F700000F024F901B0BDEC028B5DF804EB00F009
:104F80004BB801B0B0EE480ABDEC028B5DF804EB03
:104F900000F03BB8B61F927EB93AB2BACA9F2A3D1A
:104FA000DDFFFFBE0000803F490E494683F9223FE6
:104FB0000000004B0000C93F00A0FD390020A233D3
:104FC0001A61342C336D4C39DA82083CA0AA2ABE0F
:104FD00010B52DED028BB1EEC08A18EE100A20F04C
:104FE0000040C0F1FF40C00F0AD010EE100A20F0C0
:104FF0000040C0F1FF40C00F04BF012000F0DEF808
:10500000B0EE480ABDEC028B10BD30EE000A7047CE
:1050100030EE200A70470000DFED020A80EEA00AA1
:1050200070470000000000009FED020A20EE000A19
:1050300070470000000000709FED020A20EE000A99
:1050400070470000000000102DE9F0014FF07F4292
:10505000B2EB410F9FBF4FF0FF310160BDE8F0019F
:1050600070474FF0004242EA0123C1F3C752783A39
:10507000551112F01F0C434CCCF120067C44C1F3B7
:10508000C752A2F178024FEA621204EB820254F88E
:10509000254008BFD2E9015612D0556804FA0CF435
:1050A00025FA06F73C43976805FA0CF527FA06F847
:1050B000D26807FA0CFCF24045EA08054CEA020601
:1050C000A4FB034CA5FB0352A6FB03631D449D42B6
:1050D00034BF012600261319334416B1934202D976
:1050E00003E0934201D2012200E00022624402F177
:1050F000200C9206DC0C42EA443200EE102A5B03DC
:10510000DFED210AF8EEC01A00EE103A4FEA9C1CBF
:1051100011F0004FB8EE400AC0F800C020EE201A8F
:1051200000EE105ADFED190AB8EE400A20EE200A10
:1051300071EE810A70EE800A10EE902A02F500628C
:105140006FF30B0200EE902A70EEE11A31EEC11AF5
:10515000DFED101A30EE411A9FED0D0A20EE800AA5
:1051600001EE210A9FED0C1A00EE810A04BFBDE892
:10517000F0017047CCF180510160BDE8F001B1EE63
:10518000400A704760E00200000000360000802CFA
:1051900022AAFD29DB0FC92F0000C92F02E008C891
:1051A000121F08C1002AFAD170477047002001E0A1
:1051B00001C1121F002AFBD170470000014908609D
:1051C00070470000800F002010B5416904468847F1
:1051D0002069A04200D1002010BD00002DE9F04F51
:1051E00000260F4699B00546B04634464DE000BF54
:1051F000A868C4EBC4028946D0E9013C03EB8200F5
:105200000B902D480FAA02920CEBC40A51F8082FFC
:10521000006A49680C91110A61F31F201C21834622
:1052200004A8EBF729F9D9F81800006801F032F862
:105230000490D9F81800806805905FEA0A0009D048
:10524000C0F80080D9F80010416029B1498819B12F
:10525000012102E0404603E00021016001B9002085
:105260000690D9F818001C2204A94068CDE9080B63
:105270000C980A900298EBF7D8F80B981C220FA90B
:10528000EBF7D3F8761CB6B2641C0DB1288800E0A9
:105290000020A04205D9686818B150F824100029F0
:1052A000A6D11EB1A8684068386001E0C7F8008048
:1052B00019B03046BDE8F08F483004082DE9FF5F93
:1052C00082B00021DDE90430020DDDF840B0034377
:1052D00018D044F61050A2F2FF3242431514119830
:1052E00001281FD0A5EB0B00401C5FEA000A4FF01D
:1052F00000064E4FDFF83891B046504615D5CAF13A
:10530000000413E0119801244AA3012801D16FEA97
:105310000B010298119AC0E90031C0E9024206B0BF
:10532000BDE8F09FCBF10000DFE704460021404AD2
:10533000491842EB0450CDE9001012E0E00707D015
:1053400032463B4640464946EBF78AF98046894655
:1053500032463B4610461946EBF782F906460F46A1
:105360006410002CEAD1DDE90401DDE90023BAF183
:10537000000F06DAEBF774F942464B46EBF770F98B
:1053800005E0EBF7DFF942464B46EBF7DBF9044665
:105390000E460022284BEBF75DFA03D84FF0FF30A2
:1053A000014607E00022254B20463146EBF7B1F8D5
:1053B000EBF737FA102409E0002C0ADB0A2200235D
:1053C000EBF702F8039B30321A55641E50EA0102D3
:1053D000F2D1641C039AC4F111031444119A012AF6
:1053E00003D0012208430DD10AE0084304D0002075
:1053F0004FF0110B119072E7A3EB0B056D1E0DE042
:105400005B4504DD4FF0000205F1010504E003DA1D
:105410004FF00002A5F10105002AECD00298119985
:10542000C0E90231C0E9004579E7000000001440FE
:105430000000F03F300000000000F0430000E03FBB
:10544000C0F343424FF00001042A01D0082A06D1DC
:10545000C0F3C612C0F341500121C240914008463A
:10546000704700002DE9F0478246089D25F00100B5
:10547000EC0803EB80099FED450A55E001C993ED67
:10548000001A00F00F07C0F3031602EB870702EBC8
:105490008606D3ED014AD6ED000AD7ED001AC0F317
:1054A000072C00EE810A4FEA1C1C93ED025A02EB16
:1054B0008C07C0F30328D7ED000A01EEA40A02EB23
:1054C000880693ED033AD6ED002AC0F3074C93ED1E
:1054D000044A00EE850A4FEA1C1CC0F3034702EBA6
:1054E0008C0C02EB87079CED002A02EE830A97EDF5
:1054F000001AD3ED053A060FD3ED064A02EB8606F5
:1055000002EE040AD6ED001AC0F3036093ED075AC9
:1055100002EB8000203301EE230AD0ED000A641E66
:1055200001EEA40A00EE850A002CA7D116E000BF08
:1055300011F8010B93ED002A93ED011A040900F014
:105540000F0002EB840402EB8000D4ED001AD0EDD2
:10555000000A083301EE820A00EE810A4B45E7D3C8
:10556000E8070AD011F8010B93ED001A000902EBCD
:105570008000D0ED000A00EE810ADAED000A08464C
:1055800030EE800A8AED000ABDE8F08700000000D6
:10559000F0B504469FED3E0A059D03EB85001038EB
:1055A00027E00E7893ED001A4F7802EB8606D3EDD4
:1055B000012AD6ED000A02EB870611F802CF00EEB1
:1055C000810A96ED001A02EB8C0791F801C093ED69
:1055D000022AD7ED000A02EB8C0601EE220AD3ED77
:1055E000031A891C103300EE820AD6ED000A00EE81
:1055F000A10A8342D5D915F0030041D0012804D077
:1056000002280DD003283BD11EE011F8010B93EDC9
:10561000001A02EB8000D0ED000A00EE810A2FE0B4
:105620000878D3ED001A4D78891C02EB8000D3ED89
:10563000010A90ED001A02EB850001EE210A90EDBF
:10564000001A01EE200A1BE0087893ED002A4D783D
:1056500002EB80008E7893ED011AD0ED001A02EB78
:105660008500D3ED020A01EE820AD0ED001A02EBAA
:105670008600C91C01EE810A90ED001A01EE200A95
:10568000D4ED000A084630EE800A84ED000AF0BD31
:105690000000000070B5054648880C4669888842BD
:1056A00002D9A2B1002070BD8AB100260BE061686A
:1056B000C6EBC6006A6801EB800102EB80001C2289
:1056C000EAF7B3FE761C6088B042F0D801E060686B
:1056D00068606088688020882880012070BD000094
:1056E00030B500B3F9B1F2B15268E2B10F4C1368B2
:1056F000A34203D00129026013D014E00023121D3D
:1057000007E000BF52F82350A54204D040F82350D0
:105710005B1C8B42F6D38B4205D152F82300A0428A
:1057200001D1012030BD002030BD0000DECAFAA149
:1057300070B506000D4614461AD0CCB1104600F0E4
:1057400053FE00B16088A84212D10421002309E071
:10575000C3EBC302606801EB8202805820B146F8B7
:1057600023005B1CAB42F3D3AB4201D1012070BDDF
:10577000002070BD0349884201D1012070470020FC
:1057800070470000DECAFAA12DE9FE4F04009246E0
:10579000894603D0208E20B1656B03E00020BDE870
:1057A000FE8F0025217C00206083C9432083880769
:1057B00002D030221121DCE0B9F1000F62D0002DBF
:1057C00060D02888C8B3D9F818000026D0F8008027
:1057D00056E0A868006800EB0610019052D060B354
:1057E000C6EBC6000290012109EB8000009000F09A
:1057F00005FE0246DBF8180041688A421AD8009A72
:10580000DBF80C309269DF68D2F80CC0674511D123
:105810009F68D2F808C067450CD15B685268934214
:1058200008D1006800F026FD0746584602F098FCB3
:10583000874203D2182212219BE023E0DBF81800F4
:10584000006800F027FD0299C00159F82110B0EB63
:10585000C11F01D01922EEE70098406890B100986E
:105860008069006880B14045414600D208465A46EA
:105870008046DDE9001000F08FF806F101062DB139
:10588000288804E01722D6E72122D4E70020B0427E
:1058900006D9686820B150F826B0BBF1000F98D146
:1058A000BAF1000F73D0208E012806D9656B0C3534
:1058B00003D0288808B1002657E0182258E0A868CD
:1058C000006800EB061B39D0BBF1000F36D0C6EBE9
:1058D000C600019001210AEB8000009000F08EFDCF
:1058E000D9F8183059688842E7D8009AD9F80C00DE
:1058F0009269C768D2F80CC06745DED18768D2F8D4
:1059000008C06745D9D1406852689042D5D118681F
:1059100000F0B0FC0746484602F022FC8742CCD398
:10592000D9F81800006800F0B5FC0199C0015AF8D8
:105930002110B0EBC11F03D0192219E0172217E084
:10594000009840680028F9D000988069006870B11C
:105950004045414600D20846009980464A4658468E
:1059600000F01AF806F101063DB1288806E0212270
:105970001321204601F042F810E70020B04206D97A
:10598000686820B150F82690B9F1000F97D14FF018
:105990000100A4F8188002E770B50E4604461546CB
:1059A000104602F0DDFBA0600146B0690068484384
:1059B000E06071686160726810442060A8690268E4
:1059C000920007D4D0E90223D21A11448160A96958
:1059D0006068C86070BD2DE9F0410025064620E0F2
:1059E000B268816913680A6803EB0514920005D553
:1059F0008968D4E9010204F0B3FF08E0D1E9022389
:105A00006768D21A3A448A6080696168C16094E824
:105A1000070011446160814201D3E168411A61606D
:105A20006D1C0EB1308800E00020A84206D97068D5
:105A3000002803D050F825000028D1D1BDE8F0811E
:105A40002DE9F041002506462BE0B268886912680E
:105A5000036802EB05149A000FD58068D4E901129F
:105A600004F07EFFD4E901010844606021688842A7
:105A700001D3E068081A606012E0D4E90020A3684E
:105A800018446060904201D3E068101A60608A692F
:105A9000D2E90237DB1B1844906089696068C860EE
:105AA0006D1C0EB1308800E00020A84206D9706855
:105AB000002803D050F825100029C6D1BDE8F08198
:105AC0002DE9FF4F95B09A46884606460025EEE13F
:105AD000252877D100242746F94A0121039400E0C4
:105AE000044316F8013F203B01FA03F01042F7D1BE
:105AF00030782A2811D06FF02F033078A0F13002CF
:105B0000092A16D8039A44F0020402EB820203EB3E
:105B100042021044761C0390EFE758F8042B0392DE
:105B2000002A03DA504244F40054039044F0020483
:105B3000761C30782E2816D116F8010F44F0040494
:105B40002A280DD06FF02F023078A0F13003092BF6
:105B500009D807EB870302EB4303C718761CF3E76A
:105B600058F8047B761C30786C280FD006DC4C2863
:105B700017D068280DD06A2814D104E0742810D0FA
:105B80007A280FD10DE044F400140AE044F48014A4
:105B900001E044F440147278824202D104F580148A
:105BA000761C761C307866280BD013DC582877D00A
:105BB00009DC002875D04528F6D04628F4D04728BF
:105BC0001AD193E118E0632835D0642879D065288C
:105BD00012D18BE1702873D008DC6728F1D06928D6
:105BE0006FD06E280DD06F2806D1ACE073282CD072
:105BF000752874D0782853D05246179990476D1C59
:105C000054E1C4F30250022809D003280DD0D8F87B
:105C1000001004280DD00D6008F1040846E1D8F802
:105C20000010EA17C1E90052F6E7D8F800100D801D
:105C3000F2E70D70F0E718F8041B8DF80010002053
:105C40008DF80100EB46012003E058F804BB4FF04B
:105C5000FF3061074FF0000102D40DE009F10101AE
:105C60008946B9420FDA8145F8DB1BF80910002993
:105C7000F4D108E009F1010189468142FADB1BF801
:105C800009100029F6D103985346A0EB09072146D5
:105C90003846179A00F080FA284400EB090507E01F
:105CA00044E008E10DE01BF8010B524617999047BC
:105CB000B9F10109F7D2534621463846179AF2E066
:105CC00039E00A21C4F302524FF0000B0091022A7E
:105CD00006D058F8040BC117032A09D00AE023E0C4
:105CE00008F1070020F00702F2E80201904605E003
:105CF00000B2C117042A01D140B2C117002906DA47
:105D00000A460021404261EB02012D2202E02205F9
:105D100004D52B228DF80420012203E0E20701D0F4
:105D20002022F7E7914657E00A2100E010214FF0CA
:105D3000000B00910BE010214FF0000B44F0040425
:105D40000827009103E008204FF0000B0090C4F3F7
:105D50000252022A05D058F8040B0021032A08D069
:105D600008E008F1070020F00702F2E8020190467F
:105D700003E080B2042A00D1C0B24FF0000922072C
:105D80002AD53278702A07D0DDF800C08CF0100CCC
:105D90005CEA0B0C05D00EE040228DF804200122B5
:105DA00008E050EA010306D030238DF804308DF866
:105DB000052002229146009B83F0080353EA0B035F
:105DC0000AD150EA010201D1620705D530228DF8CF
:105DD00004204FF001097F1E3278582A04D039A2DE
:105DE0000C920CAA02920BE03BA2F9E75B46009AE8
:105DF000EAF7EAFA0C9B9B5C029A521E029213701D
:105E000050EA0102F2D1029804A9081A00F1200B0D
:105E1000600702D524F4803400E001275F4502DDED
:105E2000A7EB0B0000E0002000EB0B0100900398B3
:105E30004944401A0390E00306D453462146179A7A
:105E4000039800F0A9F90544002706E001A852468E
:105E5000C05D179990476D1C7F1C4F45F6DBE00332
:105E60000CD553462146179A039800F095F905443E
:105E700004E030205246179990476D1C0099481E47
:105E800000900029F5DC08E002980299524600785B
:105E9000491C0291179990476D1CBBF10001ABF1B1
:105EA000010BF1DC5BE100F065F90544761C30780C
:105EB00000287FF40DAE19B02846BDE8F08F000031
:105EC00009280100303132333435363738396162D0
:105ED0006364656600000000303132333435363794
:105EE000383941424344454600000000600700D471
:105EF000062708F1070020F00700F0E8022380469B
:105F000003F0004C5FEA0C0001D097A009E02005E7
:105F100001D596A005E0E00701D095A001E0AFF221
:105F20004C001390307823F0004365280CD006DC39
:105F3000452809D046281DD047287FD13BE0662858
:105F400018D067287AD136E00021112F01DB11200B
:105F500000E0781CCDE9000104A90CA8FFF7AEF918
:105F6000DDE90D010C9A4FF0000B07F101091092C9
:105F700000914EE04FF000400097CDE9011004A9D8
:105F80000CA8FFF79BF9DDE90D020C9B0F994FF070
:105F9000000B91461093009211B9791C00EB010996
:105FA000B7EB090003D4C0F1FF3B07F10109A9EBEE
:105FB0000700019042E0012F00DA01270021112F94
:105FC00001DD112000E03846CDE9000104A90CA84C
:105FD000FFF774F9DDE90D010C9A00914FF0000B09
:105FE000B946109221070FD4009A4A4503DA914628
:105FF00001E0A9F10109B9F1010F05DD109AA9F13C
:106000000101515C3029F4D0B84202DA10F1040FDA
:1060100003DA0121CDE9011010E0002803DC8344FC
:10602000A9EB000102E0411C494500DD8946A0EBD7
:106030000B00401C01904FF000400290200705D457
:106040000198484502DB4FF0FF30019000208DF8A9
:106050004B0002980DF14B07B0F1004F25D0022004
:106060000C902B200D90029800280CDA40420290F0
:106070002D200D9007E00A210298EAF715FA303139
:10608000029007F8011D0C99481E0C900029F2DCC3
:1060900002980028EFD1791E0D980870307800F032
:1060A000200040F0450007F8020D11A8C01BC01DDC
:1060B00002901398007800B1012000EB09010198CB
:1060C00001EBE071029801440398401A401E0390CE
:1060D000E00306D453462146179A039800F05CF873
:1060E00005441398007818B15246179990476D1CD3
:1060F000E00323D553462146179A039800F04CF845
:1061000005441BE0BBF1000F07DB0098584504DD98
:106110001098179910F80B0001E01799302052469B
:10612000904701980BF1010B401E05F1010501900C
:1061300004D12E205246179990476D1CB9F10001E9
:10614000A9F10109DEDC05E017F8010B52461799A9
:1061500090476D1C0299481E02900029F4DC5346BA
:106160002146179A03989EE62D0000002B000000A0
:10617000200000002DE9F041044600251E46174688
:10618000880404D405E039462020B0476D1C641E05
:10619000F9D52846BDE8F0812DE9F04104460025F7
:1061A0001E469046C80301D5302700E0202788040A
:1061B00004D505E041463846B0476D1C641EF9D54C
:1061C0002846BDE8F0814A68002A06D00A68531CB8
:1061D0000B6010704868401E48607047D0ED000AA0
:1061E0009FED121A60EE810AF5EEC00AF1EE10FA88
:1061F00004D0DFED0E0AC0ED000A7047D0ED000AB2
:10620000F4EEC00AF1EE10FA01DD80ED000AD0EDE7
:10621000000AB1EE401AF4EEC10AF1EE10FA03D210
:10622000F1EE400AC0ED000A00BFE6E70000000002
:1062300002F050FE00BF4FF0FF310348006802F04B
:1062400005FD02F0D1FDF6E7B000002070B579B190
:10625000C0F3C615C0F341526943C91D21F00704BC
:10626000D440FFF7EDF800FB0540C01DC00870BD2D
:10627000002070BD59B1C0F3C613C0F34152594359
:10628000C91D21F00700D040C01DC0087047002084
:1062900070470000C0F3434102294FF0400130B580
:1062A00019D03B4A20F07E434D019C1A934263D0A3
:1062B00028DC384A9342A3EB02045DD018DC402B63
:1062C0005BD0403BB3F5802350D0802B3DD0B3F55D
:1062D000806F52D134E0C0F3C051C0F3C612C9057B
:1062E00000F07F0341EAC211194341F4802144E0E8
:1062F000A4F54074F93C26D00F2C3AD0AC423CD1E6
:1063000025493AE0254BE21A9C4229D00CDC244A6C
:10631000A21813D0B2F5F83F1FD0224BD2181AD0D2
:10632000B2F5607F29D112E0A2F54072F93A10D09F
:106330000F2A18D0AA4220D11B491EE01B491CE09D
:106340001449C91F19E01A4917E01A4915E01A49FA
:1063500013E01A4911E01A490FE0194980390CE09D
:106360001549C91D09E015490F3106E01149803969
:1063700003E00F490F3100E0114600F0804200F0C9
:1063800000530A43134300F00060184330BD00007F
:1063900040040600470404004010040007007E008B
:1063A00000F483FF800FFEFF401084004010820045
:1063B00040080400C0000400400484004008840039
:1063C000C000840070B514460D46064600F00CF877
:1063D00040B17068C5EBC50110EB810002D044608C
:1063E000012070BD002070BD28B1416819B14088FE
:1063F00008B101207047002070470000020010B56E
:106400002AD01068154BB3EBC01F03D0144BB3EB6D
:10641000C01F01D1012000E00020084290694068BF
:1064200002D01F3020F01F005369D9B2012900D0DB
:1064300000211B0A07E0012907D0946954F8214084
:106440006043491C1AB11C4602E00124F8E700240D
:106450008C42F0DC002800DC002010BD006000420F
:106460000060000209A108B50968009148B10178EF
:106470009DF80020914204D104226946EAF707F80A
:1064800008B1002008BD012008BD00000384048479
:106490002DE9F041066C0025816B0446C163CEB145
:1064A000D9B10120626CB0470CE00220626CB047A9
:1064B000E06BFEF789FE0746626C0320E16BB04794
:1064C0006D1CE763E16B0029EFD106E0FEF77CFE6F
:1064D0006D1CE063E06B0028F8D12846BDE8F08130
:1064E00003460020996B002908D00A69401CCB6044
:1064F0008A4203D0002A01D01146F6E770472DE901
:10650000F041846B002594B1012600272079C00753
:1065100007D0216A204611B18847304600E038464E
:1065200005442069A04202D008B10446EEE728469F
:10653000BDE8F0813EB504460D460020052101234B
:10654000044ACDE900102946204600F01DF90290CA
:106550003EBD0000DC0E0020F0B58FB004460E46B4
:10656000174600212046FFF7E5FF0E900E98C0B2B7
:1065700010B10E980FB0F0BD684600F031F828B9A0
:10658000206800F045F80E900E98F3E7002507E02C
:1065900056F82520294603A8FFF714FF681C85B28A
:1065A0001EB1BDF80E00A842F2DC002507E057F846
:1065B0002520294601A8FFF705FF681C85B21FB1F9
:1065C000BDF80600A842F2DC6946206800F027F812
:1065D00018B9206800F01CF80E900E98CAE7000069
:1065E0001FB5044614B9002004B010BD074903C903
:1065F000CDE902010549083103C9CDE9000102AA2C
:106600006946204600F054F8EEE7000088D1010802
:1066100038B50446204600F005F9009038BD2DE954
:10662000F04106460F463946304600F009F9054666
:10663000012415B90020BDE8F0813946284602F052
:106640006FF904403946284602F0A8F80440304665
:1066500000F082F904402046EDE7000070B50446E2
:106660000D4614B9034C044820602946204600F02A
:1066700069F870BDDC0E00200001C0A170B50446B1
:106680000D4614B9034C044820602946204600F00A
:10669000BBF970BDDC0E00200001C0A170B504463E
:1066A0000D46164632462946204600F07DF970BD5B
:1066B00010B570B169B162B1074C01230460D1E932
:1066C0000041C0E90141D2E90012C0E903121846B5
:1066D00010BD002010BD0000DECAFAA1016810B193
:1066E000024A8A4300D00020704700000001C0A188
:1066F00030B44AB140B139B1074C1368A34206D156
:1067000030BC0C32FFF714B830BC0020704730BCEE
:106710001C32FEF7E5BF0000DECAFAA130B44AB170
:1067200040B139B1064C1368A34206D130BC121DEA
:10673000FEF7FEBF30BC0020704730BCFEF7D0BF74
:10674000DECAFAA1F8B50E46FFF7C8FF04000AD06A
:1067500000270097208E00B1606B6946FEF73EFD72
:10676000050006D00BE01022114600F047F900208A
:10677000F8BD18222046112100F040F9009706B11B
:1067800035800098F8BD00002DE9F04F89B04FF03A
:10679000000A05005746214E9146DDE9121063F3C9
:1067A000070754469B46019161F30F27039060F35E
:1067B000174718D0C5F8009000F0BAFFB8B1002212
:1067C000B046B68AC7F30721F8B200F04EF90022AE
:1067D0000746C6F30721F0B200F047F9874208D018
:1067E000D8F804400EE0F06909B0BDE8F08F3468D5
:1067F00008E00BA0006800906846FFF733FE18B968
:10680000D8F80840C5F800A05846039A019900F04E
:106810002CF9C9F808002046E6E7000048300408D3
:106820000384048410B5FFF759FF20B1BDE8104080
:106830000C3000F077BF0148806910BD4830040873
:106840002DE9F04F91B00C46FFF748FF050013D03B
:10685000B4B120683CA1FEF78DFF06004FF0000B9D
:1068600011D020680190D4E90301CDE90401D4E9F5
:106870000101CDE9020144E0002011B0BDE8F08F34
:10688000112210215DE0D4F804A001212046FFF779
:10689000B5FDD4F820908046012104F11C00109031
:1068A000FFF7ACFD2A491422074607A8E9F7BDFD0A
:1068B000B8F1000F4FF0010002D0ADF8220002E065
:1068C0000024ADF822B009941FB11099ADF82A0048
:1068D00002E00021ADF82AB0B9F1000F0B9102D10E
:1068E0000FB1132206E0BAF1000F05D1B8F1000F85
:1068F00002D01222102123E0142207A901A8E9F7EF
:1069000094FD14492868884212D186F0010202A938
:10691000144605F12000FEF7BDFE68B104A9224629
:1069200005F12800FEF7B6FE40B12846FFF7D8FD76
:10693000032028612846A0E7122200E01322162136
:10694000284600F05BF897E7696E69740000000064
:106950009C3004080001C0A170B5FFF7BFFE0028FD
:1069600007D0017C890705D41022112100F046F8D8
:10697000002070BD0B4A0168914211D10546FFF716
:10698000BEFD286C60B1AC6B54B1D5E9103200206B
:10699000214698472069A04202D008B10446F4E796
:1069A000012070BD0001C0A170B513460D46FFF770
:1069B00095FE04461A462946FEF7E6FE00281CD03E
:1069C000208E08B1666B00E00026012802D9656BB5
:1069D0000C350DE000250BE03046FEF7FCFF2046AD
:1069E000FFF756FD2846FFF72BF8608B401C6083AD
:1069F000608B218B8842EFD380B270BD002802D01B
:106A00000C3000F097BE7047F8B50E46FFF766FEF3
:106A1000040007D000270097208E012808D9606B5A
:106A20000C3006E010221146FFF7E8FF0020F8BD09
:106A300000206946FEF7D2FB050005D1182220464A
:106A40001121FFF7DBFF009706B135800098F8BDF4
:106A5000016802460120090A04E05368491E53F800
:106A6000213058430029F8D17047000640EA014020
:106A700040EA022070470000B0EE402A9FED244A11
:106A8000F5EE003A42EE043AF0EE630AFDEEE03A2B
:106A900013EE901AF5EEC00AF1EE10FA00D2491E7C
:106AA00003EE901AF8EEE33A70EEE33AF0EE630A82
:106AB000DFED183A20EEA31AFCEEC13A13EE902A4D
:106AC00090B2B0F5007F06DB0020DFED123A71EEE8
:106AD000633AB0EE631A03EE900AF8EE633A71EE91
:106AE000631A0D4A02EB8002D2ED002A0A4B421CC7
:106AF00003EB820292ED003AF7EE003A73EEE13AD0
:106B000063EEA23AB0EE630A01EE830A704700001A
:106B100083F9223E0000004448C50108B0EE402A37
:106B2000DFED233A62EE233AF0EE630AFDEEE03A3F
:106B300013EE901AF5EEC00AF1EE10FA00D2491EDB
:106B400003EE901AF8EEE33A70EEE33AF0EE630AE1
:106B5000DFED183A20EEA31AFCEEC13A13EE902AAC
:106B600090B2B0F5007F06DB0020DFED123A71EE47
:106B7000633AB0EE631A03EE900AF8EE633A71EEF0
:106B8000631A0D4A02EB8002D2ED002A0A4B421C26
:106B900003EB820292ED003AF7EE003A73EEE13A2F
:106BA00063EEA23AB0EE630A01EE830A704700007A
:106BB00083F9223E0000004448C5010830B5B3B057
:106BC0005448006840F4805052490860EEF7FCFCDD
:106BD000054608E0EEF7F8FC401B142803D9002016
:106BE000014633B030BD4B480068C0F34030002848
:106BF000F0D0B82104A8E9F73FFC4FF400310020A1
:106C0000CDE90410239004A8EFF750FF10B1002045
:106C10000146E6E700BF3F48DC30006840F0400036
:106C20003C49DC3108600846006800F040000190F3
:106C300000BF00BF37488430006840F0400035494D
:106C4000843108600846006820F04000086032483F
:106C5000006840F080403049086030482E491031CB
:106C6000086047F2742008602B48006820F08040DC
:106C700029490860EEF7A8FC054607E0EEF7A4FCFA
:106C8000401B142802D900200146AAE722480068C8
:106C900000F080400028F1D11F48006840F0040057
:106CA0001D490860002425E0EEF78EFC054613E040
:106CB000EEF78AFC401B142805D81748001D006811
:106CC00000F0060040B11448006820F004001249AA
:106CD00008600020014684E70F48001D006800F0AE
:106CE00001000028E4D00C480830006802A941F8EF
:106CF0002400641C022CD7D30748006820F004004D
:106D0000054908600021DDE902020A4301431046FB
:106D100067E700000044025800180248BC0A5917EF
:106D20002DE9F04393B0F24C04F1DC0601F006FCCF
:106D300081464FF41572EF492046E9F776FBEE489D
:106D4000D0F83472D0F830828068EB49C1F838024C
:106D5000002081F83C02484603F0D0FE0020E649BE
:106D6000A1F82802A1F82A020846D0F82C02401CFB
:106D7000C1F82C02E149E2A001F052FB2046D0F814
:106D800050323946E8A0226801F04AFBF24B1A461D
:106D90000121F24801F044FBF148012102220523C0
:106DA000CDE9002102901A460221EE4801F038FB9D
:106DB000ED4801F035FBED4801F032FBEC4801F005
:106DC0002FFBEC4B64224FF44031EB4801F028FBE1
:106DD000EA4801F025FBEA4801F022FBE94801F00E
:106DE0001FFBE94AE949EAA001F01AFBF34801F068
:106DF00017FBF34801F014FB9FEDF20B8DED000B38
:106E00009FEDF00B53EC102B0A21F0A001F008FBD2
:106E1000032204F1B401FBA001F046FB032204F1BC
:106E2000A801FBA001F040FB062204F1C001FCA078
:106E300001F03AFB042204F19801FDA001F034FBBB
:106E400006223146FDA001F02FFB062206F11801B3
:106E5000FEA001F029FB062206F13001FCA001F0A2
:106E600023FB032206F14801FAA001F01DFB0322D7
:106E700006F15401FBA001F017FB042204F1840188
:106E8000FCA001F011FB00250CE004F17C00405750
:106E900000EE100AB8EEC00A0DA800EB850080EDE8
:106EA000000A6D1C062DF0D306220DA9F3A001F0F7
:106EB000FBFA4146F34801F0B3FA8D48D0F84C1282
:106EC000F14801F0ADFA00250FE02B46EFA21021AA
:106ED00009A8FDF745FB05EB8502EE4800EBC20172
:106EE0000A2209A801F0E0FA6D1C062DEDD3EA484C
:106EF00001F096FAE94801F093FAE94801F090FAB6
:106F0000E84801F08DFA9FEDE80B8DED060B9FED43
:106F1000E80B8DED040BB1EE080B8DED020B9FED30
:106F2000E60B8DED000B4FF4804242F21071E44805
:106F300001F076FAE348C0880090E24883884288EE
:106F40000188E1A001F06CFA00252EE0D14820383C
:106F500000EB051090ED000A8DED0D0ACD482038AC
:106F600000EB051090ED010A8DED0E0AC94820389E
:106F700000EB051090ED020A8DED0F0AC548203890
:106F800000EB0510007B00EE100AB8EE400A8DED14
:106F9000100A2B46D4A2102109A8FDF7E1FA042219
:106FA0000DA909A801F080FA6D1C022DCED3D2A044
:106FB00001F036FAE04801F033FA94ED070AB7EE33
:106FC000C00A8DED060B94ED060AB7EEC00A8DEDF2
:106FD000040B94ED050AB7EEC00A8DED020B94ED9B
:106FE000030AB7EEC00A8DED000B94ED081AB7EE58
:106FF000C11AB0EE410B53EC102BD0A001F010FAE7
:10700000DDA001F00DFA00252BE004F1380000EBC3
:10701000850090ED000AB7EEC00A8DED040B04F177
:10702000240000EB450090F9010004F1240101EB7C
:10703000450191F9001004F13002525DCDE90021C3
:107040000290CF4800EB85004388CD4830F82520DA
:107050000DB159A000E033A00146CA4801F0E0F9A3
:107060006D1C042DD1D394ED040AB7EEC00A8DED4A
:10707000020B94ED020AB7EEC00A8DED000B6279A7
:1070800094F83410C04801F0CBF994F92F00009027
:1070900094F92E3094F92D2094F92C10BB4801F06E
:1070A000BFF9BB4801F0BCF9022204F16001B9A0AC
:1070B00001F0FAF994ED130AB7EEC00A8DED020B58
:1070C00094ED120AB7EEC00A8DED000B94F9692019
:1070D00094F96810B2A001F0A3F994F9721094F930
:1070E000712094F9703094F97B00CDE903326FE19F
:1070F000C8BB032420B70324081E0024743E0408E0
:107100007B2270726F746F636F6C5F7665727369E8
:107110006F6E223A312C226669726D776172652238
:107120003A25732C0000000022636F6E6669675F6A
:107130006964223A256C752C226D616368696E65FD
:10714000223A222573222C226D616368696E655F85
:107150006964223A25752C00400D03008438040828
:10716000404B4C00DC380408B0310408C03204083D
:107170001C330408F04902004C3C0408EC350408B8
:10718000F43404085C3104085C3D0408A03D0408A4
:10719000226D6F64656C223A25732C2267656F6DD2
:1071A000657472795F636F6E6669675F7368613279
:1071B0003536223A222573222C000000943404082C
:1071C0000C3A040800000000000059402277617268
:1071D0006D75705F7374657073223A25752C226F1C
:1071E00062735F636C6970223A252E39672C2261C5
:1071F0006374696F6E5F636C6970223A252E39671C
:107200002C0000006779726F5F7363616C6500002A
:10721000636F6D6D616E645F7363616C6500000028
:107220006A6F696E745F76656C5F7363616C65002D
:107230006F62735F64656661756C740070645F642F
:10724000656661756C745F66770000006B700000A6
:107250006B640000776865656C5F7069645F6C657E
:1072600066740000776865656C5F7069645F726959
:1072700067687400726C5F7A65726F00726C5F731E
:1072800069676E0048320408283704087069645F33
:107290002575000024BD03241C380408603504084B
:1072A00090360408043404080000004033333340AF
:1072B0000000000000004240000000E0CCCCFC3F99
:1072C000AC3A040830C5010822646A695F63616EE4
:1072D000223A5B5B25752C25755D2C5B25752C256D
:1072E000755D5D2C000000006C65675F636F6E6606
:1072F00069675F2575000000226C65675F636F6ECC
:107300006669675F636F6C756D6E73223A5B226CA2
:1073100075222C226C67222C226F66667365745F5F
:1073200070686930222C22636F6E666967757265BA
:1073300064225D2C000000005C3B0408226D6F7429
:107340006F725F6C696D697473223A5B252E3967C1
:107350002C252E39675D2C226D69745F72616E6712
:107360006573223A5B252E39672C252E39672C252B
:107370002E39675D2C00000022646D223A5B00000C
:1073800038C50108783F0408B8370408A833040852
:10739000D03B04086761735F666F7263655F6E0060
:1073A000226761735F7369676E223A5B25642C25DF
:1073B000645D2C226C65675F6C656E677468732210
:1073C0003A5B252E39672C252E39675D2C0000008D
:1073D0000591029094F97A0094F97910CDE90010A2
:1073E00094F8783094F877207620015D044801F015
:1073F00017F8044801F014F813B0BDE8F08300005A
:1074000044390408C43F0408F0EE401AF4EEC11AEF
:10741000F1EE10FA02DDB0EE410A7047F4EEE01A28
:10742000F1EE10FA02D2B0EE600AF6E7B0EE610AB1
:10743000F3E7F0EE401AF4EEC11AF1EE10FA02DDB5
:10744000B0EE410A7047F4EEE01AF1EE10FA02D203
:10745000B0EE600AF6E7B0EE610AF3E7F0EE401A2C
:10746000F4EEC11AF1EE10FA02DDB0EE410A7047F7
:10747000F4EEE01AF1EE10FA02D2B0EE600AF6E78E
:10748000B0EE610AF3E700BF00F004F8012001F05C
:1074900077FBF9E710B5EAF75FFDEAF787FAF5F74A
:1074A00053FDF4F791FEFDF717F8F7F74BFBF7F7ED
:1074B000D9FDF7F7FBFDF7F7A5FDF8F707FC08B9CD
:1074C000F7F70CFC10BD00002DE9F0412B480078C7
:1074D000401CC0B2294908700A2801D2BDE8F081D9
:1074E000002026490870264800F050F84FF4157126
:1074F0002348F8F7A5F8044601F020F8054621488E
:10750000D0F8340230B11F48D0F83002A04201D088
:10751000012000E0002006461A48806808B10120DA
:1075200000E0002007461748D0F8340200B18EB1C1
:107530004FF4157212491448E8F777FF1148C0F864
:107540003042D0F83402401C0E49C1F83402012008
:1075500081F83C02284603F0D1FA66B109480821B7
:10756000D0F83422072000F02DF90020F8F73AFE79
:107570003846F8F737FE00BFB0E70000B10100243D
:1075800074B90324081E002420B703242DE9F04118
:10759000044600BFEFF31080074672B698225B489E
:1075A00001682046E8F741FF4422594904F1980058
:1075B000E8F73BFF574890F8B802C4F84C02F5F7DB
:1075C0003FFCC4F85002D4F84C0200EB4002504893
:1075D000603000EB4211602204F1DC00E8F725FF87
:1075E00004F580704C4A92E80A10D268C0E90F1383
:1075F000C4F844C182643C30DFF820C1DCE90023D8
:10760000DCE9021CC0E904238161C4F858C10025EB
:1076100074E005EBC501424800EB011696ED000A47
:1076200005EB850104F5AE7000EBC10080ED000AAA
:1076300096ED010A05EB850104F5AE7000EBC10083
:1076400080ED010A96ED020A05EB850104F5AE70A6
:1076500000EBC10080ED020A96ED040A05EB8501FE
:1076600004F5AE7000EBC10080ED030A96ED050A4B
:1076700005EB850104F5AE7000EBC10080ED040A56
:1076800096ED200A05EB850104F5AE7000EBC10014
:1076900080ED050A96ED1F0A05EB850104F5AE7035
:1076A00000EBC10080ED060A96F8880000EE100A93
:1076B000B8EE400A05EB850104F5AE7000EBC100A1
:1076C00080ED070A307B00EE100AB8EE400A05EBA9
:1076D000850104F5AE7000EBC10080ED080A04F5E9
:1076E000867000EB850090ED000A05EB850104F53E
:1076F000AE7000EBC10080ED090A6D1C062D88D329
:1077000000BF87F3108800BFBDE8F0817CCE010880
:1077100008B3002094B0002048AF0020C4AF002080
:1077200014B400200168002202700260084670470D
:1077300001207047037813F0FF0F01D0002070473D
:107740000170016862F31F21016001207047000091
:1077500010B50448006890F8940008B1F6F7D0F826
:1077600010BD00007CCE010810B50448006890F8F8
:10777000940010B10248F6F7C1FC10BD7CCE0108A0
:107780004CB3002070B504460D4600F0D7FE064607
:107790000A4890F8200260B10848D0E900100023A0
:1077A00059405840014304D02A4621460448F8F77E
:1077B000ADFC304603F0A2F970BD0000081E0024A5
:1077C000502000242DE9FC4704468946164600F067
:1077D000B5FE8246F8F7C8F81822CDE9000102216B
:1077E000244802F07FFB24484069401C224A01469D
:1077F000506120481730F8F733FC21461D481B30F4
:10780000F8F72AFC49461B481D30F8F725FC1A48B2
:10781000816918481F30F8F723FC1748C16A1548DA
:107820002330F8F71DFC504603F068F93146114843
:107830002730F8F715FC00210E482B30F8F710FC24
:10784000022C05D10B48C06840F002000949C8600D
:10785000002504E001210748FFF794FF6D1C022C6E
:1078600001D0032C01D1032000E00120A842F1D86F
:10787000BDE8FC8720BE0324081E0024F0EE400A69
:10788000B0EEE00A704700002DE9F04106460D46D3
:10789000174600240EE025B105EB8401D1ED000A66
:1078A00001E0DFED060AB0EE600A06EB8400F8F7AF
:1078B000C9FB641CBC42EED3BDE8F0810000C07F70
:1078C0002DE9F04F2DED088B85B001908169088876
:1078D00008B14E6800E00026012802D948680C3043
:1078E00000E00020406800B10068834600200146A7
:1078F00008E092691268C2F34342012A00D00222D2
:107900001043491C0EB1328800E000228A4205D99A
:1079100072681AB152F82120002AEAD1DBF8181057
:107920000B6889680091C3F34342012A11D00128F2
:1079300052D000BFDBF800005FEA000951D0D9F84F
:10794000040070B3B9F8021059B30068D0ED008A92
:1079500049E0012802D080073ED4EBE700252EE065
:1079600001986769E368DBF80C20C16957F82100CA
:1079700053F8213052F8211000FB03F900FB01FA03
:10798000A069D0E90001FEF761FCB0FBF9F2A36940
:107990000146009F9C6809FB1210081A04EB0008BE
:1079A00007E01EE04A463946204602F0D9FF574418
:1079B0004C444445F6D300986D1C484400900EB1E9
:1079C000308800E00020A84206D97068002803D063
:1079D00050F82540002CC3D105B0BDEC088BBDE8A4
:1079E000F08FF7EE008AB7EE00BAB6EE008AC3F366
:1079F000C050DFEDD69A9FEDD6AA0290002091E10B
:107A00000398B0EE4B9ADBF80C30C9EE28AA446913
:107A1000C26801980399C069896954F8205053F8E5
:107A2000203052F82020086805FB03F855434968C8
:107A3000C0F34344FEF70AFCB0FBF5F20399012CB6
:107A400089698C6805FB1202A0EB020004EB0007B9
:107A50000AD00398006888B3416881B3428872B342
:107A60000A6892ED009A77E0E81705EB90708110B4
:107A7000029860B1B9F1000F3ED0D9F80400D0B33C
:107A8000B9F80220BAB3406890F9003035E0B9F196
:107A9000000F08D0D9F8040028B1B9F8022012B1BB
:107AA0004068007800E0002000EE100A0098A8EB83
:107AB0000103B8EE400A30EE081A19E053E049E03D
:107AC000002212E014F8015B521C00EE105AF8EE8E
:107AD000400AB0EE410A00EEAA0ABDEEC00A10EE5E
:107AE000105A85F3080500F8015B8A42EADB184466
:107AF000BC42E5D32BE0FFE70023009825E00022FD
:107B00001EE000BF14F8015B00EE103A00EE905A40
:107B100002F10102B8EEC00AF8EE600A00EEAA0A0D
:107B2000F4EEC09AF1EE10FA7AFE080A30EE800AFE
:107B3000BDEEC00A10EE105A05F3070500F8015B10
:107B40008A42DFDBA8EB01021044BC42D7D3009885
:107B50000844E4E0B7EE009A29B142881AB14968B6
:107B600091F9001000E00021B9F1000F09D0D9F817
:107B7000042032B1B9F802301BB1526892F90020EA
:107B800000E00022B4EE689AF1EE10FA11D19142B1
:107B90000FD10098039009E02A460146204602F0E2
:107BA000DFFE03992C4401EB08000390BC42F3D3A1
:107BB000B3E0029941B198B3416889B3408878B382
:107BC000486890F9003055E030B1416821B14088F3
:107BD00010B14868037800E00023B9F1000F08D025
:107BE000D9F8040028B1B9F8021011B14068027840
:107BF00000E00022B4EE689AF1EE10FA11D193423F
:107C00000FD10098039008E02A460146204602F072
:107C1000A7FE03982C4440440390BC42F4D37CE07C
:107C200027E0C9EE280A0098A8EB050C1EE0002109
:107C300019E000BF14F8018B00EE102AA8EB03082E
:107C400001EE108AB8EE400A491CB8EEC11A00EEE7
:107C5000810A30EE080ABDEEC00A10EE108A88F3E1
:107C6000080800F8018BA942E4DB6044BC42DED383
:107C700053E00023B9F1000F09D0D9F8040030B166
:107C8000B9F8021019B1406890F9002000E0002214
:107C9000B4EE689AF1EE10FA11D193420FD1009828
:107CA000039009E02A460146204602F059FE039956
:107CB0002C4401EB08000390BC42F3D32DE089EE85
:107CC000281A009827E0002120E000BF14F901CB1A
:107CD00001F1010100EE102AACEB030C00EE90CA9A
:107CE000B8EEC00AF8EEE00A01EE200AF4EEC09AFF
:107CF000F1EE10FA7AFE080A30EE800ABDEEC00AF4
:107D000010EE10CA0CF3070C00F801CBA942DDDB22
:107D1000A8EB05010844BC42D5D300982844009044
:107D20000AF1010082460EB1318800E00021514580
:107D30007FF652AE706800283FF44EAE50F82A002D
:107D4000039000287FF45CAE46E6000000000000CF
:107D5000FCFFFFBE2DE9F043806987B0018809B1BF
:107D6000426800E0002252683AB109B1426800E07E
:107D700000225268D2F800C001E04FF0000C012947
:107D800002D942680C3200E00022526842B1012957
:107D900002D942680C3200E000225268156800E007
:107DA0000025022902D94268183200E000225268F8
:107DB00042B1022902D94268183200E0002252681A
:107DC000136800E0002302290BD9426812F1180F52
:107DD00007D032F8184F012C03D9526812B15268FB
:107DE00000E00022DCF80C40D5F80C800329D3F821
:107DF00018906768D8E90164D8F80C80D9F8003089
:107E000004FB08F423F07E4304D9D0F8048008F181
:107E1000240801E04FF00008D8F80480B8F1000F02
:107E20000CD0032902D94068243000E000204068CB
:107E3000006818B18069D0F8088001E04FF00008B0
:107E4000A869DCF818108068896812B19269956891
:107E500000E00025DFF850C013EB0C0CD9E9022339
:107E600010D0BCF59C0F15D0BCF5DC0F07D1CDF8B8
:107E70000080CDE90364CDE9015700F0C7F807B0F1
:107E8000BDE8F0838DE8A700CDE90564684600F001
:107E90006FF8F4E7CDF80080CDE90364CDE9015730
:107EA00000F008F9EBE70000C0EF7DFF70B5044675
:107EB0002DED048B81690A880AB1486800E0002032
:107EC000406828B10AB1486800E0002040680068B6
:107ED000012A02D94B680C3300E000235B6843B1F0
:107EE000012A02D949680C3100E00021496809687B
:107EF00000E000218A698169083095688E68FEF784
:107F0000A7FDE16906EB8004B7EE008A9FED179AA2
:107F100005EB80058968D1ED008A1FE094ED000A29
:107F2000FCF74AFE30EE480A20EE280AB5EEC00AF9
:107F3000F1EE10FA02DDB0EE490A07E094ED000A16
:107F4000FCF73AFE30EE480A20EE280AD4ED000A8B
:107F5000C9FE200A30EE200A85ED000A241F2D1FDD
:107F6000B442DBD2BDEC048B70BD00000000000009
:107F70002DE9F04F04462DED028B81B0D4E90501C7
:107F80004843D4E9005105EB80098A4635E0616930
:107F90002E46D4F810B0A7689FED1B8A05EB810828
:107FA0000EE000BF8DED008A5B46524639466846BA
:107FB000FCF766FB9DED000A07EB8B07A6EC010AB8
:107FC0004645EFD3E06890B100200DE0E26805EB94
:107FD000800102EB8002D1ED000A92ED000A401C04
:107FE00030EE200A81ED000A61698142EED8D4E9C1
:107FF00004120AEB810A05EB82054D45C7D301B097
:10800000BDEC028BBDE8F08F000000002DE9FF4FB2
:1080100004468B462DED028B83B0DDE91550DDE97A
:10802000128ADDF8509068435FEA080104EB80068D
:1080300004D04022184602F093FC32E0984630E02B
:10804000079904EB85079FED1A8A0DE08DED018AF3
:1080500001A85B464246CDF80090FDF703FA9DED7E
:10806000010A0146A4EC010ABC42EFD3BAF1000FA9
:108070000BEB890B15D00020A4EB85010DE000BFB0
:108080000AEB800301EB8002D3ED000A92ED000AB7
:10809000401C30EE200A82ED000AA842F0D301EB2A
:1080A0008504B442CCD303B0BDEC028BBDE8FF8F96
:1080B000000000002DE9FF4F04468B462DED028B9A
:1080C00083B0DDE91550DDE9128ADDF85090684390
:1080D0005FEA080104EB800605D04FF48062184681
:1080E00002F03EFC33E0984631E0079904EB850747
:1080F0009FED1A8A0EE000BF8DED018A01A85B4654
:108100004246CDF80090FDF743FA9DED010A014685
:10811000A4EC010ABC42EFD3BAF1000F0BEB890BC0
:1081200015D00020A4EB85010DE000BF0AEB800311
:1081300001EB8002D3ED000A92ED000A401C30EE04
:10814000200A82ED000AA842F0D301EB8504B44274
:10815000CBD303B0BDEC028BBDE8FF8F0000000065
:1081600030B5D0E90551C368064CD868EB6809689A
:1081700058432140A1F58022C03A01D1C01DC0085A
:1081800030BD0000FFFF7F012DE9FC4104460D4694
:10819000642206212448CDE9004501F0A3FE00F049
:1081A000CDF907462148D0F88800201A1F49C1F8A8
:1081B000B8011F48D0F844121C48C0F80412D0F887
:1081C0001C12C0F808121A48D0F848121748C0F814
:1081D0000C121748D0F840121448C0F818124FF08B
:1081E000000609E0134A52F826100F4A173202EB34
:1081F0008600F7F735FF761C192EF3D364210D485E
:10820000E8F73AF90A48D0F84C12C0F84812074883
:10821000883030C0384602F071FC00210248FFF778
:10822000B1FABDE8FC81000008930024081E002478
:1082300050800024C01F002400F0B0F800BF00F000
:1082400005F8012000F09CFCF9E7000070B5B2B021
:1082500048224F4910A8E8F7E8F8F1F799FFF1F73D
:108260007DFF28B900204A4981F8400032B070BD36
:108270006846F2F701F84022694622A8E8F7D5F8E7
:108280009DF8800020B121992F98884200D1EDE718
:108290009DF8800010B910A8E8F706FC3D4800687A
:1082A00000F16A059DED2B0A8DED100A002455E0C2
:1082B00005F10F00005700EE100AB8EEC00A05F1F4
:1082C0000C00005D401C2BA901EB8000D0ED000AE2
:1082D00020EE200A10A9601C01EB800080ED000A4E
:1082E000E81C005700EE100AB8EEC00A285D22A96B
:1082F00001EB8000D0ED000A20EE200A14A800EB6C
:10830000840080ED000AA81D005700EE100AB8EEA8
:10831000C00A28A800EB8400D0ED000A20EE200A55
:10832000DFED1D0A20EE200A1AA800EB840080ED84
:10833000000A05F10900005700EE100AB8EEC00A65
:1083400025A800EB8400D0ED000A20EE200A1DA82D
:1083500000EB840080ED000A601CC4B2032CA7D39C
:1083600010A8E8F7AFFB8DF880002F98219000BF90
:10837000EFF31080064600BF72B6482210A90448E9
:10838000E8F753F800BF86F3108800BF00BF6DE721
:108390007CAE00207CCE010835FA8E3C10B5024838
:1083A000E8F782FB10BD00007CAE002000BFEFF3B9
:1083B000058008B1012070470020FCE710B54FF49C
:1083C00012711448E8F758F846F258211248E8F7B5
:1083D00053F8FEF7F3FB0F4A03C20E48D0E9001032
:1083E000002359405840014301D1012000E0002002
:1083F0000A4908600120074981F8200281F8230218
:10840000F7F7B2FA034A883203C20120014981F822
:108410003C0210BD081E00245020002478010024D6
:108420000FB438B51D48B0F8280241F6FF718842F4
:1084300002D338BC5DF814FB05A80090174AB2F8C7
:108440002822C2F50051154AB2F82822144BD01840
:10845000009B049AFCF79EF8044600200090002C34
:1084600006DB0E48B0F82802C0F50050A0420BD839
:108470000C48006840F002000A49086041F6FF70AD
:108480000649A1F82802D4E70448B0F8280220449D
:108490000249A1F8280200BFCBE70000081E002413
:1084A00020970024780100242DE9F04106460D466E
:1084B0001746314618A0FFF7B3FF002425E005EB6F
:1084C000840090ED000A10EE101A0846FCF7B3F88D
:1084D00090B105EB840090ED001AB7EEC11AB0EE32
:1084E000410B0CB10EA000E00EA0014653EC102B86
:1084F0000DA0FFF795FF07E00CB109A000E009A06F
:1085000001460BA0FFF78CFF641CBC42D7D30AA026
:10851000FFF786FFBDE8F081222573223A5B000059
:108520002C000000000000002573252E3967000094
:1085300025736E756C6C00005D2C000000BFEFF3BE
:108540001081084672B6704710B51548407868B17A
:10855000144890F8400048B1134890F8790028B1C9
:10856000124890F8790008B1012000E0002004468C
:108570001CB900200E4908700FE00D48007860B962
:108580000A4A09490B48F2F7FDF8094908700846FC
:10859000007810B10848F3F785FA0548007810BD57
:1085A000A20000207CAE002048AF0020C4AF002015
:1085B0005C01002474B7002010B9002010B5002021
:1085C000024908700248F3F76DFA10BD5C010024FF
:1085D00010B9002000BF6848006800F4003000B106
:1085E00039E000BF00BF00BFBFF34F8F00BF00BF27
:1085F00000BF00BF00BF00BFBFF36F8F00BF00BF51
:1086000000BF00205D49086000BF00BF00BFBFF38E
:108610004F8F00BF00BF00BF00BF00BF00BFBFF350
:108620006F8F00BF00BF00BF5348006840F40030A8
:108630005149086000BF00BF00BFBFF34F8F00BFAC
:1086400000BF00BF00BF00BF00BFBFF36F8F00BF00
:1086500000BF00BF00BF00BF474B1B6803F480335F
:1086600003B148E00023444C7034236000BF00BFD6
:1086700000BFBFF34F8F00BF00BF00BF231F1868AC
:10868000C0F34E3100BFC0F3C90200BF43F6E07330
:1086900003EA41134FF0404404EA82742343374C09
:1086A0001034236000BF00BF131EA2F10102EDD100
:1086B0000B1EA1F10101E6D100BF00BF00BFBFF357
:1086C0004F8F00BF00BF00BF2B4B1B6843F48033AC
:1086D000294C236000BF00BF00BFBFF34F8F00BF16
:1086E00000BF00BF00BF00BF00BFBFF36F8F00BF60
:1086F00000BF00BF00BFECF779FFF7F7C9FEF3F743
:108700008DFFF3F727FEF4F70FF9F4F777F8F4F796
:10871000D9F8F4F7A5F8F4F7F7F9F4F70FFBF4F745
:1087200067FAF3F761FEF3F7A3FEF3F7E5FEF4F75C
:1087300039F9F4F7A1F9F4F7C7FAF4F725FAF4F7E1
:108740008DFAF4F771FBF4F7B9FBE8F70BFFF1F7DB
:10875000F5FCE8F78FFAE9F7DBF8E9F735FB0022DB
:108760004FF4C0410648ECF729FFF3F709FF00F08A
:1087700013FA00BFFEE7000014ED00E050EF00E048
:108780000008025801460020842901D0CA1C104468
:10879000704702688A4200D20160704770B5054692
:1087A0000C46224601214E48FDF7A2FF00287DD04D
:1087B0004B4800684B49886049480068C860484891
:1087C0000068643048498860454800686430C86083
:1087D0004348006800F516704449886040480068C6
:1087E00000F51670C8603E48006800F516704049F4
:1087F00088603B48006800F51670C860384800681B
:1088000064303C498860364800686430C860344849
:10881000006800F5B270384988603148006800F59A
:10882000B270C8602E4800686430344988602C48B3
:1088300000686430C8602A48006870303049886039
:10884000274800687030C86025480068E0302D492E
:10885000886023480068E030C86021480068E03044
:10886000294988601E480068E030C8601C480068DC
:1088700000F53870254988601948006800F538709F
:10888000C860174800687030214988601448006843
:108890007030C8601248006800F5B8701D498860E3
:1088A0000F48006800F5B870C86000E011E00C489F
:1088B0000068703018498860094800687030C860E6
:1088C000074800681549886005480068C8600120AD
:1088D00070BD132230212846FEF790F80020F7E7FC
:1088E00054080020BC0800205C0800206C08002010
:1088F0007C0800208C0800209C080020AC08002088
:10890000CC080020DC080020EC080020FC08002037
:108910000C0900201C0900202C0900203C09002023
:1089200070B505460C46224601218048FDF7F6FE4B
:1089300000287DD07E48006840F080407C49086077
:108940007A480068886079480068C860794800689B
:1089500040F08040774908607448006800F57A402C
:1089600088607248006800F57A40C8607248006804
:1089700040F08040704908606C48006800F57C4019
:1089800088606A48006800F57C40C8606B480068F1
:1089900040F08040694908606448006800F5BE30D6
:1089A00088606248006800F5BE30C86064480068AE
:1089B00040F08040624908605C48006861490844B2
:1089C0005F498860594800685E4908445C49C8604E
:1089D0005D48006840F080405B490860534800688B
:1089E00000F5C03088605148006800F5C030C860AC
:1089F0005648006840F08040544908604B48006881
:108A000000F5C0300C3088604848006800F5C03080
:108A10000C30C8604E48006840F080404C49086007
:108A20004248006800F5DC300C3088603F4800E0C8
:108A300074E0006800F5DC300C30C8604548006820
:108A400040F0804043490860384800684249084483
:108A500040498860354800683F4908443D49C8603E
:108A60003E48006840F080403C4908602F4800685C
:108A70003B490844394988602C4800683849084413
:108A80003649C8603748006840F080403549086082
:108A90002648006834490844324988602348006801
:108AA000314908442F49C8603048006840F0804090
:108AB0002E4908601D4800682D4908442B498860EC
:108AC0001A4800682A4908442849C86029480068AB
:108AD00040F08040274908601448006824498031EC
:108AE00008442449886011480068214980310844BD
:108AF0002049C8602048006840F080401E49086056
:108B00000A4800681D4908441B49886007480068F6
:108B10001A4908441849C860012070BD122230214A
:108B20002846FDF76BFF0020F7E7000058080020FB
:108B30004C0900205C0900206C0900207C09002001
:108B40008C090020007D01009C090020AC09002058
:108B5000BC090020CC0900200CBA0100DC0900206F
:108B60000C3A0200EC0900200C3B0200FC0900203A
:108B70000C5B02000C0A00201C0A00208C5E020024
:108B800070B5044625460DB1294600E0012108468E
:108B900002F042F9002070BD10B502F02BFA00205F
:108BA00010BDF8B504460D46606880B1012D08D1AE
:108BB00003200090002211460120636802F005FCAA
:108BC000F8BD29462846626802F0A0FBF8E7012DAF
:108BD0000ED103220021012002F0CAFB06462EB16D
:108BE00000231A461946304602F0ACFC3046E7E74F
:108BF0002946284602F05CFBE2E7000038B504464F
:108C0000002500200090FFF7D1FB90B16946204677
:108C100002F0EAFD012801D0FF2038BD009888B19C
:108C20004FF0805008490860BFF34F8FBFF36F8F3C
:108C300008E000231A461946204602F083FC01286A
:108C400000D0FF252846E8E704ED00E0F8B5064629
:108C50000C46002000900EB98020F8BD0025601C55
:108C600008B96D1E03E014B1254605B90125FFF7CB
:108C70009DFB98B16A460021304602F0D9FE0128DA
:108C800001D0FF20E9E7009880B14FF080500849FB
:108C90000860BFF34F8FBFF36F8F07E02946304660
:108CA00002F02CFF012801D0FF20D6E70020D4E7F6
:108CB00004ED00E07FB504460D46606998B1A069F7
:108CC00088B1B4F90800FFF75DFD0646D4E9051048
:108CD000CDE9006102902B462269D4E9001003F02F
:108CE0006FF8039013E0B4F90800FFF74BFD064658
:108CF00003A8CDE90060238A9AB22B46D4E900107C
:108D000003F02CF8012802D0002004B070BD0398B5
:108D1000FBE7000010B50446207E10B12C48007817
:108D200018BB00202B4908702B49087000BF08E0D1
:108D30009FED2A0A2A4901EB800181ED000A411CBE
:108D4000C8B20428F4DB002008E09FED240A25497E
:108D500001EB800181ED000A411CC8B20228F4D366
:108D6000E9F746FAE8F750FD10BD00200AE004EBF1
:108D7000800191ED000A1A4901EB800181ED000AA2
:108D8000411CC8B20428F2DB94ED040A154880EDBA
:108D9000000A94ED050A80ED010A2046E9F7DEF9A4
:108DA00008B9012000E000200A49087094ED041A77
:108DB000F0EE410A94ED051AB0EE410AE8F7B6FE6E
:108DC00008B9012000E000200349087000BFCBE78C
:108DD000AE000020AC000020AD000020000000002C
:108DE000ECBA00206001002430B58BB02D4890ED26
:108DF000190A8DED090A90ED1A0A8DED0A0A2A4822
:108E00000068007948B109A89FED280A284B294A33
:108E1000294900902948F2F735FA02AD1C2128466D
:108E2000E7F72AFB00BF264801F032FE044625483A
:108E3000047000202449087094B1012C02D0022C47
:108E400025D125E01E48407C032806D1FFF77CFB96
:108E500018B102A801F016FD01E0FFF7AFFB1AE020
:108E600000201A4908701648407C032804D118488D
:108E7000407808B1012000E000201349087008463E
:108E8000007818B102A909A801F024FD03E000BF91
:108E9000FFF794FB00BF00BF02A8FFF73BFF0BB03A
:108EA00030BD0000C4AE00207CCE01086F12033B31
:108EB000C4AF002048AF00207CAE002074B7002073
:108EC00080B00020A50000205D0100245C0100248A
:108ED000A200002010B50348F0F716F808B1E9F732
:108EE000F9FA10BD10170020014800787047000003
:108EF0005C01002401480078704700005D010024F7
:108F00002DE9F04706460F4690461C46DDE908A9C4
:108F10000023D8E900105940584001432FD0D8F819
:108F20000000351A184804F1030150F8210020B15F
:108F3000154850F82400A84202D9134840F824509C
:108F40001149621C01EB82002946FFF722FC0E4802
:108F5000A11C50F8210042190B4840F82120E11CC7
:108F600050F82100401C0849E21C41F822005545F8
:108F700005D9084650F82900401C41F82900C8E9E5
:108F80000067BDE8F0870000C01F002410B52DED7C
:108F9000068B0446B0EE409BB0EE41AA84ED119AD8
:108FA000C4ED0E9A39EEC90A84ED140A94F88800CB
:108FB00038B1D4ED140AB0EE600AE7F751FD84ED44
:108FC000140A94ED1F0AB5EEC00AF1EE10FA11D0A2
:108FD000D4ED140AB0EE600AE7F71CFDD4ED1F0AC9
:108FE000B4EEE00AF1EE10FA04DD9FED700ABDEC7C
:108FF000068B10BD94ED201AF0EE410A94ED141A80
:10900000B0EE410AE8F7DCFBB0EE408A94ED201A9E
:10901000F0EE410A94ED151AB0EE410AE8F7D0FBE4
:10902000F0EE408A207BE0BB94ED000A20EE080AB7
:1090300084ED170A94ED180AD4ED010A60EE880A4F
:1090400000EE8A0A84ED180A94ED020AB5EEC00A11
:10905000F1EE10FA04D19FED550A84ED190A0BE0E8
:1090600094ED140AD4ED150A30EE600AD4ED020A2C
:1090700020EE200A84ED190AD4ED050AB0EE600A4C
:1090800004F16000FDF7AAF894ED170AD4ED180A70
:1090900030EE200AD4ED190A30EE200A84ED1A0AC7
:1090A00000E00CE0D4ED040AB0EE600A04F16800C0
:1090B000FDF794F894ED1A0A84ED1B0A55E0207B25
:1090C000012852D194ED201AF0EE410A94ED161ABF
:1090D000B0EE410AE8F774FBF0EE401A94ED000A96
:1090E00078EE680A20EE200A84ED170A94ED010A52
:1090F00020EE080A20EE0A0A84ED180AD4ED020ACE
:10910000B0EE001AB0EE480A01EE680A30EE210A0D
:1091100020EE800A84ED190AD4ED050AB0EE600A4B
:1091200004F16000FDF75AF894ED170AD4ED180A1F
:1091300030EE200AD4ED190A30EE200A84ED1C0A24
:1091400094ED1E0AD4ED1C0A30EE200A84ED1D0AAF
:10915000D4ED040AB0EE600A04F17400FDF73EF8A5
:1091600094ED1D0A84ED1E0A00BF94ED150A84EDEE
:10917000160A94ED140A84ED150A94ED120A84ED92
:10918000130A94ED110A84ED120A94ED0F0A84ED8E
:10919000100A94ED0E0A84ED0F0A207B10B994EDAD
:1091A0001A0A24E794ED1D0A21E7000000000000E0
:1091B000C0ED050A80ED040A017380ED001AC0EDD0
:1091C000011A80ED022A7047FEF7CEFA00BF4FF079
:1091D000FF3103480068FFF739FDFEF7B9FAF6E7FB
:1091E000B40000202DE9F04105460E461F480768EF
:1091F00000201F49096881F852001D480068001DC1
:1092000001F081FC50B91A48006890F82C10012038
:10921000884018490968814316480160681C38B9BC
:1092200036B113480168091D134801F0C3FC1AE068
:109230007C190F4800684460BC4207D20C480168A2
:10924000091D0E48006801F09BFC0CE0084801680D
:10925000091D0B48006801F093FC0A48006884422D
:1092600001D208480460BDE8F0810000340000200D
:1092700020000020380000201430002028000020AA
:10928000240000205000002010B5044601F09EFC90
:1092900023480068401C224908602248006840B901
:1092A000204804600846006801280DD100F004FA47
:1092B0000AE01D48006838B91A480068C06AE16AC7
:1092C000884201D81748046018480068401C1749B4
:1092D000086094F82C10012088401549096808435B
:1092E00013490860E16A01EB8101124A02EB810037
:1092F000211D01F05FFC01F093FC0B48006868B190
:1093000008480068C06AE16A884207D24FF080507E
:1093100009490860BFF34F8FBFF36F8F10BD000086
:1093200030000020200000203C0000204C000020E5
:1093300038000020382F002004ED00E008B501F0CF
:1093400045FC12480068E8B9114801F009FC1148D1
:1093500001F006FC0E48104908600E480F490860ED
:1093600000200F4B0F4A102100900A2002F02DF828
:10937000064908600846006820B10BA10348006850
:1093800001F00EFD01F04CFC08BD00008800002437
:10939000D8130024EC13002480000024840000244F
:1093A0000014002448140024546D72510000000081
:1093B00010B516E001F00AFC0C48C068C468201D16
:1093C00001F0A1FB0A480068401E094908600948ED
:1093D0000068401E0749086001F022FC204600F0AA
:1093E0005FF8044800680028E4D110BD0030002078
:1093F000300000202C00002070B504460D46206C83
:1094000070B1216CE0680144E160D4E90210884247
:1094100001D32168E1602846226CE168E7F705F88E
:1094200070BD2DE9F04104460F4615464FF0000887
:10943000A66B206C48B9206800282CD1A06802F0E7
:10944000D7FD80460020A06025E07DB93946226C1A
:109450006068E6F7EAFF216C606808446060D4E960
:109460000101884217D32068606014E03946226CFD
:10947000E068E6F7DAFF216CE068411AE1602168F4
:10948000E068884203D2216CA068411AE160022D95
:1094900001D106B1761E701CA0634046BDE8F08184
:1094A00010B5044694F8510030B9206B01F0D6FB9A
:1094B000204601F0D3FB1AE094F85100012803D1B3
:1094C000204601F0CBFB12E094F85100022801D1B4
:1094D000012000E0002050B900BF502080F3118827
:1094E000BFF34F8FBFF36F8F00BF00BFFEE710BD0C
:1094F00001464A6A22B10A6B1268C2F1070000E015
:10950000002070470146084A126812680AB9012211
:1095100000E000220A600A6822B9034A1268D26891
:10952000106800E0002070478000002430B54FF440
:10953000F043174800F007042CB1C01D20F00700CD
:10954000134C041B1B1B0246124C22600024114DBD
:109550006C60D018083820F007000F4C2060002401
:109560000D4D2D686C600C4D2D682C601146441A11
:109570004C60094C24680C60084D4C682C60084D08
:109580004C682C604FF00044064D2C6030BD00004C
:1095900028300020940000249C000024A400002413
:1095A000A0000024B000002400BFFFF701FF064820
:1095B00000680128F9D94FF0805004490860BFF3D2
:1095C0004F8FBFF36F8FF0E7382F002004ED00E0DE
:1095D0002DE9F04106460D4617469846069C0DB902
:1095E000246000E02760E66325640121204601F045
:1095F0005DFFBDE8F0812DE9F05F82460E469046A2
:109600009B460A9F0C9C4FEA8801A522206BE6F737
:109610002CFFA8F10100216B01EB800929F007095B
:1096200009F0070008B9012000E0002050B900BF90
:10963000502080F31188BFF34F8FBFF36F8F00BFAF
:1096400000BFFEE786B1002507E0715D04F134003C
:109650004155705D00B902E06D1C102DF5D300BFBF
:1096600000214320015502E0002084F83400072F38
:1096700000D30627E76267640020A064201D01F084
:109680007CFA04F1180001F078FA2461C7F10700B0
:10969000A06164620020E06484F8500084F8520005
:1096A0005A465146484600F081FB20600B9808B1AD
:1096B0000B980460BDE8F09F10B5002407E004EBB0
:1096C00084010F4A02EB810001F04AFA641C072C66
:1096D000F5D30C4801F044FA0B4801F041FA0B486D
:1096E00001F03EFA0A4801F03BFA0A4801F038FA64
:1096F00004480949086004480849086010BD000092
:10970000382F0020C42F0020D82F0020EC2F00205D
:109710000030002014300020240000202800002009
:1097200010B50146164800E0006803688B42FBD381
:109730000246436813448B4204D143684C68234477
:10974000436001460A464B6813440468A34211D1A2
:109750000C4C03682468A34208D04B680468646812
:1097600023444B6003681B680B6005E0054B1B68D6
:109770000B6001E003680B60884200D0016010BDFF
:10978000940000249C0000242DE9F04104460D467D
:1097900016461F464FF0000865602461B5420CD89C
:1097A000F01BA169884202D34FF0010811E0211D8E
:1097B0000948006801F0E4F90BE0BE4204D2BD4262
:1097C00002D34FF0010804E0211D0448006801F0B5
:1097D000D7F94046BDE8F0818400002480000024D1
:1097E00070B5054601F0F2F9A86B08B9012400E054
:1097F000002401F015FA204670BD70B5054601F051
:10980000E5F9A86BE96B884201D1012400E000244E
:1098100001F006FA204670BDF8B505460F461A4815
:109820000068C068C468201D01F06DF994F8240038
:1098300000F00400E8B1A06941192B463A462046E1
:10984000FFF7A2FFD8B1002003462A460146009048
:10985000204602F097FD064656B900BF502080F31F
:109860001188BFF34F8FBFF36F8F00BF00BFFEE7BC
:1098700005E094F8240020F0010084F8240020463C
:10988000216A8847F8BD000080000024F0B587B049
:10989000A0E00398002811DA04AE56B900BF5020AA
:1098A00080F31188BFF34F8FBFF36F8F00BF00BFEE
:1098B000FEE7D6E90020B168904700BF0398002872
:1098C000E6DB059C606908B9012000E0002010B9C2
:1098D000201D01F018F902A800F0DEF805460398F3
:1098E0000A2875D2DFE800F0090507394163060848
:1098F0003A4200BF00BF00BF00BF94F8240040F010
:10990000010084F824000498A269811803462A46BD
:109910002046FFF739FFF8B12046216A884794F8BE
:10992000240000F00400B8B1002000900498A16960
:10993000421800231946204602F024FD074657B975
:1099400000BF502080F31188BFF34F8FBFF36F8F9C
:1099500000BF00BFFEE700BF3BE000BF94F824005B
:1099600020F0010084F8240033E000BF94F82400C4
:1099700040F0010084F824000498A061A06908B1B7
:10998000012000E0002050B900BF502080F3118872
:10999000BFF34F8FBFF36F8F00BF00BFFEE7A0691B
:1099A00041192B462A462046FFF7EEFE11E094F8B7
:1099B000240000F0020018B9204601F04FF905E03C
:1099C00094F8240020F0010084F8240001E0FFE76F
:1099D00000BF00BF002203A90448006801F074FF23
:1099E00000287FF456AF07B0F0BD000088000024C7
:1099F000F8B505460C4601F059FB684600F04CF8F6
:109A00000646009820BB44B9B54206D802F0FCFBDC
:109A100031462846FFF700FF1CE03CB10E480068C5
:109A2000006808B9012000E000200446A91B224676
:109A30000A48006801F0CAF902F0E6FB50B94FF09D
:109A4000805007490860BFF34F8FBFF36F8F01E06D
:109A500002F0DAFBF8BD0000840000248800002436
:109A600004ED00E00A490968096809B9012100E02C
:109A7000002121B14FF0FF31064A116006E0044990
:109A80000968C968C868034A4168116070470000E6
:109A9000240000205000002070B5044602F0FEF9BA
:109AA000054607480068854204D200F00BF8012003
:109AB000206001E00020206001480560284670BD5C
:109AC000900000242DE9F84334E025480068C06880
:109AD000056823480068C068C468201D01F013F8B9
:109AE0002046216A884794F8240000F0040008B357
:109AF000A0694619AE4207D966602461211D184845
:109B0000006801F03DF815E0002003462A460146B2
:109B10000090204602F036FC074657B900BF50209F
:109B200080F31188BFF34F8FBFF36F8F00BF00BF6B
:109B3000FEE700BF0A480068006808B9012000E09D
:109B400000200028C1D00648D0F8008005480068F1
:109B5000034908600348C0F80080BDE8F8830000AE
:109B600080000024840000240E480068401C08B9CE
:109B7000012000E0002050B900BF502080F3118880
:109B8000BFF34F8FBFF36F8F00BF00BFFEE700BF73
:109B9000502080F31188BFF34F8FBFF36F8F00BF4A
:109BA00000BFFEE7B400002408B500BF6846FFF719
:109BB000A9FC044620460099FFF71AFFFFF766FE4E
:109BC000F4E770B5044601F001F894F9455010E04F
:109BD000606A08B9012000E0002038B904F12400CF
:109BE00002F0C6FA18B101F051F900E003E0681E76
:109BF00045B2002DECDC00BFFF2084F8450001F0E9
:109C00000FF800F0E3FF94F9445010E0206908B920
:109C1000012000E0002048B904F1100002F0A8FA89
:109C200008B101F033F9681E45B200E001E0002DF3
:109C3000ECDC00BFFF2084F8440000F0F1FF70BDB1
:109C40002DE9F04104464FF0000801F02FFA494891
:109C5000006808B9FFF76AFC474800682040002800
:109C600070D1D4B1083404F00700B0B104F007009B
:109C7000C0F10800044404F0070008B9012000E026
:109C8000002050B900BF502080F31188BFF34F8FE0
:109C9000BFF36F8F00BF00BFFEE7002C52D03748E4
:109CA000006884424ED8364E3046056801E02E46A4
:109CB0002D686868A04202D228680028F7D12D4894
:109CC000006885423ED0306800F10808286830609E
:109CD0006868001B102819D92F1907F0070008B968
:109CE000012000E0002050B900BF502080F311880F
:109CF000BFF34F8FBFF36F8F00BF00BFFEE76868F1
:109D0000001B78606C603846FFF70AFD1B496868E5
:109D10000968081A1949086008460068194909685D
:109D2000884203D2154800681649086012496868DD
:109D30000968084368600020286013480068401CD8
:109D40001149086002F060FA08F0070008B9012024
:109D500000E0002050B900BF502080F31188BFF30D
:109D60004F8FBFF36F8F00BF00BFFEE74046BDE8D7
:109D7000F08100009C000024B0000024A00000241A
:109D800094000024A4000024A800002406480068D1
:109D900030B10549096801F14800896C491C01602E
:109DA000014800687047000020000020001F4FF0AD
:109DB00080730360001F21F001030360001F054B47
:109DC000036014380260001F6FF002030360203844
:109DD00070470000699B010870B530480068143076
:109DE0002F490968884201D9002070BD2D482B49B0
:109DF0000968415C024629480068401C105C41EA41
:109E0000002404F11405B4F5806F06D823480068D7
:109E1000284423490968884201D90020E5E72149FF
:109E20001E480068801C085C1F49887508468482AB
:109E30001C491A4A12681144081D00F039F840F410
:109E400080401949C8601749144A1268114401F149
:109E5000080000F02DF81449886012490F4A126872
:109E6000114401F10C0000F02FF80F4A03C20D4815
:109E70000A4A1268104400F1140122460A481730B9
:109E8000E6F7D3FA05480068284404490860002230
:109E900005490648F6F73AF9A7E7000080010024D3
:109EA0007C01002420B7002438C203245020002461
:109EB000014608784A7840EA02208A7840EA02405F
:109EC000CA7840EA0260704770B504462046FFF742
:109ED000EFFF05460026201DFFF7EAFF46EA0001D6
:109EE000284670BD2DE9F04704460D461646DDE9CB
:109EF0000878FEF723FB8146A575A682C4E90078A1
:109F000005488068A06000F06DFDE060484600F004
:109F1000F5FDBDE8F0870000081E00242DE9F041A2
:109F20000446A08A00F114052E4800682844B0F5C4
:109F3000403F12D902202C49087000202B490860AC
:109F40002B4908602B4A106050602B4800210268A2
:109F50000A20FDF737FCBDE8F081A18A274A214B92
:109F60001B68D018F6F778F8A17D244A1D480068D0
:109F7000801C115400211B480068C01C1154194B4F
:109F8000E1681B681A44101DF6F76AF81B4A154B66
:109F9000A1681B681A4402F10800F6F761F8174936
:109FA000104AD4E900631268114401F10C003246F2
:109FB000F6F761F8A28A11490A4B1B68194401F1AE
:109FC000140004F11701E6F730FA06480068284447
:109FD0000449086008480068401C0749086000BF41
:109FE000B9E700007C010024A001002480010024C6
:109FF00088010024980100248401002420B7002453
:10A0000070B504460D4677480078E8B97648806810
:10A01000D0B176480068B8B9002075490860754924
:10A02000086075490860754908600021744A11602C
:10A030005160744A1160516001206A490870002221
:10A0400001210920FDF7BEFB66480078012836D1C2
:10A050006548806870B96B48D0E90010002359400A
:10A060005840014306D16849611845F10000654A2E
:10A07000C2E90010634903C900235840594008430E
:10A080001DD0604903C9201A75EB010017D30020C9
:10A090005C4A106050605D490870022051490870A8
:10A0A000002054490860554908600021584A116051
:10A0B00051605148032102680A20FDF783FB4A489A
:10A0C00080684A4908605348007800B352480078D5
:10A0D000E8B944480078D0B90020454908604549AE
:10A0E00008604549086045490860454A106050606D
:10A0F0000021444A1160516001203A4908704349E7
:10A100000870002211460920FDF75CFB1CE0414865
:10A110000078C8B93D480078B0B1324800780128CD
:10A1200012D102202F4908700020324908603349BB
:10A130000860374A10605060344908702E48012189
:10A1400002680A20FDF73EFB324800783249087069
:10A1500032480078D0B123480078012816D024482E
:10A16000006898B100202D49087002201D49087030
:10A1700000202049086021490860254A106050608D
:10A180001D48022102680A20FDF71CFB15480078D3
:10A1900002281DD11E4903C9221A65EB0100204B7C
:10A1A000D21A70F1000013D3194830C0FFF714FE23
:10A1B00028B112480068401C1049086008E00020DF
:10A1C000084908700D48002102680B20FDF7FAFAD3
:10A1D000044800781349087007480068124908606D
:10A1E00070BD0000A0010024081E0024A40100246A
:10A1F0007C010024800100248401002488010024C3
:10A2000090010024A8010024400D0300B0010024A7
:10A210009801002471010024A1010024720100248E
:10A22000F0490200730100247401002470B5054652
:10A23000F5F79AFBC5E900014E480068401C4D49FE
:10A24000086008460068A86308464068E863002084
:10A250002864FEF74FFE50B14748007838B14748B0
:10A26000407820B14648407F08B1012000E000203E
:10A2700085F8480095F8480028B14148007F10B1A2
:10A28000F5F71EFD00E000206864302239493031C6
:10A2900005F10800E6F7C9F800242EE0394800EB84
:10A2A000840090ED000A05F5907000EB840080EDCD
:10A2B000000A3448203000EB840090ED000A05F5D8
:10A2C0009C7000EB840080ED000A2E48303000EBDB
:10A2D000840090ED000A05F5A87000EB840080ED85
:10A2E000000A294800EB840090ED000A05F5B470DF
:10A2F00000EB840080ED000A641C042CCED3002403
:10A3000031E02248015D1F485C3000EB810090ED98
:10A31000000A201D05F5907101EB800080ED000A18
:10A320001A48015D1748643000EB810090ED000A87
:10A33000201D05F59C7101EB800080ED000A9FED6A
:10A34000140A201D183101EB800080ED000A11482D
:10A3500000EB840090ED000A201D183101EB800015
:10A3600080ED000A641C022CCBD3284600F030F9A3
:10A3700070BD000080BB0020AE000020A2000020C5
:10A3800040B00020C4AE0020ECBA002030CF01085D
:10A390000000C07F6001002470B5144890F83800B8
:10A3A00000B970BD1148406B11498968884206D1D7
:10A3B0000E48C06B0E49C968884200D1F1E70B48CE
:10A3C000406B0B4988600948C06BC860084640680C
:10A3D000401C4860F5F7C8FA04460B46044922467B
:10A3E0004868F5F7DBF900BFDBE7000044160024FE
:10A3F00080BB002010B5002423E004EB4400284972
:10A4000001EB0010C16A274850F82400814216D0A1
:10A4100004EB4400224901EB0010C16A214840F8D6
:10A42000241004EB44001E4901EB0010C06A30B157
:10A43000F5F79AFA1B4A183202EBC40203C2601CF9
:10A44000C4B2042CD9DB002426E004EB84001649B6
:10A4500001EBC000416A1348103050F824008142DB
:10A4600018D004EB8400104901EBC000416A0D488C
:10A47000103040F8241004EB84000B4901EBC000BD
:10A48000406A38B1F5F770FA221D064B183303EB1A
:10A49000C20203C2601CC4B2022CD6D310BD00009D
:10A4A0003815002498BB0020E81400242DE9F0475B
:10A4B0008AB04148006800F17C0AFEF71BFD814626
:10A4C0004846F5F78FFEB9F1000F05D03B4890F8EC
:10A4D000700208B9F5F736F93848D0F8C812D0F844
:10A4E000CC020E1836480069354949690844B04223
:10A4F00002D10AB0BDE8F0873048D0F8C802304930
:10A500000969884201D0012000E0002005462B485F
:10A51000D0F8C8022A4908612848D0F8CC0248611E
:10A52000002412E01AF9040000EE100AB8EEC00A86
:10A53000244800EB8400D0ED000A20EE200A04A895
:10A5400000EB840080ED000A641C062CEAD31E4850
:10A5500090ED000A8DED010A90ED010A8DED020AE1
:10A5600090ED020A8DED030AF5F7FEF907468846DD
:10A57000124A92F8712212B10DB1012200E00022BC
:10A5800011460E4A92F8702212B10DB1012200E07C
:10A59000002210463A464346F5F7F0F901AA07496A
:10A5A00064310648F5F726FA084A04A92846F5F763
:10A5B000E5FA00BF9DE700007CCE010894B00020C2
:10A5C00080BB002040B0002060B0002050B30020CD
:10A5D0002DE9F0412DED048B88B004469A4903C95A
:10A5E000CDE90601002508E09FED980A04F14C0032
:10A5F00000EB850080ED000A6D1C322DF4D39448E9
:10A6000090ED080A8DED000A90ED0B0A8DED010A20
:10A610009FED900A8DED020A8F4890ED080A8DEDAE
:10A62000030A90ED0B0A8DED040A9FED8A0A8DED69
:10A63000050A1822694604F14C00E5F7F6FE844845
:10A6400090ED060A84ED190A90ED0E0A84ED1A0ABF
:10A6500082480178824800EB810090ED000A84ED89
:10A660001B0A7D4890ED060A84ED1C0A90ED0E0A47
:10A6700084ED1D0A79484178794800EB810090ED1E
:10A68000000A84ED1E0A774890EDDC0A84ED230A67
:10A6900090EDDF0A84ED240A002547E0022D01D267
:10A6A000284600E0681C80462E4608EBC8016E482C
:10A6B00000EB0117183800EB880090ED009A68460F
:10A6C00000EB880090ED000A79EE408A354606F1ED
:10A6D0000C0004F14C0101EB800080ED009A06F1C2
:10A6E000120001EB8000C0ED008A97ED140A06F11C
:10A6F000160001EB800080ED000A97F88800A0B1F9
:10A700009FED5A0AF4EEC08AF1EE10FA06DC9FEDD6
:10A71000580AF4EEC08AF1EE10FA06D20121B140D7
:10A72000D4F814010843C4F814016D1C042DB5D3EA
:10A7300000250EE04C48303800EB850090ED000A13
:10A7400005F1200004F14C0101EB800080ED000ACE
:10A750006D1C062DEED3069890ED100A84ED3B0A91
:10A76000069890ED0F0A84ED3C0A079890ED100AC8
:10A7700084ED3D0A079890ED0F0A84ED3E0A00250E
:10A7800028E03C4800EB850090ED008A3A480068DC
:10A7900090ED080ADFED390A20EE200AB4EEC80A6F
:10A7A000F1EE10FA0ED93448006890ED080AB1EEC7
:10A7B000400ADFED320A20EE200AB4EEC80AF1EEBC
:10A7C00010FA06DB0121A940D4F818010843C4F8A7
:10A7D00018016D1C042DD4D300252BE0284800EB74
:10A7E000850090ED000AB0EE408A2348006890EDA5
:10A7F000030ADFED220A20EE200AB4EEC80AF1EEC9
:10A8000010FA0ED91C48006890ED030AB1EE400A18
:10A81000DFED1A0A20EE200AB4EEC80AF1EE10FAB3
:10A8200007DB291D01228A40D4F818011043C4F81F
:10A8300018016D1C022DD1D30020C4F81C0108B0F2
:10A84000BDEC048BBDE8F08134CF01080000C07F6F
:10A8500048AF002000000000C4AF002030CF010846
:10A8600028AF002094B0002014B40020DB0F494032
:10A87000DB0F49C0ECBA00207CCE010877BE7F3FD9
:10A880006001002438B504469FED0C0A0C490D48C0
:10A89000F0F752FE0B4890F8400100B938BD094866
:10A8A000EFF758FE9FED050A074B084A054908488F
:10A8B0000094F0F729FF207600BFEFE76F12033B0B
:10A8C00080B0002074B70020C4AF002048AF002043
:10A8D00010B9002030B585B005460C461B480078FD
:10A8E00068B11A48407850B1194890F8790030B1F1
:10A8F000184890F8790010B11748407F08B905B0A2
:10A9000030BD95ED010A8DED030A95ED000A8DED40
:10A91000040A12481049CDE901040091A0F54D70D8
:10A9200090F8B80200EB40010C48603800EB41128F
:10A9300003AB08490648F3F701FD10B90020207663
:10A94000DDE70120207600BFD9E70000A20000204B
:10A9500048AF0020C4AF002040B00020C8B30020A2
:10A96000F0B588420ED0002A0CD08318814210D94D
:10A9700099420ED2114403E013F8012D01F8012D84
:10A980008342F9D8F0BD00BF10F8013B521E01F818
:10A99000013B8B0701D0002AF6D117090AE00668AF
:10A9A00045688468C36810300E604D608C60CB6071
:10A9B00010317F1E002FF2D1C2F3810305E000BFEA
:10A9C00050F8044B5B1E41F8044B002BF8D102F009
:10A9D000030204E010F8013B521E01F8013B002A7B
:10A9E000F8D1F0BD234B1B6943F40060224B93F870
:10A9F0004020224B5B7823B1214B1B780BB140F0F8
:10AA00004000002108E022B11E4B5B5C0BB101232A
:10AA100000E000231A46491C0429F4D3002109E070
:10AA20002AB1184B28335B5C0BB1012300E00023F3
:10AA30001A46491C0229F3D30AB140F080000F4B9B
:10AA40009B780BB140F480700F4B1B6813B90F4B10
:10AA50001B680BB140F4007000F0400333B12AB121
:10AA6000064B9B7813B9084B1B680BB120F0040010
:10AA700070470000081E00247CAE0020A2000020C9
:10AA8000AE00002014AF0020A800002078010024B0
:10AA900001460848007808B902207047087C03285E
:10AAA00001D10120F9E7087C012801D10020F4E759
:10AAB0000220F2E7A2000020014609B1887C08B913
:10AAC00000207047087C032807D10B4800680079F4
:10AAD00008B10120F5E70020F3E7087C012808D140
:10AAE0000548006890F8940008B10120E9E70020CB
:10AAF000E7E70020E5E700007CCE010800BF80F317
:10AB0000108800BF704701460A69D1E9013098609A
:10AB1000D1E9010358605068884201D188685060CB
:10AB2000002008611068401E106010687047000027
:10AB3000034B0360034B0B608023136070470000DE
:10AB4000840F0020D80F0020034B0360034B0B60E1
:10AB50004FF4807313607047D81100202C1200202E
:10AB600000F1080141604FF0FF31816000F1080100
:10AB7000C1600161002101607047002101617047DF
:10AB800010B502460B685C1C0CB9106907E002F1B5
:10AB9000080000E04068446824689C42FAD9446890
:10ABA0004C604C68A160886041600A611468641C54
:10ABB000146010BD42684A6093688B609368596066
:10ABC0009160086103685B1C0360704700BF502000
:10ABD00080F31188BFF34F8FBFF36F8F00BF0E4814
:10ABE0000068401C0C49086008460068012812D122
:10ABF0000A480068C0B208B9012000E0002050B93E
:10AC000000BF502080F31188BFF34F8FBFF36F8FC9
:10AC100000BF00BFFEE77047B400002404ED00E071
:10AC20000D48006850B900BF502080F31188BFF371
:10AC30004F8FBFF36F8F00BF00BFFEE7064800686D
:10AC4000401E054908600846006820B9002080F3CE
:10AC5000118800BF00BF7047B400002470B50646DD
:10AC60003546002E44D0083D2C46224960680968CC
:10AC7000084008B1012000E0002050B900BF50207A
:10AC800080F31188BFF34F8FBFF36F8F00BF00BFFA
:10AC9000FEE7206808B9012000E0002050B900BF9D
:10ACA000502080F31188BFF34F8FBFF36F8F00BF29
:10ACB00000BFFEE70F49606809680840C0B120681E
:10ACC000B0B90C49606809688843606000F0EEF92B
:10ACD0000949606809680844074908602046FEF78A
:10ACE0001FFD06480068401C0449086001F08CFA0A
:10ACF00070BD0000B0000024A0000024AC000024BF
:10AD000000204FF0E02108618861064800684FF498
:10AD10007A71B0FBF1F0401E4FF0E021486107204E
:10AD2000086170477800002470B5E5F737FB0446EA
:10AD3000102C16D304F1E02090F8F0531548007859
:10AD4000854201DB012000E0002050B900BF502007
:10AD500080F31188BFF34F8FBFF36F8F00BF00BF29
:10AD6000FEE70D48006800F4E0600C49096888427D
:10AD700001D8012000E0002050B900BF502080F32E
:10AD80001188BFF34F8FBFF36F8F00BF00BFFEE787
:10AD900070BD0000B80000240CED00E0BC000024F1
:10ADA000024600200BE0084B53F8303033B9064B15
:10ADB00043F8301003EBC0035A6002E0401C08283F
:10ADC000F1D300BF70470000F82E00202DE9F041BC
:10ADD00005460E4617462C46FFF7F8FE94F9440048
:10ADE000401C10B9002084F8440094F94500401C30
:10ADF00010B9002084F84500FFF712FFA06B28B9B6
:10AE00003A46314604F1240000F062F82046FEF78D
:10AE1000D8FEBDE8F081000070B504460025D4B12D
:10AE20001248006808B9012000E0002050B900BFB6
:10AE3000502080F31188BFF34F8FBFF36F8F00BF97
:10AE400000BFFEE700F032F900212046FEF7CAF904
:10AE500001F0DAF905463DB94FF080500449086029
:10AE6000BFF34F8FBFF36F8F70BD000058000020FD
:10AE700004ED00E003490968016003490968416085
:10AE800070470000480000203400002001200149E4
:10AE9000086070474400002070B504460D4654B960
:10AEA00000BF502080F31188BFF34F8FBFF36F8F27
:10AEB00000BF00BFFEE70548016818312046FFF7D4
:10AEC0005FFE01212846FEF78DF970BD20000020AD
:10AED00070B505460E46144655B900BF502080F3A4
:10AEE0001188BFF34F8FBFF36F8F00BF00BFFEE726
:10AEF0000648016818312846FFF75CFE0CB14FF098
:10AF0000FF3621463046FEF76DF970BD2000002067
:10AF10002DE9F04706460F4634464FF00109002E52
:10AF200060D0A06C50B900BF502080F31188BFF3EF
:10AF30004F8FBFF36F8F00BF00BFFEE7606CB8425A
:10AF400001D23D4600E0656CE06AA8424AD0A06CA0
:10AF5000012847D124480068844201D0012000E044
:10AF6000002050B900BF502080F31188BFF34F8FED
:10AF7000BFF36F8F00BF00BFFEE7D4F82C80E562FF
:10AF8000A06900F0004010B9C5F10700A06108EB0E
:10AF90008801164A02EB81016069884201D10120D3
:10AFA00000E00020F0B1201DFFF7ADFD40B994F89E
:10AFB0002C10012088400E49096881430C4801602B
:10AFC00094F82C1001208840094909680843084971
:10AFD0000860E16A01EB8101044A02EB8100211D56
:10AFE000FFF7E8FDBDE8F08720000020382F0020A3
:10AFF0003800002010B586B000200590049003AA08
:10B0000004A905A8FFF794FD0022DDE9041013460A
:10B01000CDE9002102901EA11F48039A00F0D0FE46
:10B020001E4908600846006808B1012400E00024B9
:10B03000012C02D101F06AF90446012C15D100BFA0
:10B04000502080F31188BFF34F8FBFF36F8F00BF85
:10B050004FF0FF30124908600120124908600020BB
:10B060001149086000F070F810E0601C08B1012080
:10B0700000E0002050B900BF502080F31188BFF3DA
:10B080004F8FBFF36F8F00BF00BFFEE706B010BD4C
:10B0900049444C4500000000A995010854000020D7
:10B0A000500000203C0000203400002002480068CE
:10B0B000401C014908607047580000201D48006886
:10B0C00018B101201C49086032E000201A490860CC
:10B0D0001A480068B0FA80F0C0F11F0101EB81004E
:10B0E000174A52F8200008B1012000E0002050B9B2
:10B0F00000BF502080F31188BFF34F8FBFF36F8FD5
:10B1000000BF00BFFEE701EB81020D4B03EB8200A5
:10B1100042685268426000F108024368934202D1DB
:10B120004268526842604268D268064B1A6000BFAB
:10B130007047000058000020440000203800002024
:10B14000382F0020200000201CB5524800685249CA
:10B15000884201D0012000E0002050B900BF5020FB
:10B1600080F31188BFF34F8FBFF36F8F00BF00BF15
:10B17000FEE7484800684849491E884201D001203E
:10B1800000E0002050B900BF502080F31188BFF3C9
:10B190004F8FBFF36F8F00BF00BFFEE73F490846E8
:10B1A00000780190FF200A46107008460078009051
:10B1B0009DF8000000F0F0009DF80020904201D1C1
:10B1C000012000E0002050B900BF502080F311881A
:10B1D000BFF34F8FBFF36F8F00BF00BFFEE79DF837
:10B1E000000000F050002E4A107007202D4A106019
:10B1F00009E02C480068401E2A4A10609DF80000B3
:10B200004006000E00909DF8000000F080008028AD
:10B21000EFD024480068C0F10700042801D10120C4
:10B2200000E0002050B900BF502080F31188BFF328
:10B230004F8FBFF36F8F00BF00BFFEE71948006854
:10B240000002184A10601046008800F4E0601060A8
:10B25000124A019810700F482030006840F47000C6
:10B260000C49203108600846006840F070400860D2
:10B27000FFF746FD00200C490860E5F757F80B483A
:10B28000006840F0404009490860E5F73BF80020BD
:10B290001CBD000000ED00E071C20F4100E400E0C1
:10B2A000B8000024BC000024B400002434EF00E007
:10B2B00070B505460E460DB1012000E0002050B9E2
:10B2C00000BF502080F31188BFF34F8FBFF36F8F03
:10B2D00000BF00BFFEE7AE4201D8012000E0002021
:10B2E00050B900BF502080F31188BFF34F8FBFF3D8
:10B2F0006F8F00BF00BFFEE702220021284600F04A
:10B3000037F8044604B1A663204670BDF8B505467B
:10B310000E4617460DB1012000E0002050B900BFD5
:10B32000502080F31188BFF34F8FBFF36F8F00BFA2
:10B3300000BFFEE7AE4201D8012000E0002050B976
:10B3400000BF502080F31188BFF34F8FBFF36F8F82
:10B3500000BF00BFFEE702203B46002211460090DE
:10B36000284600F032F8044604B1A6632046F8BD32
:10B370002DE9F84305460E4617460DB1012000E0C1
:10B38000002050B900BF502080F31188BFF34F8FC9
:10B39000BFF36F8F00BF00BFFEE705FB06F808F1A3
:10B3A0004800FEF74DFC044664B1A14609F1480986
:10B3B000002084F846003B464A4631462846009421
:10B3C000FEF706F92046BDE8F8832DE9F8438046EC
:10B3D0000E4617461D46DDF82090B8F1000F01D04B
:10B3E000012000E0002050B900BF502080F31188F8
:10B3F000BFF34F8FBFF36F8F00BF00BFFEE70DB1EC
:10B40000012000E0002050B900BF502080F31188D7
:10B41000BFF34F8FBFF36F8F00BF00BFFEE707B1D1
:10B420000EB1012000E0002050B900BF502080F391
:10B430001188BFF34F8FBFF36F8F00BF00BFFEE7D0
:10B4400007B90EB9012000E0002050B900BF50201C
:10B4500080F31188BFF34F8FBFF36F8F00BF00BF22
:10B46000FEE7482000900098482801D1012000E024
:10B47000002050B900BF502080F31188BFF34F8FD8
:10B48000BFF36F8F00BF00BFFEE700BF2C464CB17B
:10B49000012084F846004B463A4631464046009427
:10B4A000FEF796F82046BDE8F883000070B5054623
:10B4B0000E462C4654B900BF502080F31188BFF3CC
:10B4C0004F8FBFF36F8F00BF00BFFEE7FFF77EFB1C
:10B4D000D4E90F12206801FB0200A0600020A063E5
:10B4E00020686060E06B401E226C216800FB021146
:10B4F000E160FF2084F8440084F845009EB920698B
:10B5000008B9012000E00020A8B904F1100000F003
:10B510002FFE80B14FF0805009490860BFF34F8F74
:10B52000BFF36F8F07E004F11000FFF719FB04F180
:10B530002400FFF715FBFFF773FB012070BD00002F
:10B5400004ED00E02DE9FF4383B0064688461D4622
:10B550004FF00009344654B900BF502080F31188E1
:10B56000BFF34F8FBFF36F8F00BF00BFFEE7B8F18F
:10B57000000F01D1206C08B9012000E0002050B973
:10B5800000BF502080F31188BFF34F8FBFF36F8F40
:10B5900000BF00BFFEE7022D02D1E06B012801D100
:10B5A000012000E0002050B900BF502080F3118836
:10B5B000BFF34F8FBFF36F8F00BF00BFFEE700F0F8
:10B5C0005DFC08B9059808B9012000E0002050B9D9
:10B5D00000BF502080F31188BFF34F8FBFF36F8FF0
:10B5E00000BF00BFFEE700BFFFF7F0FAA06BE16B02
:10B5F000884201D3022D28D12A4641462046FDF734
:10B6000010FF0746606A08B9012000E0002068B911
:10B6100004F1240000F0ACFD88B14FF080503249B5
:10B620000860BFF34F8FBFF36F8F08E03FB14FF05B
:10B6300080502D490860BFF34F8FBFF36F8FFFF726
:10B64000EFFA012007B0BDE8F083059818B9FFF7BD
:10B65000E7FA0020F6E7B9F1000F04D101A8FFF7DF
:10B6600009FC4FF00109FFF7DBFAFFF71FFDFFF7B9
:10B67000ADFA94F94400401C10B9002084F844004D
:10B6800094F94500401C10B9002084F84500FFF7EC
:10B69000C7FA05A901A800F00DFBF0B92046FEF796
:10B6A000ACF8A0B104F110000599FFF7F5FB2046B6
:10B6B000FEF787FA00F0A8FD002895D14FF08050E2
:10B6C00009490860BFF34F8FBFF36F8F8CE72046A7
:10B6D000FEF777FA00F098FD86E72046FEF771FA4C
:10B6E00000F092FD0020ADE704ED00E02DE9F84FF9
:10B6F00007468A4690461E463C4654B900BF502035
:10B7000080F31188BFF34F8FBFF36F8F00BF00BF6F
:10B71000FEE7BAF1000F01D1206C08B9012000E06A
:10B72000002050B900BF502080F31188BFF34F8F25
:10B73000BFF36F8F00BF00BFFEE7022E02D1E06BA8
:10B74000012801D1012000E0002050B900BF5020A5
:10B7500080F31188BFF34F8FBFF36F8F00BF00BF1F
:10B76000FEE7FFF7E1FA00BF5021EFF3118081F30C
:10B770001188BFF34F8FBFF36F8F00BF0546A06BDB
:10B78000E16B884201D3022E25D194F945B0A06B1C
:10B790000090324651462046FDF743FE0BF1010072
:10B7A00088B9606A08B9012000E0002050B904F1AE
:10B7B000240000F0DDFC28B1B8F1000F02D0012018
:10B7C000C8F8000004E00BF1010040B284F8450025
:10B7D0004FF0010901E04FF0000900BF85F3118827
:10B7E00000BF4846BDE8F88F2DE9F04706460F46F2
:10B7F000344654B900BF502080F31188BFF34F8FF7
:10B80000BFF36F8F00BF00BFFEE7206C08B90120B7
:10B8100000E0002050B900BF502080F31188BFF332
:10B820004F8FBFF36F8F00BF00BFFEE7206808B9DE
:10B83000A06808B9012000E0002050B900BF5020E6
:10B8400080F31188BFF34F8FBFF36F8F00BF00BF2E
:10B85000FEE7FFF769FA00BF5021EFF3118081F393
:10B860001188BFF34F8FBFF36F8F00BF0546D4F829
:10B870003890E06B48451ED994F945A009F10100C4
:10B88000A0630AF1010070B9606A08B9012000E004
:10B89000002068B904F1240000F06AFC40B13FB117
:10B8A0000120386004E00AF1010040B284F845004C
:10B8B0004FF0010801E04FF0000800BF85F3118848
:10B8C00000BF4046BDE8F0872DE9F74183B005464B
:10B8D0000E464FF000082C4654B900BF502080F3AC
:10B8E0001188BFF34F8FBFF36F8F00BF00BFFEE71C
:10B8F0000EB9206C08B9012000E0002050B900BF4B
:10B90000502080F31188BFF34F8FBFF36F8F00BFBC
:10B9100000BFFEE700F0B2FA08B9059808B90120A7
:10B9200000E0002050B900BF502080F31188BFF321
:10B930004F8FBFF36F8F00BF00BFFEE700BFFFF761
:10B9400045F9A76BF7B131462046FDF755FD781E46
:10B95000A063206908B9012000E0002060B904F16B
:10B96000100000F005FC38B14FF080502F490860FE
:10B97000BFF34F8FBFF36F8FFFF752F9012006B06F
:10B98000BDE8F081059818B9FFF74AF90020F6E7FD
:10B99000B8F1000F04D101A8FFF76CFA4FF00108CD
:10B9A000FFF73EF9FFF782FBFFF710F994F9440027
:10B9B000401C10B9002084F8440094F94500401C54
:10B9C00010B9002084F84500FFF72AF905A901A85D
:10B9D00000F070F9F0B92046FDF702FFA0B104F1C4
:10B9E00024000599FFF758FA2046FEF7EAF800F020
:10B9F0000BFC0028A3D14FF080500C490860BFF326
:10BA00004F8FBFF36F8F9AE72046FEF7DAF800F00A
:10BA1000FBFB94E72046FEF7D4F800F0F5FB204648
:10BA2000FDF7DEFE00288AD00020A8E704ED00E044
:10BA30002DE9F05F064689461746344654B900BFE3
:10BA4000502080F31188BFF34F8FBFF36F8F00BF7B
:10BA500000BFFEE7B9F1000F01D1206C08B9012049
:10BA600000E0002050B900BF502080F31188BFF3E0
:10BA70004F8FBFF36F8F00BF00BFFEE7FFF754F992
:10BA800000BF5021EFF3118081F31188BFF34F8F76
:10BA9000BFF36F8F00BF0546D4F838A0BAF1000F8E
:10BAA00022D094F944B049462046FDF7A5FCAAF1FE
:10BAB0000100A0630BF1010070B9206908B90120F1
:10BAC00000E0002068B904F1100000F051FB40B123
:10BAD0003FB10120386004E00BF1010040B284F86E
:10BAE00044004FF0010801E04FF0000800BF85F36B
:10BAF000118800BF4046BDE8F09F00002DE9F341EA
:10BB000082B005464FF000082C46002654B900BF0D
:10BB1000502080F31188BFF34F8FBFF36F8F00BFAA
:10BB200000BFFEE7206C08B9012000E0002050B9FA
:10BB300000BF502080F31188BFF34F8FBFF36F8F8A
:10BB400000BF00BFFEE700F099F908B9039808B9F3
:10BB5000012000E0002050B900BF502080F3118880
:10BB6000BFF34F8FBFF36F8F00BF00BFFEE700BF73
:10BB7000FFF72CF8A76BFFB1781EA063206810B9FF
:10BB8000FEF704F9A060206908B9012000E0002058
:10BB900060B904F1100000F0EBFA38B14FF08050BA
:10BBA00043490860BFF34F8FBFF36F8FFFF738F83B
:10BBB000012004B0BDE8F081039898B90EB90120C6
:10BBC00000E0002050B900BF502080F31188BFF37F
:10BBD0004F8FBFF36F8F00BF00BFFEE7FFF720F866
:10BBE0000020E6E7B8F1000F04D16846FFF742F9FC
:10BBF0004FF00108FFF714F8FFF758FAFEF7E6FFD9
:10BC000094F94400401C10B9002084F8440094F9D1
:10BC10004500401C10B9002084F84500FFF700F8EB
:10BC200003A9684600F046F840BB2046FDF7D8FD62
:10BC3000F0B1206838B9FEF7C9FFA06800F03CFAFF
:10BC40000646FEF7EDFF04F124000399FFF724F9FF
:10BC50002046FDF7B6FF00F0D7FA002888D14FF054
:10BC6000805013490860BFF34F8FBFF36F8F7FE79A
:10BC70002046FDF7A6FF00F0C7FA79E72046FDF75A
:10BC8000A0FF00F0C1FA2046FDF7AAFD0028EED083
:10BC90005EB1FEF79BFF2046FDF72AFC07463946BA
:10BCA000A068FFF735F9FEF7BBFF002081E7000031
:10BCB00004ED00E070B506460C4656B900BF5020B2
:10BCC00080F31188BFF34F8FBFF36F8F00BF00BFAA
:10BCD000FEE754B900BF502080F31188BFF34F8FA7
:10BCE000BFF36F8F00BF00BFFEE7FEF76FFF18487E
:10BCF00002687068131A1748006890F8520030B153
:10BD000000201449096881F8520001251CE02068D0
:10BD1000401C08B9002517E00F49306809688842BF
:10BD200004D07068904201D801250DE02068984247
:10BD300007D92068C01A20603046FFF79BF800251D
:10BD400002E0002020600125FEF76AFF284670BD52
:10BD50003400002020000020480000202DE9FF4F83
:10BD600085B0804689461746DDE912ABB800FDF77D
:10BD700067FF064656B15420FDF762FF04460CB13A
:10BD8000266304E03046FEF769FF00E000248CB132
:10BD9000002084F85100CDE900ABCDE902403A46DD
:10BDA00049464046089BFDF726FC2046FDF76CFA05
:10BDB000012501E04FF0FF35284609B0BDE8F08FBE
:10BDC0002DE9F04F85B00746884691469A46DDE951
:10BDD0000EB6109C0EB1012000E0002050B900BF4B
:10BDE000502080F31188BFF34F8FBFF36F8F00BFD8
:10BDF00000BFFEE70CB1012000E0002050B900BFF9
:10BE0000502080F31188BFF34F8FBFF36F8F00BFB7
:10BE100000BFFEE7542003900398542801D101206D
:10BE200000E0002050B900BF502080F31188BFF31C
:10BE30004F8FBFF36F8F00BF00BFFEE700BFB4B1ED
:10BE4000AEB125462C462E63022085F85100002015
:10BE500004A953464A46CDE900B1CDE90250414616
:10BE60003846FDF7C8FB2846FDF70EFA01E0002032
:10BE70000490049805B0BDE8F08F000005490968FA
:10BE800009B9012005E00449096809B9022000E068
:10BE9000002070473C00002058000020014908683D
:10BEA00070470000340000202DE9F0414FF00008F9
:10BEB0004448006800287CD143480068451C42483B
:10BEC000056015BB41480068006808B9012000E022
:10BED000002050B900BF502080F31188BFF34F8F6E
:10BEE000BFF36F8F00BF00BFFEE7384807683848D0
:10BEF0000068364908603648076036480068401CCC
:10BF000034490860FDF7AEFD00BF33480068854244
:10BF10003CD300BF2D480068006808B9012000E04C
:10BF2000002020B14FF0FF302B4908602DE027485A
:10BF30000068C068C4686668B54202D226480660D8
:10BF400023E0201DFEF7DFFDA06A18B104F1180000
:10BF5000FEF7D9FD94F82C10012088401F4909688C
:10BF600008431E490860E16A01EB81011C4A02EBAB
:10BF70008100211DFEF71EFE1A49E06A0968C96AA0
:10BF80008842C7D34FF00108C4E700BF15480068D6
:10BF9000C06A00EB8000124951F82000012801D945
:10BFA0004FF001081048006808B14FF0010805E0A3
:10BFB000FFE70E480068401C0C4908604046BDE899
:10BFC000F0810000580000203400002024000020F0
:10BFD00028000020480000205000002038000020E9
:10BFE000382F0020200000204400002040000020C6
:10BFF00070B505462C460026002D55D02B4800680C
:10C00000844201D1012000E0002050B900BF50203F
:10C0100080F31188BFF34F8FBFF36F8F00BF00BF56
:10C02000FEE7A06C50B900BF502080F31188BFF329
:10C030004F8FBFF36F8F00BF00BFFEE7A06C401EA5
:10C04000A064616CE06A88422ED0A06C60BB201DA9
:10C05000FEF759FD78B9E06A00EB8000144951F809
:10C06000200040B994F82C1001208840114909683B
:10C07000814310480160606CE062E06AC0F1070033
:10C08000A06194F82C10012088400A4909680843EF
:10C0900008490860E16A01EB8101054A02EB810071
:10C0A000211DFEF787FD0126304670BD20000020CF
:10C0B000382F00203800002070B505462C46002699
:10C0C000002D4DD02749E06A0968C96A884240D2EC
:10C0D000A06900F0004028B922480068C06AC0F199
:10C0E0000700A061E16A01EB81011F4A02EB8101B7
:10C0F0006069884201D1012000E0002018B3201DB2
:10C10000FEF701FD40B994F82C1001208840174932
:10C11000096881431548016012480068C06AE062FE
:10C1200094F82C10012088401049096808430F49F1
:10C130000860E16A01EB81010B4A02EB8100211DDD
:10C14000FEF738FD03E007480068C06AE062012698
:10C1500006E00449606C0968C96A884200D2012679
:10C16000304670BD20000020382F0020380000200D
:10C1700070B50646F068C46854B900BF502080F31B
:10C180001188BFF34F8FBFF36F8F00BF00BFFEE773
:10C1900004F11800FEF7B7FC15480068A8B9201D87
:10C1A000FEF7B1FC94F82C10012088401149096871
:10C1B000084310490860E16A01EB81010E4A02EB75
:10C1C0008100211DFEF7F6FC04E004F118010B4884
:10C1D000FEF7F0FC0A49E06A0968C96A884204D996
:10C1E000012501200749086000E00025284670BDB0
:10C1F0005800002038000020382F0020EC2F0020AD
:10C20000200000204400002070B50024002636489D
:10C21000006850B900BF502080F31188BFF34F8FE2
:10C22000BFF36F8F00BF00BFFEE7FEF7CFFC2E48C5
:10C230000068401E2C4908600846006800284FD15D
:10C240002A48006800284BD024E02948C068C46808
:10C2500004F11800FEF757FC201DFEF754FC94F87B
:10C260002C100120884023490968084321490860AF
:10C27000E16A01EB8101204A02EB8100211DFEF7FA
:10C2800099FC1E49E06A0968C96A884202D3012004
:10C290001B4908601648006808B9012000E000202A
:10C2A0000028D2D00CB1FDF7DDFB1648056865B15A
:10C2B00000BFFFF7F9FD10B10120114908606D1EA4
:10C2C000002DF6D100200F4908600D48006838B1F4
:10C2D000012630070C490860BFF34F8FBFF36F8F03
:10C2E000FEF79EFC304670BD580000203000002054
:10C2F000EC2F002038000020382F002020000020E4
:10C30000440000204000002004ED00E010B586B09D
:10C310000024FDF713F816480068D0B100200590FE
:10C32000049003AA04A905A8FEF70EFC0222DDE989
:10C3300004100023CDE9002102900EA10F48039ABA
:10C34000FFF73EFD0E4908600846006800B1012471
:10C3500000BF54B900BF502080F31188BFF34F8F46
:10C36000BFF36F8F00BF00BFFEE7204606B010BDD1
:10C3700088000024546D722053766300A99B010845
:10C380008C0000242DE9FF4704460D4616461F4643
:10C39000DDF830804FF0000954B900BF502080F321
:10C3A0001188BFF34F8FBFF36F8F00BF00BFFEE751
:10C3B0001448006810B3009501960294062D15DA12
:10C3C000FFF75CFD022808D10023424669460D486C
:10C3D0000068FFF7B7F8814610E000231A46694667
:10C3E00008480068FFF7AEF8814607E000233A46A8
:10C3F000694604480068FFF779F98146484604B069
:10C40000BDE8F087880000241C3104084D040108B1
:10C41000000000000000000080000000000000009C
:10C4200000000000003104088774010801000000CA
:10C4300000000000000200000000000000000000FA
:10C4400028310408398201080200000000000000C1
:10C45000000200000000000000000000303104086D
:10C46000C99101080200000000000000000800005F
:10C4700000000000000000000C31040831620108D7
:10C4800003000000000000000004000000000000A5
:10C49000000000000006101600061016000102033E
:10C4A00004050607080C1014182030400000000096
:10C4B000000000000000000000000000000000007C
:10C4C0000100000002000000030000000400000062
:10C4D0000000000005000000000000000000000057
:10C4E0000000000006000000000000000000000046
:10C4F0000000000007000000010002000400060028
:10C5000008000A000C00100020004000800000011C
:10C5100001010103070100000804020408010101F0
:10C5200000000000010203040102030406070809D9
:10C5300001020002020200021100010013000300C8
:10C54000120002001400040000000000920E493C9A
:10C55000B10AC93C2BC3163D2EFB483D752B7B3DD4
:10C5600004A9963D80B6AF3D36BDC83D2FBCE13D28
:10C5700073B2FA3D87CF093E8340163EB5AB223EEB
:10C58000A2102F3ECF6E3B3EC2C5473E0115543E22
:10C59000135C603E7F9A6C3ECCCF783EC07D823E7D
:10C5A000938E883E229A8E3E32A0943E86A09A3E7A
:10C5B000E59AA03E128FA63ED47CAC3EEF63B23E1D
:10C5C0002A44B83E491DBE3E15EFC33E53B9C93E8D
:10C5D000CA7BCF3E4136D53E80E8DA3E4F92E03E00
:10C5E0007533E63EBBCBEB3EEA5AF13ECBE0F63E7E
:10C5F000275DFC3EE4E7003F3D9C033F824B063F46
:10C600009BF5083F6B9A0B3FDA390E3FCDD3103FB5
:10C610002A68133FD9F6153FC07F183FC6021B3F5B
:10C62000D17F1D3FCBF61F3F9967223F25D2243F84
:10C630005636273F1594293F4AEB2B3FDE3B2E3FD2
:10C64000BB85303FC9C8323FF304353F233A373FFB
:10C650004268393F3B8F3B3FF9AE3D3F67C73F3FA5
:10C6600070D8413F01E2433F03E4453F65DE473F69
:10C6700012D1493FF8BB4B3F029F4D3F207A4F3FBD
:10C680003D4D513F4918533F31DB543FE595563FEF
:10C690005348583F6AF2593F1A945B3F532D5D3F10
:10C6A00005BE5E3F2146603F97C5613F5A3C633FF0
:10C6B00059AA643F880F663FD86B673F3CBF683F0D
:10C6C000A7096A3F0C4B6B3F5E836C3F93B26D3F93
:10C6D0009ED86E3F73F56F3F0809713F5213723F4A
:10C6E0004714733FDD0B743F0BFA743FC6DE753F92
:10C6F00007BA763FC58B773FF853783F9812793F5A
:10C700009DC7793F02737A3FBE147B3FCDAC7B3F20
:10C71000283B7C3FC9BF7C3FAC3A7D3FCCAB7D3FE3
:10C7200023137E3FB0707E3F6DC47E3F580E7F3F27
:10C730006D4E7F3FAB847F3F0FB17F3F97D37F3FED
:10C7400043EC7F3F11FB7F3F0000803F11FB7F3FA9
:10C7500043EC7F3F97D37F3F0FB17F3FAB847F3F59
:10C760006D4E7F3F580E7F3F6DC47E3FB0707E3F61
:10C7700023137E3FCCAB7D3FAC3A7D3FC9BF7C3FAE
:10C78000283B7C3FCDAC7B3FBE147B3F02737A3F9E
:10C790009DC7793F9812793FF853783FC58B773F13
:10C7A00007BA763FC6DE753F0BFA743FDD0B743F68
:10C7B0004714733F5213723F0809713F73F56F3F7F
:10C7C0009ED86E3F93B26D3F5E836C3F0C4B6B3FC8
:10C7D000A7096A3F3CBF683FD86B673F880F663F39
:10C7E00059AA643F5A3C633F97C5613F2146603F69
:10C7F00005BE5E3F532D5D3F1A945B3F6AF2593F81
:10C800005348583FE595563F31DB543F4918533F55
:10C810003D4D513F207A4F3F029F4D3FF8BB4B3F6C
:10C8200012D1493F65DE473F03E4453F01E2433F04
:10C8300070D8413F67C73F3FF9AE3D3F3B8F3B3F1D
:10C840004268393F233A373FF304353FC9C8323F86
:10C85000BB85303FDE3B2E3F4AEB2B3F1594293FF3
:10C860005636273F25D2243F9967223FCBF61F3FFC
:10C87000D17F1D3FC6021B3FC07F183FD9F6153F31
:10C880002A68133FCDD3103FDA390E3F6B9A0B3F26
:10C890009BF5083F824B063F3D9C033FE4E7003F8A
:10C8A000275DFC3ECBE0F63EEA5AF13EBBCBEB3EC9
:10C8B0007533E63E4F92E03E80E8DA3E4136D53EA3
:10C8C000CA7BCF3E53B9C93E15EFC33E491DBE3E9C
:10C8D0002A44B83EEF63B23ED47CAC3E128FA63EF3
:10C8E000E59AA03E86A09A3E32A0943E229A8E3EC1
:10C8F000938E883EC07D823ECCCF783E7F9A6C3E40
:10C90000135C603E0115543EC2C5473ECF6E3B3EB0
:10C91000A2102F3EB5AB223E8340163E87CF093E84
:10C9200073B2FA3D2FBCE13D36BDC83D80B6AF3D88
:10C9300004A9963D752B7B3D2EFB483D2BC3163D30
:10C94000B10AC93C920E493C00000000920E49BC5D
:10C95000B10AC9BC2BC316BD2EFB48BD752B7BBDD0
:10C9600004A996BD80B6AFBD36BDC8BD2FBCE1BD24
:10C9700073B2FABD87CF09BE834016BEB5AB22BEE7
:10C98000A2102FBECF6E3BBEC2C547BE011554BE1E
:10C99000135C60BE7F9A6CBECCCF78BEC07D82BE79
:10C9A000938E88BE229A8EBE32A094BE86A09ABE76
:10C9B000E59AA0BE128FA6BED47CACBEEF63B2BE19
:10C9C0002A44B8BE491DBEBE15EFC3BE53B9C9BE89
:10C9D000CA7BCFBE4136D5BE80E8DABE4F92E0BEFC
:10C9E0007533E6BEBBCBEBBEEA5AF1BECBE0F6BE7A
:10C9F000275DFCBEE4E700BF3D9C03BF824B06BF42
:10CA00009BF508BF6B9A0BBFDA390EBFCDD310BFB1
:10CA10002A6813BFD9F615BFC07F18BFC6021BBF57
:10CA2000D17F1DBFCBF61FBF996722BF25D224BF80
:10CA3000563627BF159429BF4AEB2BBFDE3B2EBFCE
:10CA4000BB8530BFC9C832BFF30435BF233A37BFF7
:10CA5000426839BF3B8F3BBFF9AE3DBF67C73FBFA1
:10CA600070D841BF01E243BF03E445BF65DE47BF65
:10CA700012D149BFF8BB4BBF029F4DBF207A4FBFB9
:10CA80003D4D51BF491853BF31DB54BFE59556BFEB
:10CA9000534858BF6AF259BF1A945BBF532D5DBF0C
:10CAA00005BE5EBF214660BF97C561BF5A3C63BFEC
:10CAB00059AA64BF880F66BFD86B67BF3CBF68BF09
:10CAC000A7096ABF0C4B6BBF5E836CBF93B26DBF8F
:10CAD0009ED86EBF73F56FBF080971BF521372BF46
:10CAE000471473BFDD0B74BF0BFA74BFC6DE75BF8E
:10CAF00007BA76BFC58B77BFF85378BF981279BF56
:10CB00009DC779BF02737ABFBE147BBFCDAC7BBF1C
:10CB1000283B7CBFC9BF7CBFAC3A7DBFCCAB7DBFDF
:10CB200023137EBFB0707EBF6DC47EBF580E7FBF23
:10CB30006D4E7FBFAB847FBF0FB17FBF97D37FBFE9
:10CB400043EC7FBF11FB7FBF000080BF11FB7FBFA5
:10CB500043EC7FBF97D37FBF0FB17FBFAB847FBF55
:10CB60006D4E7FBF580E7FBF6DC47EBFB0707EBF5D
:10CB700023137EBFCCAB7DBFAC3A7DBFC9BF7CBFAA
:10CB8000283B7CBFCDAC7BBFBE147BBF02737ABF9A
:10CB90009DC779BF981279BFF85378BFC58B77BF0F
:10CBA00007BA76BFC6DE75BF0BFA74BFDD0B74BF64
:10CBB000471473BF521372BF080971BF73F56FBF7B
:10CBC0009ED86EBF93B26DBF5E836CBF0C4B6BBFC4
:10CBD000A7096ABF3CBF68BFD86B67BF880F66BF35
:10CBE00059AA64BF5A3C63BF97C561BF214660BF65
:10CBF00005BE5EBF532D5DBF1A945BBF6AF259BF7D
:10CC0000534858BFE59556BF31DB54BF491853BF51
:10CC10003D4D51BF207A4FBF029F4DBFF8BB4BBF68
:10CC200012D149BF65DE47BF03E445BF01E243BF00
:10CC300070D841BF67C73FBFF9AE3DBF3B8F3BBF19
:10CC4000426839BF233A37BFF30435BFC9C832BF82
:10CC5000BB8530BFDE3B2EBF4AEB2BBF159429BFEF
:10CC6000563627BF25D224BF996722BFCBF61FBFF8
:10CC7000D17F1DBFC6021BBFC07F18BFD9F615BF2D
:10CC80002A6813BFCDD310BFDA390EBF6B9A0BBF22
:10CC90009BF508BF824B06BF3D9C03BFE4E700BF86
:10CCA000275DFCBECBE0F6BEEA5AF1BEBBCBEBBEC5
:10CCB0007533E6BE4F92E0BE80E8DABE4136D5BE9F
:10CCC000CA7BCFBE53B9C9BE15EFC3BE491DBEBE98
:10CCD0002A44B8BEEF63B2BED47CACBE128FA6BEEF
:10CCE000E59AA0BE86A09ABE32A094BE229A8EBEBD
:10CCF000938E88BEC07D82BECCCF78BE7F9A6CBE3C
:10CD0000135C60BE011554BEC2C547BECF6E3BBEAC
:10CD1000A2102FBEB5AB22BE834016BE87CF09BE80
:10CD200073B2FABD2FBCE1BD36BDC8BD80B6AFBD84
:10CD300004A996BD752B7BBD2EFB48BD2BC316BD2C
:10CD4000B10AC9BC920E49BC000000803C31040805
:10CD500000010000000078419A9979400AD7233DEC
:10CD6000D00F4940000034420000584200002042E9
:10CD700001010101FFFFFFFF0101FFFF01010101AF
:10CD8000030000001539F43E1FBCFC3F1539F43E8A
:10CD90001FBCFC3F3D0A573E0000803E295C0F3E11
:10CDA0007B14AE3EB81E05BE295C8FBD0000164345
:10CDB0000000164300000100020101FF0101FFFF16
:10CDC00001FF000102FF01FFFFFFFF010101000061
:10CDD00012851E405987454012851E40598745409F
:10CDE000010000004C310408010000000000104266
:10CDF0006666E63F0AD7233DD00F49400000F04168
:10CE0000000020410000204101010101FFFFFFFF60
:10CE10000101FFFF0101030302000000426065BD44
:10CE2000508D973EA69BC43CC1CAA13EC902063E96
:10CE3000BF0E1C3EB81E053E1F856B3E00000080E5
:10CE40000000008000000000000000000000010061
:10CE500002FFFFFFFFFFFFFF01FF000102FF01FFD5
:10CE600000000000000000000000000000000000C2
:10CE70000000000000000000000000004CCD010890
:10CE80000000807F24AA0020CDC3D13C4260653BD6
:10CE9000BAFB17BD734129BE7F6A3CBC25A504BE01
:10CEA0004B52A13C0AD723BC452036BD000080BFB1
:10CEB000CDC3D13C426065BBBAFB17BD734129BEEF
:10CEC0007F6A3C3C25A504BE4B52A13C0AD7233CBB
:10CED000452036BD0000803F8FC275BDCDCCCC3D16
:10CEE000000000008FC2753DCDCCCCBD000000001D
:10CEF000000020410000204100000000000020410F
:10CF000000002041000000000000803F0000803F42
:10CF1000000000000000803F0000803F0000000093
:10CF20000000000000000000000000000000000001
:10CF30000100000048AF0020C4AF002068160024A4
:10CF40005C160024501600247CAE0020A4AE002005
:10CF500004000000700400200000803F40108200A8
:10CF60000100000058CF010858CF0108040000005C
:10CF7000B004002004000000F40400200000803F02
:10CF800040108200010000007CCF01087CCF010826
:10CF90000400000034050020040000007805002093
:10CFA0000000803F4010820001000000A0CF010877
:10CFB000A0CF010804000000B80500200400000014
:10CFC000FC050020040000004006002004000000D2
:10CFD000840600200000803F401082000100000015
:10CFE000D4CF0108D4CF010804000000C4060020FB
:10CFF00004000000080700200000803F401082006D
:10D0000001000000F8CF0108F8CF0108040000007B
:10D0100048070020040000008C07002000000000EA
:10D02000604004086C4004082C4004084840040890
:10D030000000000000000000904004080202000010
:10D0400000000000000000000000000000000000E0
:10D0500089A900000000000000000000000000009E
:10D0600000000000000000000000000000000000C0
:10D0700000000000000000000000000000000000B0
:10D0800000000000000000000000000000000000A0
:10D090000000000000000000000000000000000090
:10D0A00055F2C6ED00000000604004086C40040822
:10D0B0002C40040848400408000000000000000064
:10D0C0009040040802020000000000000000000080
:10D0D000000000000000000089A90000000000001E
:10D0E000000000000000000000000000DECAFAA1FD
:10D0F0000000000000000000000000000000000030
:10D10000000000000000000000000000000000001F
:10D11000000000000000000000000000000000000F
:10D12000000000000000000055F2C6ED0000000005
:10D130000100000058040000010000000100000090
:10D140004004040000000000000000000000000097
:10D15000580400000104000000000000010000006D
:10D16000A45E020001000000010000004004044031
:10D17000000000000000000000000000A45E0200AB
:10D18000010400000000000000000100480F002022
:10D1900000000100640F00200000000000000000FB
:10D1A000F547493D0B6FF3BB405630BEC168FD3DAE
:10D1B000EFC80E3ED0D9273D654DBE3B08A4A73D24
:10D1C000EE2E76BC1188F0BD7BD3D03DBA2B863DC8
:10D1D000048647BE4A9DC1BC43FCE33D052183BD97
:10D1E000710D16BE70FA25BD780CE73D76A9823C1C
:10D1F0006DB48D3C91F639BC24AED43C6A67B93C21
:10D200000A7505BD959B8EBD2B2EF1BD0B66AFBE7D
:10D21000D354F33D5A419F3D0CB9DB3B191007BC79
:10D2200058E234BD8373113CA8E66BBDA29AD83D89
:10D23000D22EEEBC72309BBDF34520BB24C910BD7D
:10D2400066B096BD1D1224BE5AE7563E17B2A1BA6B
:10D250008B4757BB4F5D003CC72A53BC1520473B4B
:10D2600055C874B84F6A673C4AF403BDEDEB56BE2F
:10D270008E6705BF8FA3553CDA8A3E3EF2A2973CEB
:10D28000E77A89BDCF8D46BCAEF0133C9FDD06BD6D
:10D29000CEDF833C9A09843C43F708BE22CE073E8A
:10D2A000E85B0A3E7B8EA13B4BA7B5BE9967213C4C
:10D2B0008887CB3DB91641BD7649AEBBBA4F9C3B82
:10D2C000540A013D2038203C0462C7BBDDAAA33CC0
:10D2D000EF03A83D1B2683BC1C6F7C3CEE54793EBB
:10D2E0004B89423CAE837BBD2C247ABD4802B6BB41
:10D2F0009A3DAE3DE17DC3BD9504113C056BA33D58
:10D300002FC344BC5234923E17E8E9BC8F9F1EBD28
:10D31000E433A8BE1C029CBD7CAE8FBD6242173DAB
:10D32000A049033D8DD167BD3F4A1EBB13B2CD3D21
:10D3300004CA213D3F7F013F0E4CC63D7DDFE53DE8
:10D340002695423E0CB5F8BC5DB708BD6FC3EBBC7B
:10D35000EDF498BDCAA10E3E117A4CBEBE141BBEA0
:10D36000C7502E3EA67AF03D63B78C3E0B6B88BC4F
:10D37000203B1EBE5E9E81BEB1D988BB244588BDC0
:10D38000416CBBBB5F8E4B3D40ADD0BDAF5C353D0E
:10D39000C2A1E93C878DDBBE483E2DBE229B2CBE40
:10D3A000BCA288BE33E21FBE054614BE42BD37BDD7
:10D3B00054E9403D6365AFBBD5F052BB7265EDBD2E
:10D3C000510CDCBD8CCBCA3BAF65DFBECF24B9BEF0
:10D3D00069FA89BE3859523E3C0D863E7C99E8BDBB
:10D3E000ED332D3DB750E4BCA7286CBDA63937BD41
:10D3F0004CB192BDD7B1BF3CE3B7553CF685AB3DD0
:10D4000070C235BE4EC48CBE3EE3CEBD09660FBEB3
:10D41000F0F12E3B3A44F1BC6ECFBBBDA4E21CBC84
:10D42000D6BAADBD6B4F42BEABC8FFBD7AB751BED9
:10D43000668D15BE3AB6BEBD5B88E53D5CDA6FBD54
:10D44000C9DE543D624F503C6CDC3B3CF1F2CDBC3C
:10D45000C0BB4BBDD0B81D3DB915D83C444CB1BC88
:10D460008954A83D9E6D05BE20F560BE140018BE0F
:10D47000907ACEBDB773A5BD41A66EBC1596FA3C99
:10D48000F391A0BD78390B3D05BD04BC8CA421BE31
:10D4900052FECEBE1EE9A63DC158BB3D939B7B3ECE
:10D4A000E0C2F2BDAFAC153C5C8C7F3DE4983FBD63
:10D4B00096E3C5BB4D954FBDD6B0513D7CE360BBF7
:10D4C000E3845C3D2AF1673E7F86BEBDC8D16EBE57
:10D4D0008F6545BEBFE11BBE5091003C5E0B61BD38
:10D4E0002F5403BE3F8951BE28F66EBD62E0C33B98
:10D4F0003BD9EBBD745E99BD93C8273DC628C83D96
:10D50000C143233E84B5F7BDCFAC10BEEE4A133DF8
:10D5100050E38ABC34E027BD21D38FBAB6EF2B3D50
:10D5200022D9113DD9E7D9BEC489BF3D28B5F4BD84
:10D53000272F9BBC8986E0BD3F6925BE902FA43D67
:10D54000CCC902BDEF7BD6BD14A670BE6D4BCBBD62
:10D550002B8165BDE4AD8DBC80D95FBDA63C6CBDA3
:10D560001147BFBD1121CBBB8017FCBCF28820BE88
:10D57000F29A083D7959B3BC112A3CBD5AF64B3D8D
:10D58000505777BD1EEB723C08B137BE8644053E4E
:10D59000B523EF3D11E2003E9460F63E9CFFF9BDDD
:10D5A00093DF4E3DEE4F1EBB197D1B3E0A260DBE7E
:10D5B000941886BE19046F3B76ED773E0BF83FBC9E
:10D5C000E0DFC63E5A7789BD460E18BED2DCE5BE06
:10D5D000956E9FBD5A6AFEBA1E09B5BD9AE1413DDE
:10D5E0007CF4743DA55E763C340161BDB12892BCEB
:10D5F0004475883DF1AC313E3565DB3D9866ED3EC6
:10D60000FF0655BC4AA2933D419F39BD833CBA3DBC
:10D61000A8779FBD940A13BE15D4EABC1A74913D35
:10D62000A4AC68BE0E76AD3EBDC31CBE51E2323E18
:10D6300092871BBEEA4B8B3D301672BB471EBFBDA7
:10D64000BE58C3BB94A18E3DCB1E03BCF74566BD3F
:10D650001526833E41A8AC3D3CC5223E0657EB3C17
:10D66000E832FB3E180F19BEAAF2253DEB5C30BD37
:10D6700067692F3EC46A13BCEAF2F1BD20BA7FBDD0
:10D6800087FFA43D2DF2ACBEA04C833CE102D5BC8B
:10D6900029BD663E90D287BC4F4BF73D71CA133C03
:10D6A0001AECA93CA2CCF9BA5A5EDC382C5B4F3D8F
:10D6B000413FA0BC92D71D3C2B915C3E3BE7163E00
:10D6C0001CCE173D114BB03EE9C61ABED79B04BD18
:10D6D0004943BE3A19324E3E8EBF013E7AF334BD05
:10D6E000B7D09CBD9592F73CA780FA3CCA924CBD3E
:10D6F0004961313DD075E43DCCF1963E6325AE3DA8
:10D70000E60667BD96D9AA3C5C4A22BD869E873A4A
:10D71000E290F3BC04FFF73CD1A1E3B9CAF8093E9B
:10D720000964053EA442F5BC74FCB93E88E850BECD
:10D730006654453C58C7453D0BD7223E15C18F3C2A
:10D74000ED9536BECC0DB83DAD7D97BDC2EA3CBE71
:10D75000C7C4ACBD520CC63C3CD61F3EE424683E58
:10D76000A14E87BD875CB039539FE33C9032ED3CBE
:10D7700051DB1DBCD4BE8BBC2E054F3DC94C41BEF8
:10D780001AC9E53DF0E0B93ED121D5BD2ACA3BBE5C
:10D7900042BA0FBC4B0C86BD6EA27D3D678D01BEAB
:10D7A000EBE2BCBE74C73BBD076A813E31CB323E63
:10D7B0002CAE253EDD40F7BD93AD413DCF3D86BC4F
:10D7C00070AFE63DCF4469BDB3234E3C223CE7BC7D
:10D7D00009C90D3D992C88BC8C729B3C850D193D67
:10D7E00092DB143DD3370BBD13C22F3EFD4CABBDB6
:10D7F00018C8EEBDAEC6BCBD9F6311BD66BE583D28
:10D800004153C0BD107671BEA36D143D4A1E9F3EAC
:10D81000BCE57C3E3387B53DE5EB2EBEECC8953DBF
:10D82000DAC131BD856D0E3ED3CFD6BDD7BB61BC4D
:10D830003DB939BD67D258BDD755A9BD7D3A1A3D0E
:10D84000378E693DAC0AC33DB83F0FBDA4433F3E90
:10D8500071120BBEF7B237BEAC2ADABD2DED2BBD6F
:10D8600053B2483D60AAAE3CB51F0DBECB452BBDA3
:10D87000DCA24D3E82DEB13D79FEBD3DE86521BEB4
:10D88000F68F74BD2D9FFF3C22278D3E03A826BE38
:10D890003697B53BCFE7F23C1B94333DB3149FBDA5
:10D8A000CF0FBEBC5166873D6C28A53D9A68653E8A
:10D8B000B60A183F5BAC74BD23D524BE41AE09BE89
:10D8C000E60F8E3D8EDE8D3D5CDFA03CEB89C0BC5B
:10D8D0004579C13CDF9E94BB21A3F53DA82A7E3C3F
:10D8E000661F5ABCCD7AD13C8310B13D14D23E3E66
:10D8F00007CA2ABE1E4283BDA063CFBC4E9E803D98
:10D90000388AAA3C34A1083DBE2901BD79F61A3EE9
:10D91000DE67643D45DEE63EA1DBDBBD48F97DBE4A
:10D9200012A61CBD07C546BD453ABDBC32C1FCBDF3
:10D93000E94B263E5814E33C7A4F0EBDD7F8D63C4F
:10D940003B4F48BEF903EC3DE6CE95BD03CE5F3EAE
:10D950009FEDE53D1B9CD7BD3B8222BC73CDBA3CFD
:10D96000F6898F3D28BD20BD189A0BBC8B26DF3C65
:10D97000112C163E70C73D3C8F9F7B3D74BC383CDC
:10D98000BF89783E12FB02BE86F185BC89A9DB3CCB
:10D99000301A473CD783953BB7D77B3EBFBEA23DED
:10D9A000276C4EBE623F8D3DD96ED83D3669A0BD15
:10D9B000D3762D3EC7DB083C986E19BD164151BD8C
:10D9C0008BC38A3DE7E9A13DE80DD33CB94D813CCD
:10D9D00065612DBCCDD0703E4C43BCBCB1CA97BD77
:10D9E0006E8EA03DA8F1953E5D1336BD0112A03CA0
:10D9F000B297AA3D10B52B3DD92311BC94F9203E16
:10DA000087C1B5BC19CBF1BDD015B1BDFBD4BEBD2E
:10DA100088417CBDFE902F3E2160B13DF110843DD8
:10DA2000D722E2BCD0C516BDD28D973D4A5F603D7E
:10DA3000C451363C37EFDCBD2EEDDABEEFB2F33C1D
:10DA40002D9877BE31B6203B3CB89E3E9E28B5BD92
:10DA50007C0C8C3DE86DCD3B335ADCBD42F3D13CB0
:10DA60000675F03D3D55173C16D6843B9E459B3DC3
:10DA700098EF03BE1060CB3DEF6D07BDA7914E3E02
:10DA800053C767BD0F172FBDD676603C87C2AF3D29
:10DA9000695A613B65C5193A947C0FBCA43F8A3D25
:10DAA000C41F94BE21AF713D9E58FF3C70FD943E53
:10DAB000476D75BDCDF347BCBEF9A4BDB2EFB6BD91
:10DAC000414A133DB3A937BD31AF66BD281C01BD26
:10DAD000973850BE9125ECBD1ADD263D8845383E6D
:10DAE0003994FFBD7362FABDB787FD3BEAE6CCBD52
:10DAF000AD25E83CCCC71DBDE52AAD3C95173B3DA7
:10DB0000E359613D169B413D7BF6B93E5CE8713DB2
:10DB1000D916993E1B7E7CBDF185543D745B45BD95
:10DB20004B0A10BDD5D2693D453053BE3D6513BD8E
:10DB300049A5943E02BB1ABEB1A68CBDE75B40BDB1
:10DB40009E05DB3D53501C3DBC6761BE6BA124BCF0
:10DB5000F62E6F3C1751AABC55EE233D2F4C873C47
:10DB60005E6B453DA1069DBED82EAA3D8BBEBABDBB
:10DB7000CB90173D1E77243EBCAAD53DAD96E63B23
:10DB800061A2F63C53C6E5BDAE2965BC41E0743CDC
:10DB900079047DBC3AF9E93DDE913FBE6F49A33D72
:10DBA0003AD886BDF004C1BDAC84A13E1011DE3C64
:10DBB0005ED194BCE8C929BD9E44A33D299804BD0B
:10DBC00043D12C3D0AE9C43CDBF0CBBE1B8E033EA7
:10DBD000FF7C99BD07D2833D344E6F3E663FA33D27
:10DBE0004BFF39BDDB72CBBC1DA1B4BDDC6B43BDAB
:10DBF000A3CEF1BCEFD6023E9FA14F3DEF9B93BE5B
:10DC00007710C9BCD510DFBD35C875BD746C6F3ECB
:10DC1000D2E2E93C009DFBBCF58A56BD4463003D61
:10DC2000C799E6BC062E373CEB8E91BC2FC76FBF61
:10DC30002E25B23D7E5C06BEC2DA003E5DFA833E12
:10DC4000703579BCA5BF383DB9BFA9BC59FEF4BD3C
:10DC5000446F8CBB6969F9BDFA5A893C9E6EA03D40
:10DC600084B26EBEF5138B3E7C8C493CB43ACEBD7B
:10DC7000886D9CBEAE0C78BD9E692CBDA4AB923C59
:10DC8000A13A05BD3F4D86BDD17151BAF2E1553D76
:10DC9000768E753F4667673CDDCB8BBEAA2C0B3E6C
:10DCA00023329A3EDDBBBA3D7C706C3D3DC747BD1B
:10DCB00058FFAABD7989133E0D0F0EBDF912D63C4F
:10DCC000E3E88D3D627705BD48E6103E7AC1133E1C
:10DCD0004C87803E71EC773C5D26B9BD4282963C14
:10DCE000F59B813CF51C11BE0F353D3DD605F0BDC1
:10DCF000BEC2013E9A773C3E905E763EB4EE66BE72
:10DD000032E3B93C519C2A3E8CA31ABC69DF623DC8
:10DD10007A84CB3B84ED43BC077D443E6C49D0BD47
:10DD200007E5E43DCB61493E2B4C083D2B79A73DEF
:10DD3000F2BF09BC9DF0453D81DC9D3C36B6743D8B
:10DD40001132433DB2DF2EBDF5BF26BDAE391FBD3A
:10DD500047CF353D2833A13A6CBD05BF6AE832BED6
:10DD6000C2F58A3D3A980DBD18C918BE74B70D3E6C
:10DD70005AA953BDC044AF3D4987ECBC935F81BDF8
:10DD8000634E78BCB9594A3EBDFBE73C11B5A93E8C
:10DD900072F065BB1ABD373D110B92BEDBBDBA3DBB
:10DDA0006BBE083E2D368A3B07F1553B07099EBCEA
:10DDB00087A539BC6196253CCAA9EA3C2B443BBFE8
:10DDC00056AE5CBE66E53EBBDD1E22BE7981B0BDAF
:10DDD000C6E5563DAF5FF7BB56028B3D5BDAB9BD7A
:10DDE000ABC5A23CE57C8FBC88724C3ECE3F0F3D5C
:10DDF00056A9983EEAC920BEBA8C883DBD5A85BE58
:10DE00006690E43D91DCBFBCDC054B3B3F31553CAB
:10DE10001730AFBCF6ED0BBD68380CBDC57ECF3DED
:10DE20003A4519BF07A42D3C7C89153E1A9482BD42
:10DE300058C68A3AB037FC3D2D9EB13C9C8E8E3D33
:10DE40005AD01ABEEE0AEEBCD6A8F73D4708E53D0B
:10DE50009A1A89BC80CD8C3EF99D09BE0ED6873CAE
:10DE60000C6EABBE360F313DCCC439BE5E7909BCF9
:10DE700002B47FBD62B7AF3CE154A23C8F1A2FBC05
:10DE80005B26B53D6DDC20BF0AEA3ABEE23FA13D0C
:10DE9000E816843D256CA33D1D4DD63DE182B2BB05
:10DEA00011E3A93DA7B70BBD32194B3CB0C8953D56
:10DEB000648C0E3ED0AF0EBDC2CFA33E3E7AB6BC40
:10DEC000C11C42BE5DE7BEBEFE5F47BD91BF51BDF6
:10DED000099C06BD39CCD0BDEF3DEB3D9F8F063D83
:10DEE000822620BDA3D2973C05C0BBBEB4FD7EBE3A
:10DEF000B016BD3E7DCBD6BD2F3FBE3D4FE99A3D0E
:10DF00004D44CBBC75A15F3D8AE41BBE03193ABDED
:10DF100049F5963E143C143E0E449CBE9DED283EB1
:10DF200059B51C3EBF8A67BD2E6193BECF9101BE1D
:10DF3000CEAAEBBA207D80BC0E2228BD41E2503D26
:10DF40000D0A2E3B5837C8BBF40C77BD2EB51FBD4C
:10DF50006A90D73D8D94ACBEE3AC443C2EC031BD3D
:10DF600036E708BDDD36A2BDAA978ABD7B21A9BCD4
:10DF70000798D23D50ACC6BD369D07BEAD0B773E6F
:10DF800044FB20BEAC9409BE25EEBDBCB75C153D7C
:10DF9000B85221BC2161C2BC74C651BC406CF4BCF7
:10DFA00057C7DA3BE52C85BC3BFC313D5EDBC53C0D
:10DFB00058F7DFBDE67C18BD313527BEB0B8123E3C
:10DFC0000B6C44BDDF86853B0DAEE43CA302A33D54
:10DFD000269C54BC6329CC3D302E15BD7D7CACBD48
:10DFE000C5AA4E3EB061333C5D442EB982908EBDD1
:10DFF000FD01B13C443AA6BD3845C1BC30314EBCF0
:10E000007B27C9BCE5FD90BC020C93BC995E103C1B
:10E010007EE7E43CD9D0413D51C801BE8FC798BED0
:10E020003F70D73D95A477BDDC8D94BCC2CCB13D8B
:10E03000E4E7A1BD428DD33DDBCE573C0373C23C28
:10E04000F98AB93CC5A83B3E23FE473D566EBDBC90
:10E050001E3E023D277DD03C7ACAF3BD8AF4A6BDA0
:10E060003EF4C2BBD3703DBD22B616BDF5AF2CBD8C
:10E070006A8A71BC13C6703DDF9A04BF900C9D3E46
:10E08000CF47D7BEEC28F03DE58C94BBDEB685BC0F
:10E09000C3F0823C6249DBBB9CB4293DEC3DBD3BF7
:10E0A000CE8D133EC52A153E8C1D8CBD83380F3E88
:10E0B000DDC4C23D1F73A8BD0C5FABBD2FDA49BEE6
:10E0C0006FD2DBBD8504B4BD337CD9BCE601A33D72
:10E0D0005F67EB3CFFFF0CBC2C775E3C7EFA90BD8B
:10E0E0007EDABEBBC8B7E2BD11789F3D7DF2BD3B75
:10E0F00093FAF2BC8BBE2BBDBDA126B80CD91C3D3A
:10E10000F7231C3CEFE47A3E36354A3E07428FBE89
:10E110005E8462BDA4BFBBBD805230BC79567F3DDA
:10E120000F6036BEB5053BBEAFC3B9BB178CD33A43
:10E13000C49C243D54E7D83CB79FA3BCF7A1B93C8D
:10E14000DCAFA5BE8002263E2FAC86BBCE5208BEF9
:10E15000E7889ABE999A8E3DA62801BBB24112BDAE
:10E1600030349639819F2C3E58D0193EA33A6FBE69
:10E17000E58E8A3D9AC4E33D08C1663E7DBC223EE1
:10E18000C06F56BE72D0FBBD23993DBE171A203B0F
:10E19000F06B273DDC0217BA1A85B5BCD1AD603CE7
:10E1A00025E2F93C8EABA0BEAE6445BE99EF86BDBC
:10E1B000010BCFBD4FF446BEA1C8883DE219B0BDEA
:10E1C000E43329BD437AD93DF0EB0E3E032C143ED7
:10E1D000549955BEDE1B273DCD8811BE3685E83DDE
:10E1E00062D0523D9B0E9FBD75F35BBD2A3EB3BD11
:10E1F00049E7603C8659773C56BB0ABD8795D7B93D
:10E200005BED31BD7E42F93C3A1D893E350EE6BDDF
:10E21000B30108BE0B64BABC487459BE933897BDAD
:10E220004DE693BD4E708B3D9201973DD4B37C3C3F
:10E2300020D64B3C48E2B8BDFEE4F7BD876D8DBBF0
:10E24000098C6C3D6727623C8AF104BE1C4968BE9C
:10E2500028B523BDF724EABCBF8D8FBC87B69D3C93
:10E2600009A010BD2B85E73A4F85DD3B4E22363F96
:10E27000BF595E3E5B8705BC507C963C7D914CBE91
:10E28000FD98B7BD11CD963CD4F0B1BD4F23BF3D35
:10E29000AAED593BBC434A3D2BF5C13DD14AB0BD27
:10E2A000F7B6043E3B5FA7BC88AEA6BDFD283EBEC8
:10E2B0004E20EEBD53F9C2BC5991E0BC639E98BD9F
:10E2C000B542BA3DC511C73B8308E43C46FB9FBB42
:10E2D000F078363F31823BBB310CE4BCB57261BB98
:10E2E000F17751BEA438853D0BC31EBDEE376D3DA1
:10E2F000EDF4D03D0227B6BDA1BE92BE883E133ECE
:10E30000AB8FC23D30859D3DA7D38DBD48F0FFBD8D
:10E31000BD7926BE5F8F0C3E9FF0C33CD0A96CBD7B
:10E32000FDC06FBD1746A0BDFE13E0BCC8B46E3D76
:10E33000D5C8943DB90225BFEA15043CCF5A16BE94
:10E340002A22D7BD703EAEBC574401BE8290983D94
:10E35000D486973D7F97D43DD1F5483EC014803E8A
:10E3600045861BBE0A89D4BE14B0C8BE202684BE12
:10E37000ED97543DF55EB73EA1C4C83E2BB59C3D1C
:10E38000D22548BD00678BBDDEF48DB90289423DC0
:10E3900000A2803D8F3F633B910CEFBCDB2570BE3C
:10E3A0000FB183BE0A5D2C3D436C3DBDF3CCB1BDC6
:10E3B0003A69013CE819A5BD22FFBC3DF4526C3E10
:10E3C00094F9F63D836CC0BD07E481BE945162BEF2
:10E3D000123DB5BE5A41173D8933C83E6A0CB73E5F
:10E3E000F67A493BF38322BBD23E4BBD66718CBDAE
:10E3F0001AD021BD0D8C9C3D8C70213D421DC33E29
:10E40000441AA23C09DDAABDD75FD1BC55FFB6BDF9
:10E410008087B3BD44452CBD1BD6AEBD7B81713C0E
:10E4200086D7A43D4E6AD43DD8F7043DACDA3ABE57
:10E4300072B808BE0BFBCABE4C97E33DDCB4D03EBD
:10E4400064F2E63E1E50663CCD8EFE3C3382AEBC8E
:10E45000C74E84BD12B279BC5D195C3D5BF774BCDC
:10E46000070A4D3F61F90DBD0C0CDABB16284A3D79
:10E470002CE2D1BD1140FABD9558A43D0A32DB3CD7
:10E4800024F48D3D1A59A9BCCFD0DD3D2221D33DC6
:10E4900016BD74BD67118ABE76C89BBE9ACA3FBDC1
:10E4A000160C0D3F5A34AF3ED41473BD34674ABCCA
:10E4B000F6BF32BB9F8CB93C1DE26BBD25B06D3DF4
:10E4C00080F4223D14F3893ECE3D8E3C559FAF3DF6
:10E4D000D8B0D4BCC8795BBE5874C13CB0E2EDBAC8
:10E4E000896692BDCA3DC13D48F2DABBB6D210BDC5
:10E4F0004696CA3D5FE4A13EDF6D01BE399DD0BEA8
:10E500001C8A1CBEF88A043FAB66A53E41FF663DEF
:10E5100071A0FA3CBE4513BC10C0EB3CC634ACBD88
:10E520008734053DAB066A3CCB9C163FA5CE21BE89
:10E53000FBED4C3EE8A80ABE155413BE359015BD40
:10E54000F7BAAABDC08C24BD1183C53D3122993EC6
:10E55000BA130C3C807154BEC04CD33BF49F343E84
:10E560000C661A3E804295BB97DA1B3A42B0CBBD8F
:10E57000D04A84BA3910483BB55512BDDC118C3DE8
:10E5800008CC60BC94207A3D37601F3AB03D333FE1
:10E59000DD83A9BDB493243EC9067ABD40271FBEC2
:10E5A000A7658DBC4C1F9F3DFBCEAD3B7A74D33D20
:10E5B000E59D9A3EF2D3DCBB8F0212BE67292E3E48
:10E5C000ECEF793EAA8CFFBC4CF4A2BD702B623DEF
:10E5D000A49B7D3EB82600BD445117BD58893ABD65
:10E5E0000AC3423DB05BAFBC6200DA3D8028053D06
:10E5F000367C273F74B0B1BDE9B36C3E6AFE49BDBD
:10E600007DD516BE579C243D9EC262BDEE3301BD32
:10E61000AB1BD03D541E8E3ED7E883BC210CA1BD60
:10E620000BAA883DD8A0423DAC20ABBE49E1A3BCBB
:10E63000681E393D608D2E3F999024BDE47C9ABCC4
:10E64000A3D750BDCEDC463C8934C5BC3961883D7A
:10E65000EA94853CA4B8653EA6234E3ECC456EBEEA
:10E66000E7E5D3BD89615FBE04B72C3CFC3CA83D07
:10E67000A723E03A60A1B03D654D8F3E191007BE5B
:10E68000936EDCBC78A43D3E6711133EB12DD3BE22
:10E69000CF9E8A3D4AF1EBBDE55D5F3F37F648BD51
:10E6A000CB6EACBA9826ACBBB8BAA5BDCA335DBCBC
:10E6B000EC00643DDB4B573C3E69873EC61D863E01
:10E6C0002853D8BE7B18973D312A39BECE60623DB3
:10E6D00073E97D3DA9F600BD67F5E93D81DE063EA3
:10E6E000EA0A1FBE0EEB2EBD689ABB3EA915163E68
:10E6F000F4911CBE70C36DBD1B4B4EBE8EAF063F6A
:10E70000518FD13DB002073B83CDCC3C318702BD58
:10E7100001F66BBD96ACA13D867D76BCD2D8E63DB8
:10E72000D8E594BDDB0E7E3D306C45BE005E16BE66
:10E730002ECC2DBD2AE79D3D9551D13CA18E523D59
:10E7400096C05F3E03C7F3BD27269EBE81029E3D55
:10E750005A305BBEF77D3EBEE9E5CD3C72C04A3E15
:10E760001E94743E99C145BD9E70373C80F6ABBB8C
:10E77000795D8B3BDDCAF1BB0724563CE8B6DD3A38
:10E78000442AE2BD46D0B43D435D4EBEFBD02EBE12
:10E790007FCF25BE2E9F943BBC7FA43D05F948BC8E
:10E7A0006478923D566B813E47CEF5BC1068ABBE97
:10E7B000467C1B3D48D840BE92B71BBE04192ABCFC
:10E7C0006875583E7FBE563E22CFB8BD65E4B5BCE5
:10E7D0003CF970BBA977E43B6ED706BD8B39A63CEC
:10E7E0000C42C1BBDB8C4C3CB1DFC8BCA0368CBE3C
:10E7F00099C186BEC4F1E7BD1542BCBD4D7B883DC5
:10E80000E56F18BDA865913D6F7C303EA45F373D34
:10E8100058C324BE930DD53A5AE2CDBDD5C12BBD08
:10E82000B2C2AE3C22BAE93C0BA5B23C6C014C3BF7
:10E83000DF166A3C459121BCA319063DFA1E63BD53
:10E84000DDBE303C70FEA7BCA3AC25BEE94BADBC21
:10E85000297961BEBD6B23BE15ECD4BDFA69DEBD5E
:10E86000F94EED3CDE7483BD603127BDA237C43D57
:10E87000AA82CB3D036D9CBDC92031BE5BF629BE8B
:10E8800097F73EBD779F543E50D2FD3CB284EB3D9E
:10E8900043784A3E84E62F3CAD3053BCD814F83C54
:10E8A000A28913BD62591B3CBF57D0BBB7F4A43F2C
:10E8B0008CBCF73CD7C7DEBE1597FFBDEECDEBBDD8
:10E8C00030AAA3BB918C1CBD8BA3993DE701E0BC92
:10E8D000B89FCD3C49DBC73E1227C5BD69EBBEBE24
:10E8E00001934EBE94F9693EF196D43D601A9DBDE8
:10E8F000D781703D05B6823EA6B4ED3C8A4196BBF9
:10E90000F6ADEC3C09FAA2BCB16AF5BBDF9081BD63
:10E9100080938FBE3012C83D5BD1223ED03AB3BD4A
:10E92000D9DCAFBCDE61BDBDA2304EBD40828EBD24
:10E93000F30AB43C6819283E6EF876BC6FD3CEBD9E
:10E94000B301BDBD76B0443E57934D3E0686B8BC7C
:10E95000FCCB103EA8228ABDAFCFB7BC5C672CBDF4
:10E960000F9E6C3C9A2F643CA0BF97BB6683F5BC9E
:10E97000653381BC3C41F33EA8BE163E3B705BBE96
:10E98000F74207BE0855A9BDE8F3EDBC04FEA8BADE
:10E99000CE0F07BD04928F3DFB1F433E8BD522BD9A
:10E9A000D205A63C9D5424BD3312453E40F8233E7B
:10E9B0006BF5CABD6FBDA0BCEF836DBEE598D83DB9
:10E9C000B01F86BDAECD513B2FD4DDBC4DE938BC68
:10E9D000BFE52D3C34A591BD49F0473F25CA0C3E0B
:10E9E000076BE1BE6D8D0C3D8BB9EFBD2722873CD7
:10E9F000BF6F91BD2399E63CFEB4273D3DD74B3E0A
:10EA00003B2E9E3DAE539DBD3DBDD1BBE0DB293EBF
:10EA10007A251A3E2B6F413E41C671BCC52CA3BD61
:10EA200050D2403E4245EDBCF712C23CEF3FDF3CC6
:10EA30004327CFBCF54BA5BC6212C9BCAA14483F02
:10EA40000E91A03EB7513F3E40A58ABC42CE64BE67
:10EA5000BA1347BDB618713D04036DBD40A70E3E05
:10EA6000AE2F083EE2CE0B3D622AC9BC3C37B13D19
:10EA7000F0ADDC3DB59B723E95258FBE81C1E9BCF2
:10EA80001C358ABEF1B1933CA29A34BE485AD13C9F
:10EA9000CC7AD43D290297BC59913F3DF88FEBBC0D
:10EAA0004BCF423FCD2091BE69E2EBBC21879DBD9B
:10EAB000EF9483BE3EA31E3B064B943C05684E3D3F
:10EAC000B6FC4A3DA38A353E9F57B1BDD146BEBD77
:10EAD000C4CBC13ED62CE43E904E7B3E1D41B6BE1B
:10EAE00053CDCABEC867B43B37F628BEED8B9CBD7C
:10EAF0005639E53ABF14313D55E09BBDC4F78EBC95
:10EB0000F7BC99BC539085BDFB75303E6EB6C6BD53
:10EB1000FEFE6C3DE12033BCF5A67A3D2FFB73BDB4
:10EB20006EAE2C3D2921AE3C5EF595BD243E9E3D4A
:10EB3000446D503E824ECA3B994FB5BDCC7B97BDCC
:10EB40003124013D70DD273DB3762B3C5372B3BDBC
:10EB5000D218D3BC9C183DBC74E4013D69FC2B3C2D
:10EB6000E18B213B3803A1BBD145AA3DE5868F3E11
:10EB70006A3B4EBE168F9D3DD9D9F5BCA506B9BBE3
:10EB800044F9A13DF640233C7E458ABD4EC04BBEB4
:10EB9000EABDC63D0A6BBC3D4B0E863D4CBF15BE63
:10EBA00036C5EF3CB2BF9E3D8FCB8E3D004953BD75
:10EBB00077E48DBDCE84C6BBB09C07BC8A835F3D25
:10EBC000CFAA7C3C564AF13B043964BC3440003F38
:10EBD0004215CF3ECFF3C3BEC6D8B43D436951BD45
:10EBE0009A27A63D8FE68ABC7ABE7E3C417662BDFE
:10EBF0002777E2BDF75EDE3B78CB833EA41E6B3DFC
:10EC0000B7F893BE80BD073DF80F873E6A66803D2A
:10EC10003B23FF3CF6D86ABDE6B8ED3C8DEDAB3B3F
:10EC20005B81493D73295CBB29996EBCC4FA31BC38
:10EC3000D6B2AABD2FBD8BBDA1389A3ED7E7CD3D38
:10EC4000D2D461BD0160E13D2235713D3A3F9E3C29
:10EC5000127685BD5573F3BDB5973F3D3698A13DFE
:10EC6000C0B7103D23271ABE0D386ABC1D0102BE75
:10EC7000F1BB4A3E1B5DE73D55D3F4BD36C28DBBAB
:10EC8000F7A6903C9C152F3EBDC7C8BD054865BC86
:10EC9000EBA3AF3CF082ED3D8DA1B8BE51FA2F3F02
:10ECA000552A6B3D7CC5A0BD3FD37B3DD0FA8D3D41
:10ECB0007FC685BD1770F7BDED3B063EA4BB47BEC2
:10ECC000B3E0D03D97A5073D830129BC729D343C3C
:10ECD000640718BD4B8D51BDEF19D13D8B3795BDE4
:10ECE000CA378FBC865E843C8E87113E36A58ABDAE
:10ECF0008DE26EBCAB581D3DD1F9D2BEA3991FBDAC
:10ED0000524C43BDC66B26BD8FA887BE1F5617BD8C
:10ED100074BBDF3C732A40BD926C9D3DC9AE8D3DF6
:10ED200009F2F43D30F6B23D1BDF05BEEFD6F83DEB
:10ED3000C14237BC72C0743DA4C344BD905D47BDA1
:10ED40005B2DB13DEC98FE3A996B05BD9BBB06BDB2
:10ED5000ACEAC8BDAFD5653D7245E9BCEDB2D3BEE6
:10ED60003BD7A7BC287D3FBE40078EBDB5B130BEA6
:10ED70001C4BBDBB81E2AA3C257B05BD1856D13D8D
:10ED8000B9498E3BE540003EA2FBE23D670FB1BDB5
:10ED9000B70EC6BDFC87ABBC9E1D17BE8690B3BC2C
:10EDA0006B2BAEBD2711A83DF369CA3CDD6357BC90
:10EDB0004A2D87BD20097EBD54173E3D972B82BB4F
:10EDC000125A15BF2A4ED23D01147CBEACAE1FBEF6
:10EDD0007F9E0BBEEA1B9DBD87E4303DBC7D7EBDA2
:10EDE000C81706BD8E57C7BC5EDDF53DAD8E58BD5C
:10EDF000E95F93BC3809DB3C776B27BDF3560D3DCB
:10EE00003BDF5BBD8DA41EBE9E83A03CD58E893D9D
:10EE1000F3BE94BDD10CB8BC0690A2BDA278A5BC2F
:10EE20007EC39CBCA15B3C3C2B05C1BC7E54DDBEBB
:10EE300008568FBD932F17BE94E88DBC1D9332BD2D
:10EE40007E7E543DEB5BDA3D09A50F3E711BD2BDC2
:10EE500074F7F7BDBD7A4EBD7E8DDBBDDC5A0EBEAC
:10EE60003DCF353EFFD7A53DBC216FBD4C7D183E43
:10EE700028F4713DADAAB9BAE48AA73CABBDBBBCCE
:10EE80006A48C3BD86D4853DBC4DC3BD7D02963E58
:10EE9000602680BEB0128EBDCB6A85BDE423BDBCAA
:10EEA000E487B23C3E7F923D39B9CA3DD21A443E16
:10EEB00033180EBEE2CE41BE8B5FC53D30A41BBEF3
:10EEC000B1CA78BE85B3F53D6FF4F13BB45B5A3EF1
:10EED0004616373E342B89BD6E342F3D880C113DCC
:10EEE000F034AA3C1D4081BD8015733DE9571EBE1C
:10EEF00048B2243C7C21403E46526C3D1CA6473E15
:10EF0000D4A309BE2E07ACBB858E3E3D163AEDBCA0
:10EF10008E514F3D756A9DBE1802703DDCCDF13DAE
:10EF20003BAEE33D2D89343E781A68BB79D7583D16
:10EF30001780743DA35624BE1CD796BB8E3671BB7A
:10EF4000D1AE76BCA7B499BCC6A1023B2833633DC1
:10EF5000CC659CBE76D79E3DF82F973EA55180BDCF
:10EF6000F662543E041AC0BD8FC266BD2E2DECBCA5
:10EF70003E42EF3D8DAE183D9BC324BED803073DF6
:10EF80003EB40E3E8AFAA23D9EE9013F53DDA43D08
:10EF9000BD23EB3C1FD0B7BEA3CFE2BC79E1D73C89
:10EFA000C63594BCAD25813B9BE9873CA4673B3CBF
:10EFB0001ED60A3DDA5CCFBEC9040B3E2433BB3EED
:10EFC000818023BC374E793E3BD90CBE9B92603D7D
:10EFD00008ACE9BC9A974C3DC36A673DF2D4CCBDFE
:10EFE000F0FAF8BD22BBA03D1EF3773D39CEBF3D00
:10EFF0001FB74E3CCB5EDBBD1D2FE9BD5B758DBCE5
:10F000001790BF3CD1FF3D3CCCC980BC6DC77E3C56
:10F010001299EEBBBD67443D40B280BD02CD88BEB3
:10F020009B28083D7EC6F4BC338A923EA55847BD56
:10F03000EED331BD0CA4DABC25E80EBD1E34F5BA02
:10F040002D53113C0B74E5BD548329BDE082F83D7E
:10F050002B0174BDD07727BE807039BEDFE42C3E13
:10F06000E2B9153D5DD78ABC6B14493CA98AA53C21
:10F070006DE3C1BD7234A03C6F838B3D896149BD96
:10F08000077EB0BEBAFBD63ED82D5C3D88AE843E2E
:10F09000441FBEBD7BCE5F3DC567E13C9A83373DD3
:10F0A000401964BC0647883EF07E8CBC43354CBE9C
:10F0B000F1BC923A099BC8BCA8EDDDBD1A7512BE21
:10F0C000FB8BBBBCE4D48B3DBDE63F3D6F337ABCCC
:10F0D0006EED1B3C13A7C7BD7A8BBE3CBE9DF93DB0
:10F0E000298288BE5B6CA83CF135BA3BEBE8ABBD2E
:10F0F000D8CD8C3D331B5F3D40E5E63C26578ABDAD
:10F10000DB55A83DAC969B3ED6F8143E7C50D3BE52
:10F11000841036BEC3405B3D11AADABD48CD15BD93
:10F12000503715BEEC16603D35BA513DABB50FBD3D
:10F130007CA2B9BC9A3FCA3CFA4CB63CD1EC3DBC6F
:10F1400000A170BD391BB3BCFBB3283C28F8963D29
:10F15000BC06F5BD444B313A0D8A063E19CB07BDBE
:10F160006B5D283D9B6592BC796DF73D22ECC93DF6
:10F170005B8849BE84B529BE9A51E3BC9285C03DE7
:10F180005E80FB3C0DF309BEC058A33D5BE9DD3A50
:10F190006777BABC7F0CA1BC43EF083A24BB9A3D09
:10F1A000B54145BCC3ABB6BB55DF87BEDE93263D3C
:10F1B000229A92BB7EDCADBB17635B3DF4A4FB3DA2
:10F1C00009736C3D9A3B833DDBC1FC3DDE87AE3C61
:10F1D00036576D3D9DBD94BE802E2CBD68D2123C2D
:10F1E000282585BD34ECD7BD7897BCBD8780083E07
:10F1F000ABF072BD09E8ADBC922DE5385218F4BBF6
:10F200008271463DAF334F3C566718BD7A9321BE9D
:10F2100055CE773E953F913EF0DCF2BD5190403D9A
:10F220001416073DA6B56BBDC8D74BBDCC22A23D79
:10F23000C40489BDD85DAC3D696F0CBE8A45E3BD91
:10F24000526A303EF2711BBE91348D3CC292B6BD03
:10F25000FC619A3C186BCD3C1F18143DE02D09BD94
:10F260008DE212BD2F24863D5B7735BC1AD778BC62
:10F2700053DD53BDBDAEC6BD20D4113C380D12BC0C
:10F280003B59FE3DD1BA0E3E289A863D85582FBD8A
:10F290001A33B43DEB8B073E2C6957BEFE6816BE91
:10F2A000E810353E7FCE903E0B333ABE15F908BECE
:10F2B00090499B3DC1B5AFBC9BF227BE6BD0463D8C
:10F2C0005A3A93BC8A36A6BC07C1C83B130636BD62
:10F2D000873D7FBCFF4B803F5DAE0ABEF20CC5BED2
:10F2E0005C9801BEE13C9ABDF18DC73D6A487EBD88
:10F2F0004401183C162DDBBDBF3E523E70003D3D23
:10F30000058D73BED48113BE063FA1BE3C20FCBB5D
:10F310003EF47A3DA606753EF1BA5DBEAB03DABE99
:10F320008929253D7FBD573BF1BF48BD56BE29BC4D
:10F33000BB7633BD875C9F3CFEC2A9BE6348173FC6
:10F34000931031BD415A4DBDB624DDBD507F073EFF
:10F350005B5759BD896459BD395118BD3DFBD33D3B
:10F36000FD005D3B123F77BEE27DBFBBF12EE13D6C
:10F370005424D33C0973A23ECBF64DBD49B4E43DC1
:10F38000961EF23D73B3E23CB1AF40BD2F3EA53CAB
:10F3900046727D3D447607BD69EA14BD16E0CCBDDA
:10F3A000AD1840BD47D91A3DC33A13BD574C63BD94
:10F3B000B2E6473E4BC3DB3BEFFD34BDDA4F173CB3
:10F3C000BDA5533EF2277E3D7CC103BE7BC622BC59
:10F3D0004BB5B93CF2A9803EB447103E39AC683D0C
:10F3E0004F6157BEA7563CBE4BE503BD04CF5DBD84
:10F3F0004A63603D492C31BCB65E2B3DE05AE8BB08
:10F400005E1366BFF635DB3C7590BE3EC74C30BE22
:10F410005FFBDABC76EC873E5922F73C911A09BDB6
:10F42000514FB3BC6BA453BDE3D3513C60600D3E60
:10F43000BD1DC5BC47DA59BEBB47D93BBE0CA7BDF5
:10F4400068D1F23D2183F83DBD7EAE3EC5D688BD74
:10F4500066F4E0BCD8E3A83C0E81B93D9F7721BC9F
:10F46000F7F7843D9EB7323F8DC1CD3E89EB593DC4
:10F470003517D7BCBA9610BDFB337E3E61975BBD96
:10F48000FCD696BD75DC91BCFDF208BDE17A203C4E
:10F49000B763893D6AF33DBC7B68E2BD0BFF9EBE4E
:10F4A0001F7E8FBE78E5FBBEE3251B3E58E95EBE9E
:10F4B000B94C49BD72BC333D369086BD82483C3D57
:10F4C00043403BBC7FDD7C3CB34AA63D4E49ACBECD
:10F4D00033EB45BE08A03BBD56540BBD80A38F3C0B
:10F4E0009B56EB3CD7C912BCE861F93DF4791A3E52
:10F4F0009332DA3DB05713BD22E516BEE8D140BDC8
:10F5000055E87DBE059A873D80ABD2BDB404533E1D
:10F510005C578DBD9DBCDE3CE0A9CDBA2BB053BC81
:10F52000165106BDD817D33C573EC23862F8A13EEB
:10F53000D77047BE734F00BED1890FBEA158E4BD3E
:10F5400065BA30BD36105ABDAB84243D56C5133D57
:10F55000343251BBF1430B3EB1BB07BDF506CA3C8B
:10F5600015772CBE1B12F0BD70FFFCBC3AAA643CA0
:10F570001D95C83DF41684BD1AE907BD7E743B3C59
:10F580002D2028BDA9DBC63CD258F33CF6BDBD3DBD
:10F59000F754703E73B1A63E5AC5583E937D17BED0
:10F5A0005DDD02BE623ED23BFEB9B6BDB577483DD9
:10F5B000DD23013E7FA75E3DD09DF83D20CE803DFE
:10F5C000D7E9D0393C90983DD5EDCFBD116BC43D06
:10F5D0005A276DBDE3D6183D5A0C11BED11F90BC01
:10F5E000F83F20BD9B93613CF0105FBBFE6D0E3D6C
:10F5F00015C5883CD7C2063EB74EE5BE33A5DDBD76
:10F600000A0F24BEDA252BBEA94E94BDD0EB493D8E
:10F61000C3E2AC3AF5E7363C3FA0AF3DCC69F0BB66
:10F62000C6D161BD74593C3DFB3A5DBEAFB535BE38
:10F63000760B053D25820D3EE0D2F03DEC4CD0BD71
:10F640003D5EEA3DB7D0E63C5B5B23BD3E6EF2BD5E
:10F65000F607E2BC7CC3873D2569493EFF790A3D38
:10F660007DBDD3BE00303BBE4925D1BDA14FDFBD1E
:10F67000DFC0093D9C223D3D2353B43D8494893E27
:10F68000F7E55BBC848070BE686F7CBBFCD98EBD27
:10F690000AEE2CBE5B2E143E2C8D46BD7792C13DEA
:10F6A000ED2695BD4DF3263DCAB659BCC7C6CEBBA7
:10F6B000CD8D4EBDA8207DBB382B4DBCE238C73D5B
:10F6C000FDA6233E0904F23DF6F62CBE6BBB6FBED1
:10F6D0001C9B043D674CBA3C289673BDD86349BC5B
:10F6E000B98A11BEBB5FB93D946446BD22D536BD13
:10F6F000973A0E3E70489F3C5AC98C3DD4E868BE8C
:10F70000C6A4383DC3614CBD763E66BD9F61EC3CEE
:10F71000ED5FC93CDED6003D8503B33BA9E336BDB2
:10F720004DF02EBE7E1D6B3C8FC98E3D9BB7D8BD64
:10F73000279E8CBE547E4BBDAAAB30BD251B133B10
:10F74000D9990EBDA36782BCD946303BA31F3E3D6D
:10F7500058CF56BCF1FB073EBFB6A53DEE6F12BDBC
:10F760007D6F16BEDB75A2BDEC682FBC28FAA0BC6D
:10F77000F0967F3B0FBBD83C4C012FBD376B153C3F
:10F78000A23BB9BC19F0A1BED8CB20BC0A1A14BE4A
:10F790003AC08FBD0ABF74BE33CFAC39C75DC3BC9E
:10F7A000D97755BCE300B9BC8B0D4ABC8484AA3D13
:10F7B0001088903D8D6FAC3D9AA4443DB1E41A3D54
:10F7C00088EE203ED15850BEF04542BEB9276F3D6D
:10F7D0005BA78FBC32BE8F3CBCF6B73B0ED71CBDBF
:10F7E0009100D13C5C34C4BC402657BF04AC043CFF
:10F7F0006B872CBE10188BBCF07175BE7B54963D88
:10F80000E6DFDC3C9729B03D4817763DE1DF653BFC
:10F8100019EBA2BC387FB3BD8177283E130BE93DBD
:10F82000741F0EBEACF24E3E906D94BEB3C147BD88
:10F83000BCE678BD3B5282BB548FF6BC96A2453DD8
:10F840003ED4CBBCD7129BBDFC2A08BD259804C072
:10F8500062655BBD0C0EF1BCDFFF383D4105C9BDE3
:10F860008AB019BD0FF96A3DBDB5AA3CE1A4133DAC
:10F870005083DE3D601796BD48AAE13CC42EAD3DE5
:10F8800021634F3DA595E3BE2246633EDA32B0BD0B
:10F890004694E3BDFCA5BA3EEBBB26BBF4E3873C34
:10F8A000EC60DF3DEEF0F0BC89F8C13C7D1A6BBD29
:10F8B000FF25263DD8879A3DB06E253E44B48F3E45
:10F8C000111C95BC35BA1A3EBC42423D9FFF763CA6
:10F8D00042883FBE4F78203D2EB2C8BE1FED593D35
:10F8E00018D84B3EF5DF48BECA53AB3E3DCCAABD4F
:10F8F000DC172F3E6AA88DBE9523103D29C2ED3D31
:10F900005ED79C3DFACC243D793E0FBE26B4BDBDEA
:10F910009602A43C58E1AE3E5F4C823E8937C83D1A
:10F92000ED87923EC87953BD676D423E82D157BD87
:10F930007A61803D068110BEB31F6FBE096980BE2B
:10F94000FDC9693E7C39D03DBBF87FBEB1098A3E16
:10F95000B30D09BE1F95693ECBD478BD7F73063EBB
:10F960008DCCD23D50489B3BAB8EB6BCC470E5BD40
:10F970003D696ABD07A8993BAA5F0A3EE53EC83EBD
:10F980000DC8413E36C0EC3EABC4E2BD18198F3EF7
:10F99000085A963DDFB879BC3B6803BEA0C225BEBD
:10F9A000CAC3E6BD2910513E38AB233D9AD740BEAD
:10F9B0001D876A3E3D0A49BD33B15D3DA0F41BBEC3
:10F9C0007799D7BB95F6CC3D17528B3D34DE0C3D75
:10F9D000EFAE1CBED87298BD13DE2FBC1FAEB3BDF8
:10F9E00017FB003F1B38B33E14B2FE3EC2322BBEA3
:10F9F0000259253E7FA58FBDC16616BD45DDDBBD25
:10FA00007D5211BE232C1DBEBAB0203E8C441C3D3D
:10FA1000EF8DBFBE5631C13C55317FBDB846A13ECA
:10FA20001311FBBDBA1D213E3E58D33D7431A73C96
:10FA3000070729BDA513C0BDDB99BF3A68EE72BBAD
:10FA4000B752C93D1C8B0A3F28D6083D3D761C3F66
:10FA5000EAE50EBE85CF6E3EC2F91B3DCF8027BCC6
:10FA6000958D8CBD8E693FBE153157BEE74BB73EB5
:10FA70003E54FD3DE468AEBEFDA2AABD326D79BC28
:10FA800022F1083E73AD7D3C121A55BD3B38923DC4
:10FA900068BCAC3C251A17BD768639BC0192183C6F
:10FAA00082B1BEBC85E281BC0F97F5BDB83825BEDA
:10FAB000E01914BE9CF56F3E8F2698BB7ABD813D40
:10FAC000E036803D89FB1FBDD846F63DC5066F3E3A
:10FAD00083A688BD8BAE44BE70593FBE0DDF123D7C
:10FAE000234B033E532E473E477BFF3DA2DB07BD22
:10FAF0005EA070BC0247353C3CAB62BD1DBC1B3DEB
:10FB000002C481BD6DFE1038934D0CBED4D42D3E81
:10FB10004CBC1DBDCFAA02BE1741823DD17E603CC8
:10FB200008136EBC86299D3D8E0C853D1484D83DFE
:10FB300034D0813EF8BC87BCC8DC04BEC7CF4BBC08
:10FB400062ECC93E6998E73D4BF0313DD653BDBEEE
:10FB5000877B263E12C5B8BD494F5C3DA13325BC0D
:10FB60003F09C63DDD141ABD4650193DA305463E6A
:10FB7000D00E37BE8637EEBCDC6095BDC092F23D3C
:10FB8000C939643D60C01F3D402A0FBD0E1AC8BD73
:10FB9000C79160BC1345213EB86F99BBE511EFBD1D
:10FBA000D7FE44BE1F90993EA188DABC8BDB063E8F
:10FBB0007CBEECBE6C87063D7F858839D222103C26
:10FBC000CF7BADBCC675F7BCDD1A47BCE4833F3DB7
:10FBD000A7477C3E04217C3E247C3EBD227421BE8E
:10FBE0000BDABA3D5B5FFDBC43D15A3B6E6BF53C13
:10FBF000D3D1383DAF7102BD2430D1BBC2BBA43AD2
:10FC000097DA3FBCE22B61BE8113DDBE8613AE3DA9
:10FC100081C4763E07ECD63D9630D0BD6613CEBA91
:10FC2000AC0D8BBDA7E529BCB5A0BDBB55BB4E3DFA
:10FC300070953DBD3784DABD32C418BE70974DBE95
:10FC400089B451BDD27E783C04C2B1BD49C00E3DDD
:10FC5000BACF6D3B474B0BBD468F8D3D2910F5BD8F
:10FC60007B7BAA3D1813413E10898CBE2F611DBFBE
:10FC70004B8C903D18BC933E958FE23EB90F26BE4B
:10FC8000C326BE3B1E656FBDBFD13A3DAC35EDBC52
:10FC9000735D173D2B02AC3C12394CBEB5A9693DD2
:10FCA000C8C76CBADCAF88BC0DCE4ABEEA86323D0E
:10FCB0002AE3A2BD441E3C3DDBB1E7BC275E593EB2
:10FCC000837D10BECFF84FBE0831253E50FFECBCFF
:10FCD00054DF06BE1161F4BD602806BE0760EE3D2C
:10FCE000AE0D46BBA079013DFCA2ABBCC24B343D7E
:10FCF000B236513C01ED69BD2EB9C9BBA698CDBD48
:10FD000035F129BD258C10BE8FC038BD2640B5BD4C
:10FD10006CC8BEBDA1F4FA3C8C12B5BD2830EC3ADB
:10FD20000978233D6E63763CB2FFE8BD655E8DBB0E
:10FD3000B95198BD443A263D8F127ABD86C8E6BDBA
:10FD4000903C833DFBED30BD2B775E3DD0994FBCA1
:10FD50008CE2DB3C4F3B2FBD8BCBE6BA3E28103DFF
:10FD6000EDCB353E0CDE6E3D94D30CBE6CEB89BD05
:10FD7000FB6BFDBDCC0830BD236602BD186E3F3D58
:10FD8000EB341CBD77A2C13D298B003D076067BEE7
:10FD90001F9E2DBD457D043E363F003ED4B5803DBF
:10FDA0002B6315BEDEC36D3DA266E73B15FF153D17
:10FDB0005E1A3FBC3BC2E2BC62E7FA3CB351163B61
:10FDC0000B25F1BCBA86CA3D8AEC913CA03B61BED2
:10FDD00068E4F1BC6DE23FBD105054BDDCAFA93DFD
:10FDE0002B8D8EBDB84D8B3D5687183E2E5D083E3F
:10FDF0007F64CBBD99E7E5BD3C4E873E3C2D843EFC
:10FE0000B1413ABDA89F343DC703FDBD8DAA913DC8
:10FE1000B5288ABD8C883FBD93FF7F3DBBCB953B0A
:10FE200077F1663BC8AC94BB163347BD08FF64BD91
:10FE3000C1577FBE85CC49BC835815BEC49CBCBD90
:10FE400068C0233D038CA4BD5961F93D6DEE863D2C
:10FE50000A4D9A3ED7EE1F3DA507CABED597723E02
:10FE600041633A3DBB63593D089DADBB70B62CBDA7
:10FE700052762FBD86F93EBD895413BC5E783B3D5A
:10FE8000CA77EDBAA5CEADBCCED4273D75FE29BF4D
:10FE900051F40DBD8E89A93DF164153E42D97FBD57
:10FEA0009AFE9D3C309789BDAFB488BDF1F29BBBF3
:10FEB000877986BE803AAE3CE1800C3E248B01BE41
:10FEC0008FB1BB3DB2B8973B464C2A3EE3FEF23DB4
:10FED0008CBFBABCEDE03E3CAC0EC33BDAD2AEBC4C
:10FEE0009853CF3CFC7E1CBDA8B174BB0E7D013D78
:10FEF000D5A6683EBDD54ABE0FF8B13C8754913DAA
:10FF0000A40EBFBD367A9F3CEB0F31BD731F75BC8D
:10FF10009F79153DF15A8BBDEC8475BC8A9A8D3D55
:10FF2000AE5B25BE8E1B91BD41E514BD59DB19BDED
:10FF300081AD1A3EFCE837BDD3F0AC3C82B765BB5F
:10FF4000D7168ABCB09737BCFA9703BCF52B673B32
:10FF5000E41EFBBCC58C333BCE1DB33D6F7FC53D5E
:10FF60002ECCA63D1EF6C7BD9A36173DB604873D7A
:10FF7000A1AFAC3D7132C83DA6E0DABC329D57BDA1
:10FF8000C91D623D97DAE6BDE2BAB73D27C31EBE82
:10FF900007AFD5BCD274123E65E5AB3D93231D3E41
:10FFA000E568FDBCD12B353CBF4C2E3BE57D113DBA
:10FFB000AF7916BD2701D939311880BEDFEC383E44
:10FFC000008B113E5DFB003E3C12A5BD5DB09B3D2C
:10FFD000E7E77BBD2DC1813DC100333C53AFAD3D53
:10FFE000174F913D76C808BD9592CFBDED35293E9E
:10FFF00066E89BBDEAD4543EA97EA3BD9FBEF13DF9
:020000040802F0
:1000000060C318BD6C6C193D418869BCC2A5BC3C7D
:10001000412F70BD79354FBA8E56A7BBA61EA6BF1D
:1000200072D4ABBE84BC2B3E9FA3F73D1C6DA9BD13
:10003000C7DD953D053A7F3D771D873D2EDA5E3C55
:100040008D907A3EE7F6B2BC4F75B4BEE0807A3D43
:1000500079B48C3EA7D68CBDFBE1573EE8C5123D76
:1000600012C68E3D4D05DB3B83DA883CB9021DBDCF
:100070007F9BE83C908783BDBBA4053B8CDB143D94
:10008000FFB2B63CE6B7DDBDEF7857BE8E6BF63BF0
:10009000A1E0D23D4C14943C05BA87BD64EF99BDF4
:1000A0006C7F32BC54369D392B0E80BC2AF3D73D71
:1000B000BD7D00BEFA5732BDFAE254BE35AA97BDE7
:1000C0000AB550BD6BA66C3C088C8D3D2A3D1A3A92
:1000D00022680FBD9F426A3CB69507BD3BD7433DA2
:1000E000A7B7B2BB35CA193D846BC13D7E2557BE4B
:1000F0005630AF3D1D4BFC3D652590BD7CEA30BDC3
:10010000FD7625BD9AB6B6BCEEA628BDFA31713C87
:10011000F1D3BE3BB016533CD988AC3D7269E3BC09
:10012000887407BEE55B05BE452B8639C96DFB3D6E
:10013000912383BD733CC4BC656ACC3CC4FBCE3CFC
:1001400094DA2F3D3AAD0ABCED5BD53D98FD4A3DB2
:100150003E0281BE769D1D3E88F3053E0A510C3D50
:10016000CE22A13D520037BD3BBD99BC2535453E51
:1001700021BCDA3D54AC4FBDE0C450BC1E11BF3DA4
:100180003445E03D9A0341BEF7CD67BE331C113DB7
:1001900002056BBE2772BFBCF3C0EFBC3D67253CB8
:1001A000D67D8BBC58DA3EBD7167763DBB135D3F93
:1001B0009EED083E8608E13DFC18AF3D4557933D56
:1001C00080716E3C7E20D63C164963BD9AB1AC3C32
:1001D000813CE43D3588D33BAAEDA23D7919963D9B
:1001E00063D4793EB7298B3E410AA6BEF328C13DB0
:1001F000F26713BD90385FBDFBCB383D4B95D13BCB
:10020000B42764BD68489CBC88F4D2BCF509343C72
:100210000F5BF53ED88C013D3E1C7F3DAABEF43CF1
:10022000C34A5B3D768D0E3D3130A3B83D17233D6B
:100230004F1BA6BCC58C543DFC3991BD85D8883E6A
:10024000A658133ED855C33E0864953ED6A712BFA4
:100250008061563E819CC4BD9C847F3C963BA03C03
:10026000435113BC2913743DACF573BD9FA0073DEA
:100270006FC8FB3BA310473DC88AAC3E3097083F90
:1002800017D0B0BD61EEFFBDE72015BD4FAA63B921
:10029000C0085B3DE16251BB9372ABBD9B362B3D09
:1002A000E320EF3CB426E7BC164F75BD068A4CBD73
:1002B000A032AA3CD9792FBE1F5211BEAE1A293ED8
:1002C000B8DB28BD361ADE3B3246D139FC3BAF3DA8
:1002D000EA3304BCDEEB62BDE4BD3F3E117D24BDCC
:1002E0002DC9FB3DDE8744BDD7A81DBEE96DB4BD59
:1002F000AA199A3D843F9EBC8F885F3C3BE07B3DC2
:10030000837A0EBC5F1EA73DB08368BD2490C1BD3B
:100310001AC11C3C14C695BD3ABA33BED07F31BE5B
:100320004857EE3D6218B2BCBC0E133D09338C3CFD
:10033000C6B604BDE21FB13DFBEB99BC6D23F03D99
:10034000B21A32BEAC0129BE170096BD444032BE7F
:10035000C4A885BD9F85B5BD55AF503D69F1C7BDEA
:10036000C18157BC0DBECD3D4C31F83D94EE503CA3
:10037000A1EAD8BCE817993BC4E99CBC2217ABBEE4
:100380001857603D9241163D347C2BBD76BA4E3CE9
:10039000E270CCBCE2D307BD90E591BC82A4AD3B3A
:1003A000415F5ABE06DBD0BE196D0EBEC61DD63CDF
:1003B00027E215BED0C0D3BDE565DE3C69D78D3DD3
:1003C0001AFB143D8847F7BDEBB128BE7C52713D46
:1003D0002EC9353C228D3BBD7AFF3A3D1814CC3DE9
:1003E0003D8DC13D9E7C5C3D881FCBBD669D953D8E
:1003F000BC95E83C057AF8BCE36914BE4B9B123D02
:10040000982F813D751743BE628B043E524528BE2E
:100410002E2EB1BDC06B22BE1BCFCCBDE99BA8BDAB
:10042000D25B3D3DABD0A0BDDE07A7BDD43691BEAB
:100430004D205B3ED3FD4D3E43D3273D8033C83D29
:100440009AAB863DC3DACCBD1754AA3DFA6BAB3BE1
:100450002E7DAFBCE78FB5BDE349E1BC901633BE3E
:10046000CBAB17BDA7E4A93CAE7E943852C8223D61
:1004700035BF80BE9B5A203ED365E63CDB8010BD75
:10048000A97A5D3D1DA6B3BDFF42C5BD330806BEBA
:10049000F957E93D8A7E303ECF1EC0BCF3CB7DBE0E
:1004A0003BA4923E125A523DE814E63D084103BE79
:1004B000F1894E3CF8B2F13A6F3862BB2AC399BC5D
:1004C00023D854BCF4EABC3C4BD1CFBC30EDEBBDDF
:1004D0009F81043EA727C5BE5411803E73DC0A3DB0
:1004E000EC40423B58EE62BD4ACF6A3DE34368BDF3
:1004F000AC0527BE47F5E03D7367263E3F70A43D3F
:10050000F26B1CBE2449923E5C01913D2BB09C3D98
:1005100011D341BEDF70FD3C245AD6BCC9086E3BE6
:10052000D7645DBB25291BBC0BB9353DE01802BD66
:10053000786B8A3EA8CD123EB34FE2BE43B7233E4E
:10054000E2E96D3DC3BAE23C1B6886BD6998A63DF1
:1005500012C7CE3C97950BBDBACD393DEA89663EB0
:10056000E96D4C3B354AC8BD42D0D13E1BF79BBC20
:10057000AD10E2BADEE565BE6C5B75BC3DD62DBD47
:1005800024E03ABC30F2083C17A0F63C57E8E93AC0
:10059000FA98F8BC7713213F3289ACBD9CB13D3E3F
:1005A0008CDB473D6F47D93D21BD853DEA05A43C25
:1005B00054BD243D5534C5BDD84A81BD42210FBD2F
:1005C000DB5E6C3EBAAD47BD673EEFBB5334813E48
:1005D00085817CBDC59A193EEB9B6ABD73C04E3EBA
:1005E000E1B123BD1490143DCFF5C53B32502B3DF6
:1005F000815390BD61CE3E3C07367FBF4F2D29BE53
:100600008A14633E9D38AE3C9B1C173EE78E893DA5
:10061000986B553C09418F3B3340763C757D393EA4
:10062000E7F889BECCDD49BDE3F87B3E8D573F3FFF
:100630002371E4BD5AAB9A3D3B4CBDBDC00FD6BD46
:100640000AB322BEB6CEC53DF90915BE945AD23DB5
:1006500024FFE4BCA632753B21F4ABBA3C0030BDAC
:10066000DDC38CBE693DDCBD5A11913E602D8DBE4F
:1006700002C9EB3CE8D1583D3B3789BDFAAF073D95
:100680005F3402BE64EB5ABD034C123EA12908BE82
:10069000810C47BE88C0463D8B0A65BD550B403C6A
:1006A000AA5EBF3DE2CD2E3E61362FBD7975673D16
:1006B00010D5533DB4BE8CBCC85329380C063DBD83
:1006C00027C2B8BE30A5F2BD4FDFD9BE2DA4753EFE
:1006D000B4A5A5BEF9ACA43DC7825ABC635161BDA7
:1006E0009751673D8DA3B8BDCBCC903DB5D2923D1F
:1006F0004B492ABE1E4942BECB63EF3DD8AAE83C17
:100700000AAA22BE47393FBDCE31FF3D0DECEA3B80
:100710006C6B9CBD6D4F0A3C3AFF73BDA7D8903DF2
:100720006FC725BD54B4723E354811BE1454FDBE8A
:100730002A7F653E82F042BE686C063E9B0CDBBCA5
:10074000260472BDADD57C3BABF132BE5DC1CF3D61
:10075000F03B013EC570BCBC5DD56ABE007A24BECC
:100760004976373E56DD8DBE69AC4ABEC69183BE22
:1007700079A59EBD0E40053D3ED173BD603BAFBD2A
:1007800047970D3D71CDC53B60F1E43FBB5A65BD58
:10079000E22403BED45C363E0BE0AABED90B3A3B42
:1007A000F995153D29A787BD4D5A323DA78587BDCF
:1007B0007C7B683D309DAC3C4D8D20BEA6708BBED1
:1007C00071970FBDE3838B3DBAFC603EBB08523E80
:1007D0000367EABE8B21CABD1176043DA27FEABC45
:1007E0005A1B3ABD27C4B83D7DABB8BC0896BD3F87
:1007F0007244863D3DFF04BE7E1D0F3E4F88F0BE15
:100800002E070F3E86FD6C3DC187DC3C0408493D48
:100810008D96D5BDA78FA6BD422A8FBDB4EB19BC5E
:10082000A6B7CCBE4209263E5194AF3E545C0E3F63
:10083000BD7ABA3E7659A4BEE98D6FBDBC37553C32
:100840007E9041BCBA2A5C3D955FD53D0E61353C3A
:100850007B4A773DA6BBE3BD7DE1833D13F3203E9C
:1008600067E98A3DFB5E67BC6018B7BD4C63763DA7
:10087000E57C51BD13CAA43D6488B03E0ACE96BE45
:10088000E0C49DBE323AD4BDC236043E7EED5E3D2C
:1008900085B3A93D3DA8B53D1CF73CBC5EEC223BB1
:1008A000D140333C1791243C5315CD3A42BFA3BCF1
:1008B000075545BD83FCDFBE2760D63D026498BE68
:1008C000DB00063E43ED0E3EEADB653D976307BB6A
:1008D000304BF23B1DF7BDBD930892BDE223AA3E0B
:1008E00001072ABE24E463BE1458C1BC12C232BC44
:1008F0004C16DBBDF3FAC33DA303053D121D0E3EAE
:10090000D6813BBB43649D3C7891543CE8DE41BDBD
:10091000B392173D58F90DBDAAC743BF7321263EB8
:100920007AE0E9BE354E113E1E2C2E3E08409C3D1D
:100930001965A6BC86BB3D3DB73DEFBD70E578BDF2
:1009400048C7943E4E8211BED702DABD7A4F1BBD16
:10095000DD90C2BDA0687DBEC56D683E73EEADBCC6
:10096000AC604B3E23BC203DEA209ABD1831BA3C16
:10097000AA84EB3B985E843C9D51BABD07DBBCBCAE
:10098000AFEEA2BD70B12CBE7E2E6A3D62BA2F3E84
:10099000BE620ABC1C43A43D2EBDA03D3BC49DBD10
:1009A0005D0E73BD7A7B583E9721EA3D8D0CC5BD27
:1009B000E38815BDF6D23B3D0390ABBD7D53C63EEB
:1009C0003DAF24BE3FA6853E98B4933DB92087BC79
:1009D00034C7553C375F5ABDD8F24F3D849CBFBCED
:1009E0008C8EBC3EB39388BCE3C7F3BCFD348C3D16
:1009F000A58F583E416C3F3C391D313D3E727ABC5B
:100A0000891DD3BD9C9E9CBD273789BE055F4E3E88
:100A1000E130383DC0A09ABD1B9088BD07E7D1BD2D
:100A2000CA17023F58E24ABE449CE6BBFAFDF73BB8
:100A3000C389CD3A8F6E04BC4CAE14BD61C90C3C69
:100A40008DD5CA3D87F929BFBEE551BE007045BEB0
:100A5000C080C9BCD80EF13E4433B6BD4F56B4BCBD
:100A6000C59A8B3D23058BBD2125EA3C7D8BE4BCDB
:100A700049F807BE25ED3A3EFEA382BD5874673D96
:100A80000D2D653C346F933B505D2CBE8395403AF1
:100A90009F4D423AE28613BB5D74953C460C3CBDCB
:100AA000379B6E3D18D88D3BC72947BEAC0A5F3EC9
:100AB000550C71BE1E14393D33B8113F402821BD7D
:100AC000E1AC5ABD911539BD8F7806BD0238D33BD4
:100AD0006771BFBD472CA53D4D6FFB3D42CADDBCD4
:100AE000FD170FBDBC9420BC77395F3CF9D067BDC2
:100AF00095FCD93DBABD22BD4D220D3C179DEF3C62
:100B00000483F1B937A96B3C64688DBB9C97013DA8
:100B10000A38B4BD12B973BED611823D738F333F0C
:100B200091A8E6BB25B7303D1B901B3CAC80C63B73
:100B30006646EE3C5F93D1BD3629BC3D25B9143ED7
:100B400047F2CABD7EDB803E4218693BC8DF39BD33
:100B5000D07C3ABB2CE68DBDB438413D299BF1BB1E
:100B600050C6E03C7E3B16BD8F2065BB69B00E3A97
:100B70003D20EBBCA10B69BDF12CE9BE4F7F273BAB
:100B80004A68193F32213FBD392E533CE51CD6BC83
:100B9000168551BDB7BF093DA4932D3D3E9CA53B95
:100BA000E599933D03E3213E96967C3E2BCF363D5F
:100BB00014D583BEF5D749BE4CFE263DF218DE3D66
:100BC0002817A5BC350A35BD1CAAC7BB9D481FBD4B
:100BD000EA6259BD67C10C3D8EF3FABE3A8801BF87
:100BE0001FFB8F3D9D46053FD4D8C1BD5142613C9E
:100BF00087679D3D2F55A8BD85A5663EEC7A0ABE48
:100C0000B2C41CBE43C95EBD6DC89F3D1B681E3F7C
:100C1000C6CDBC3DBEF8553E250BACBE0047E53BFE
:100C2000F092EE3CF82E11BBD939FC3C0C952FBD4F
:100C3000C00513BDD8EB16BDFF2C4D3EAEE9573DA8
:100C4000C87395BE434A453D38B633BD86DE7ABD8E
:100C5000D2E375BB3100273D2D6555BD26F705BE96
:100C60009EBFAD3D1C260A3E0E81A2BC2DE883BD71
:100C7000EDFABC3D349DB23C1C067ABD21F88E3D98
:100C8000B87D4F3D35B053BD03E41EBDD6D38E3B7A
:100C9000BB7A973A3E3AEABCE24A103C2942893E86
:100CA0006581003D5B46D1BE9349243C8B332EBD0C
:100CB000E4A6293DBF0C333DD0A85D3D8151C8BDA0
:100CC000BD3127BC4A63CEBC7C39473D9ED3D73C5F
:100CD00096C6CABD26E92E3DB0215E3E5A0042BDF1
:100CE000FAADBBBDB07E11BEC8C9A6BC26EFE73CBD
:100CF000613AE0BC6FBD89BC5D2680BC2C1FFD3C09
:100D0000D53024BEF3C9AABDBE160BBF636BB7BBFB
:100D1000074815BE9E46ACBCE5E49BBDF453F53CCC
:100D200088388CBD1D9A113DD45A85BD69CA63BCF3
:100D30007853493D933883BD2BE4DE3D5656553EEE
:100D4000C3BF8ABE9FC527BE07E3D5BDDFC186BD31
:100D500096A3A9BDA685303DC553E33B656389BC19
:100D6000063305BD6A1531BF3B5E70BEBA31BE3E6B
:100D700026D6A83CAACAFFBD5C81C0BDF5CACE3C40
:100D80007CA0BE3C3B6811BEB002D1BB28BFCDBD2C
:100D9000C9F7ACBDEB0D153E2B9641BD3F6122BEA0
:100DA000CD1417BE07862CBDC8515DBE0AC74E3E86
:100DB000F5AE15BE77DF45BEB1BD2C3EDE10C33D9E
:100DC0003EDA8F3D0C923BBD0FF82BBE288B1D3EAB
:100DD0002572A2BD4294C93DADF3FCBDDFCE41BD3D
:100DE000C4069BBC9FF0B7BC2C8300BDA283413ED0
:100DF000D5D7C7BD5A398CBE9067963D53C2C13E08
:100E00003507FDBE93D2003EBBED693EA1E8823DB1
:100E1000FFC6D33C3695783DCBD2B8BE8A33913DE0
:100E2000D4ED7CBC2B7ECD3CF33EC7BB18296ABEFB
:100E3000AB9AC63EBAEC62BEFA3A92BE6BC19EBE97
:100E40004F425FBCF778843DE495223D9C640EBC24
:100E5000CCE948BD143ADDBCC0CEC7BD4880743E65
:100E600054C622BD3E7DEB3D2F768BBC442F8C3D7E
:100E7000C25094BE6B5620BEB7AAC3BC19E6CDBC07
:100E800049989C3CD354643B9CE023BDD2BE693D51
:100E9000D07E65BEBAC3A5BCE7188ABDF9C3B0BE93
:100EA00043263ABEFCCA023E289BCCBCCDAD80BDD9
:100EB0009D028DBD42E39FBBDC42B33D149E543B7B
:100EC000073AF13D44162BBE44D6FF3DA02A8F3D84
:100ED000E77A853EA4DD43BE357AA1BC2E88F6397B
:100EE000B23CE53C09EAC73B7EBAA8BBBA914B3C91
:100EF00094048BBC92B7CDBE0A9A9DBE0B988EBE51
:100F0000D4CEA8BE8C263DBEF7AE0F3DB28BB5BD8C
:100F1000C25F9C3D4AC333BD1591FD3D377B283DE3
:100F2000CC639EBD9D19963CB494B9BD39AEF1BC5D
:100F30006C707FBEEF1C0D3EF1F80A3DA325043E08
:100F4000723467BD90F138BCECD11D3DD6DA383D26
:100F500018DC8B3C0217F43A8FF24C3EFD0DE33E59
:100F6000E25CC9BEE1FFC9BEDC66DFBDBD2D1C3D34
:100F7000275006BDB35C0B3DF4AA663DCC0F8C3EFA
:100F8000926B763DD4079BBD2D1B49BCE18E48BCBE
:100F9000374B2DBEA4FB813E634C843E257D6F3DC7
:100FA000963BA5BD2D5186BDC166A2BCB0FD90BDCE
:100FB000AA8B5F3DD501DA3C16FF023ED7D710BEA3
:100FC000822B433EE2F3BFBE67544FBE1E799BBDEA
:100FD000BABE513D81096EBDA16C1EBD48EB83BDFB
:100FE00070F8563EA10C883E18C5B93D116288BE06
:100FF000539EA2BE9C34783E5925443CC071F13EBC
:10100000347CCABEFD62D23CF71BA6BD53029D3D97
:10101000D2B6B7BD2312F03B3103D53B9746C23D54
:101020006B7E40BEFEA5883EBEE3173E6F8A10BEB3
:1010300000E59CBD2D7595BD689FACBD33CD9EBDB3
:10104000A340643B10CA1B3EF8299ABE5A713B3B31
:10105000E2FB8BBCE209283E894CA93E987F603EAA
:1010600004FC11BD16A992BED8DCA4BD0A7CFDBC4F
:10107000CC9893BCBE7426BD13D8333DF51E583DA5
:10108000C5C52CBB164E20BEE270553D9D943B3E1F
:10109000392BADBC1F646CBC60D0BFBC61A5633D87
:1010A0004205683CCDDFA73ACDFF0B3E6D2C16BE46
:1010B000451504BEAA1AA8BD379B6D3E2EF5293EE4
:1010C000DCEF3B3EB0C484BC621B38BEFCA178BDE3
:1010D000B2C77FBD2FC887BCA56F0A3DDB16A63DF2
:1010E0008A02FC3CB22982BDA03359BF284C053F7F
:1010F0007C4FC23D34ED9E3D0741463CF82C573CA9
:10110000C916A7BDC67BA83D00273CBD800CE33DAA
:101110009F084BBDA6B1F5BC29D2263D1832AE3D85
:101120007856A9BDD3EBAD3EB0FE393D0CA8863E46
:1011300090CA27BDCD50A0BDF16AD5BC2BF3DC3CD5
:1011400071C4A53D0F6760BA00019FBD0C3F78BF19
:101150008ED3D23D9D8D99BE1EB080BD1370833C51
:101160005BB52DBDA62D273D1EB0A63D5FE2BCBCE4
:101170002CC8AEBAB871953D5275A43C444F63BDBE
:101180004D812DBEE2EE9DBEB7EDE73E9816A73E1F
:10119000236EB03E7250283E266574BD8D8AAFBD69
:1011A000C21D133E2E605C3D9E1411BDB998ACBDAE
:1011B000278EE23D2B93863EAD1516BFED64BABD7A
:1011C0002A96343E2E0B39BDD2D3783D3046253D8C
:1011D000C4E0C5BC351B87BE3B107E3EC786EEBC57
:1011E000AFEC21BDADFD89BEF56A4EBF51CBD63DFA
:1011F000E292AB3E3759A23EE497313E82509EBD0B
:1012000094A80BBD7BFFF23DDC74BB3D298F2BBD49
:101210000EAC21BE890A12BF2DAFA7BF09A563BEC0
:101220001604533B7CEF89BEF5290FBC7CF7E43BE9
:10123000EE5C8B3D39054F3D0DEF093FBBE31E3E94
:101240002EE593BDF2EE86BE4FC3103FC2DFBCBD9C
:10125000585AD83C0D2CE0BE0C54EB3E335C083D94
:1012600080DFED3D5C3C8F3D973870BE7314F8BD58
:1012700044A05CBD12E1AF3D834B2ABE27D16DBFB8
:1012800000FA06BFE7DC7CBE4AE52EBED9A1A5BDAB
:101290001BD098BDE73A6ABDEC0B9A3DA9BB303F25
:1012A000DCF242BD86F93C3D271092BB7943CF3E2C
:1012B0001EEC15BE8E52973E6F2656BEDE6FA73EC1
:1012C0000FE8E43DAB7E333E3299C73C4BD697BE28
:1012D000E861BCBDF1A3023D6EA95A3E4DED0EBFC3
:1012E000F8EDB4BE3C6E05BF240B99BE49B212BEE8
:1012F000B8E41ABE998E26BC437297BD5E47063E7F
:101300003BBF223F35CE6BBE820A383ECC01773DD3
:10131000AE82863F5B3EB5BCC3C803405A8345BF1F
:10132000B55C7D3DAEE2E0BF68D4203E701C6A3DF6
:10133000721C253E0B9A46BE2BDD6E3CDDAC9DBD7E
:1013400017CE79BEEE4036BF1FA302BF1CA3D4BD8B
:1013500027A97F3D2F0903BED26A563C32D6C73B30
:1013600055AC793D8EEC293F386C8FBE4464D63D38
:10137000BE3B743EF02C663A610B52BEE179673E8B
:101380009BD19B3E228A9F3E223AC2BEDACDB6BC9A
:10139000BFD7823C376D38BDA51DC03C05D1DF3CB1
:1013A000D024353E927F0BBEA5A227BF306F933E5F
:1013B0007FBF95BE82E7BF3DFECA4ABE4F008D3C4F
:1013C000C9BAAABDCD3C973D2FEF943F7897ABBEED
:1013D000485704BE624DDD3E6AE1893E428B93BEB2
:1013E0004F42F53C226A8BBE53467F3E2738E3BE10
:1013F0005A2E233D4397123DDCFB153E34D222BDCD
:101400004456B6BD7C9A01BE289839BF56DF503E7F
:10141000D55FD2BEE932463D6DD596BED249ED3D8F
:101420001A05443D30F31D3DC38330BD8A4EA43CB4
:10143000CAEF663D48C181BD527D3EBE7CF3C4BD4E
:101440005BDF0B3EA733363D49AB163EFE714DBE0A
:1014500029A08FBD5BC806BC413A713B6C7683BB4B
:10146000B9DFFD3C5FC12ABBE8AD7E3C83D3B1BE92
:1014700029CF1C3E7D4608BE6ACB4E3E3B178FBE31
:101480005ECFD53DE77B2F3C70A93F3D27E9953DD9
:1014900033BAF13CC43FAD3DF63EA1BD722A7BBDDF
:1014A0007D93AFBD0A0F8EBC21B8283EFD38FD3DAF
:1014B0007EF863BD383C6FBD4D5A313D5B08A33C9F
:1014C0002DD8E63B914E323D32A2ABBB4AC0C1BBE8
:1014D00052DEFA3E862F933EC63E873E495A483E2C
:1014E000AB8F85BE715D0D3E91EC33BDC380943DE5
:1014F0006E73E9BC300C13BC0DA369BD184C2D3DB7
:10150000B9372FBCF17AF0BD0651EDBCFF088B3D19
:101510000F0B5D3E2BE15BBD533F2C3E3990ED3C04
:10152000E75148BC96679B3D41BE4A3DCC92A53CE5
:10153000B2052FBDBA27053F262E763E40BFF53DAA
:10154000AD4E303EF0917EBEC4761D3E087DB03D6E
:10155000CE7DEEBC994A053B017181BE5C6637BD0C
:1015600064F2C63EA6ABAFBDD774D5BEF308CCBD02
:1015700060BEBABE788ABB3E7FE049BD31098C3C73
:1015800015DE63BDF5548D3CCFB2243DEE0DCEBCCF
:1015900098BFE63C69620BBCADD9D8BCD3CF9ABD2D
:1015A00014700ABECEA78F3D58744FBE879E8A3DE9
:1015B000764DF7BC97A0A23D838451BC934E55BE97
:1015C00035ED41BEE92B5C3E4B86373E80348DBE07
:1015D000CD400CBE729C2DBF6CF10F3EB1E7A93D12
:1015E000CAE10F3ECCB079BC5E4624BD4E801DBC26
:1015F000E585BDBBC298A3BCF4EE603B3816023F44
:10160000662B53BB6B27D9BD9D60DCBDA59C393EC5
:101610009D47FD3D349FF0BCD1DA553AC169A0BD6C
:1016200097B80ABEB5776EBDF4D1283E4B09F73D99
:1016300098038C3EFFD7FC3DF0F3ADBD86CFF2BDE5
:101640008DC5C9BD4A77F4BD6FC80F3C6E79393C72
:10165000604637BC1043A5BC0B72DD3CFCB21B3CA2
:101660003DB3303FB5801DBE0C728B3C0BAFCABB87
:10167000E5CFF53D0EB6013E71AE02BC06D184BD8C
:1016800072953ABD85C293BD0D298F3DFFEF7EBC9B
:10169000FCF4DB3DBADEAB3D7A78CB3C9238483D7A
:1016A000894C2E3E485C613D240F1FBE92CCDF3C2E
:1016B00036D21D3CCBEFC2BC030D2CBD489E513C25
:1016C000FA075EBC1E9CA83D9278383E6BB8143D6C
:1016D00012E17EBD93D4223E100BA93D577F9C3D65
:1016E000572351BD4F5212BEDDF95BBDFB3E153D88
:1016F000EFBF9BBB5F810D3E4E74DEBCB516F0BBE9
:10170000E2BFF63D00A36B3EA384EF3D931FFF3B7A
:10171000EF26563C13FD763C1102FBBBE8E5A8BD65
:10172000421ED63BB3F217BB58FBC0BF72A8223D86
:10173000329CD2BD21CBFD3BA2F5DE3DE076083EDA
:10174000E1CAF13C8A9643BD85AF1ABE29E80ABEBC
:10175000250CE7BAAA2ABF3DBBD8153E4168C2BDD9
:101760001717B3BE7B8DB43ED292153EDCB04EBD92
:101770001B78193E1F87663D3D37013DB76DC1BCE3
:10178000B47C07BDB741D0BD91A361BCFC4CA4BEE5
:10179000F8C920BE26FE89BEAE47183DE2936E3ED4
:1017A00040D4B73CD69B4A3BCD4FA8BCAEC1563CBB
:1017B000946CD8BC55DD563CFAD102BB26588D3E00
:1017C0006381ACBE4D5401BC28441B3E0E11A43DA8
:1017D0007EAC5DBC11AC98BDD53D3D3D51F9F5BC2D
:1017E0008D2848BB998994BC9DF1993CA50A6BBA98
:1017F00017EFE2BE1A21D93EE449443E74F5AB3DF1
:10180000E146A93E019A3A3D325C323D30AC09BC1A
:10181000DD21DBBADBC3FF3B5A1E4A3E50702C3E33
:10182000B45F32BE36EE03BC010B893E53EF9F3CE2
:10183000E5FEA63D8D8BB4BE875711BD6968D2BC4D
:101840008CE737BB3D17D03BF53B063D2DEFC1BCC8
:1018500088F2473C762636BF5F33E13DA435753EBE
:10186000E6D2533EDF8EAC3EE41D51BD2A85B43D29
:10187000D3D68F3D74257D3DB80D953D00B9D43D3F
:1018800070DECA3B76B87DBCC43FAC3D5691283E65
:101890002116CA3C2EA04D3E17C994BEDB92223DB4
:1018A000B25F563C6C778F3C640D553DED0C4A3B66
:1018B000BF0834BD2A5C043DDF2716BE8E27753E67
:1018C0004410DB3E95714A3E44B1C93E7B0F873CD4
:1018D0008BB6713D12CF063D2B35D8BD18BBFA3DF6
:1018E00006E791BC7309293E772E56BD1693023D3B
:1018F000D4DC4CBD5AC7F53CC2F2523E21FF353D07
:1019000017ED04BEB781383D1355A9BCF15DE33C2A
:10191000025982BA14F299BCC48C04BC6846673F71
:10192000F652803D1BF280BC9832E33DF8F0F53E64
:101930006DF5093D95B2103DFCA9B2BD1FDB72BD2E
:1019400077650C3AC79AD23CEE31703EF955A93D05
:101950003EB143BDD7B89D3DBE54483DAA6E6C3DD7
:101960005771113EC76F32BDC575273DFB60C3BCC3
:101970005A271D3CF2A1693C0D7C5CBDE95DF0BCC1
:10198000277A4A3F29EF053EF60231BE3E551E3EFC
:1019900015EACF3E50A24CBD749B8ABDCE81FD3C62
:1019A000ADA92ABCC302C8BD934AD9BD4BE7323E9C
:1019B000B087093F31CA6F3B30F50F3E47CDCABCF7
:1019C000E230D8BCDF2313BDF7E2EC3D560C443DBA
:1019D0000205B9BBB76302BD0B3AA93CE071E7BC95
:1019E0008E9B293DA5C8D53B8139CCBDEA86073EF3
:1019F000B69546BE0AC7A8BD96B9FFBC353DB6BD73
:101A000064EF31BA88BF123DE9D80E3E1E3780BD63
:101A1000C9317ABD370E213EACAEBF3C40A0D23CAE
:101A20009CF0B4BCE61FD63DB7B5363EAB43AA3DED
:101A3000808E413DF303793CEBCF993D9FC257BD6A
:101A40003406C8BBD48488BD982258BE793FB6BE40
:101A50008493653E8C9A50BE36CB14BEF2286C3D02
:101A600023DAF2BCD4E48F3C3DAAEB3CB5BA56BDB8
:101A70003ECFA4BD20089A3D44B2CDBC06E4A7BD2C
:101A800077BEFCBCE0E9AD3C28B66BBCBC0536BEFD
:101A9000BD1F5ABD56DF793D3F7AC3BB36F92E3D97
:101AA0008C2819BD3983A33C17D71BBD6011FFBE1D
:101AB00032616EBE27934C3E96373FBE3C8E01BED0
:101AC000C1D26EBDB35FC63BEA1F983D14DE60BD58
:101AD00032F88ABDFC38593CA002393D712A1EBD3E
:101AE000947DC33D0D3D5D3EB16CF8BDE7E42EBE77
:101AF000A2D7C3BEF57B813C4925903A2AD8E5BCE4
:101B0000EC9FB13C2FCB50BC013E423C9A7B3DBD8B
:101B10009CEC55BE5659F8BCB32E3D3E2248D6BD6E
:101B2000E727ECBDFE87A13D989A5C3DB0F72A3DC2
:101B30004BEBD9BD2392E63D096C4A3E2D0154BDC5
:101B40000D745ABE671E163EDECF923EBCDEFA3CD6
:101B50005938CBBDEC7FF5BEF3AC3CBEA2FFF9BC5F
:101B6000DE5BADBC4D299ABCD534823CB2D503BCFA
:101B70007F472B3DCB389ABBC61C203C3B37B23E3F
:101B800069F024BE37469CBD060468BDE7701D3C65
:101B9000A875C63C417FAFBDE13A053E284F983E4F
:101BA000462C553CED27CABE703C2C3E26476E3E67
:101BB000D5BD1DBD3AD4CBBCE5E2D9BE9962C33DCB
:101BC000BA4B20BD781806BB36DB6E3C6AA9AE3C2A
:101BD0004496533D571105BDE716D8BE39219BBD2C
:101BE00021163C3B6D1F9E3CA21E51BEA7522CBC31
:101BF0007FC89DBD4C972FBD0B3BBD3CCCBF173E56
:101C00008E906ABD7B091BBEF4AB1B3E364C043F75
:101C1000DB13A63EB3AB333D83E678BED7C333BEFA
:101C2000079D8A3C9DF4803D75D6063C064525BD42
:101C3000421A83BDB9AE523BB02664BC51791BBE7B
:101C400089AF06BE7314843D9B820F3D1E6D48BE56
:101C500069948DBD180C81BD4D8E1F3D9065A23DD0
:101C60005E51AD3DFA74483C6B2123BC882B0B3E82
:101C700021B58D3E20CBE23E60F310BB56990ABDE4
:101C80003B5624BE8F59F5BC4141343D189D78BA6E
:101C90001C044CBDF9B853BD0232B6BCE801BF3CD0
:101CA00068D15A3EF67DBFBDB183C3BC4F237F3B95
:101CB00013D157BE518704BDD9549EBDB2C657BD7E
:101CC0007E474A3C27A5883DA1B0633D288844BD96
:101CD0007BAD023EEA75C9BCB7ABC53E61EE7CBDCB
:101CE00040D45A3DD2072CBECF3E4ABE1933C13D27
:101CF00093AD913D84161EBD83E30ABE16B9353CF3
:101D0000D273CD3CF1CC3EBF718F64BE14ED3CBCB0
:101D1000291552BDC03329BEEF6BE4392C8A853BAF
:101D2000113BB0BDB9B08C3DB9ABF1BDA74EA53CE0
:101D3000258D7D3DDAD6AEBCD2254FBC9F74F5BA59
:101D40009BEF6B3E4E558E3E5E54AABC9B969BBE4F
:101D5000B415D93D4E83EF3C0AE29EBDB1BB03BE34
:101D60006FAEF4BC8EA60C3C80258ABFEBFEEA3D2C
:101D70006F0A443E40B1C7BB902986BD4F4E70BD2F
:101D80008BD3983CB4D8B3BD9A613AB950E2BCBE8B
:101D9000BA547C3E5C83BB3EBFB622BE57A8513EC0
:101DA000249E34BE8ADD893E47A4B03E34E3ABBDF9
:101DB00078CAACBD2B7E243DA71C42BC0EB25B3D55
:101DC00067213DBDC0142A3CD919703C202EF43C3B
:101DD000F6EF4A3EB1682BBD1BDCAD3D446B843E43
:101DE00014AE6A3DCDB1A4BD8047893C8BEC263D45
:101DF000AC7E3E3E78E6053EDF670ABDC34F38BE87
:101E00008FAA90BE01AB133D0714AEBD287D243EC2
:101E1000078064BED83835BC093B0A3DADB9E3BB89
:101E20004CF9A5BCEC2991BCF97BA5BD88B1C3BD1B
:101E300001A602BFB4A7183E93FB163C72D6AC3C79
:101E40003637A63EA3DE30BD04531B3DB4D927BDB3
:101E50000A92BB3C52E19FBC5EB80B3DAD00703DA9
:101E6000A48790BE75653E3D61B656BE8CCCB8BCAD
:101E7000F79E653D02755E3EA7C5163DEB9E303D63
:101E8000C766A73C22C263BDE8D73ABD0A95CFBC5E
:101E90002855B2BDD3E8F8BE8A17C0BD6E27E93D0C
:101EA000005DD93DCAD6B23E39161D3D0CB0773C17
:101EB0002EE4D1BA988989BD4BA2D33DF164973DF8
:101EC0008BDE5ABD7614C0BD5992813E1CFC9EBE6D
:101ED000B6C2DDBD41847ABE584B613E6289D6BD33
:101EE0002670013D21FD0CBD618556BC1F64CF3CB1
:101EF000E329D437F3F995BD0693F63CE5D6153DB5
:101F0000E526763E801136BCED8C833E2FBE463DE5
:101F100097BCB2BDD116853DCC135E3C7595163E7F
:101F2000332B83BC6F2726BD8C7BC2BC32F6A23E0E
:101F30001DDC06BFB86CE8BD84CC92BE489FEC3E69
:101F4000EB2880BDBC411CBD6F8774BC9129D83C77
:101F500040E9013EAA8E043C13A6DFBD308ED6BEFA
:101F6000D84F8CBEC02E1CBE8B43073E450A643E34
:101F7000C55EB9BDF351AFBD11FD7EBD88EA9E3D82
:101F80008541CBBC1B99673BB661EBBD75A83B3E59
:101F90004005203EF006F9BE0C68CFBD428D5CBE08
:101FA000FCAAEE3EB16AA93CB50307BD7B0669BD3C
:101FB000CF3EA43D402720BDC968373DA11C1A3C37
:101FC000846BE03DB3CC003E5D4E87BCD299E13CD2
:101FD0004344603EA5583EBDBA0F22BD9026B6BC14
:101FE000B3AE97BC9123233E76D937BD610491BC33
:101FF0009FDA4A39BE464E3E4AC86C3DB3CC8CBDD2
:102000001F5098BEA5D4A93BAB0C5D3DA17806BD81
:10201000E421DBBB0610883CB9380C3D06BD273CEB
:102020000E14A1BC7E78433E7446DABCF1CF8EBD5F
:102030009CAB803D21E33A3EE75B40BD039A3E3DC9
:10204000AAD99ABD758D02BDE8DD493E351C0D3E0D
:102050005D5B683DC4A5823DCEC5883D1EF94D3E01
:10206000E15CA0BD204996BE9D23B73D18B48DBE4E
:10207000BE89013D4258ECBC2DFFBEBCAE3FB4B999
:102080002BAD9BBD0A01373DFF4CA33D819AE03D3E
:1020900072CC473DB528CB3BC723273E5F5CC0BD14
:1020A00066786FBC79DA48BB2A7173BDF3E426BC4D
:1020B000DAA375BB39BF103E19F69E3DC1B0373E5D
:1020C000913D753EBCBED53C96E989BECFE69D3DAF
:1020D000DD36233BF83B81BC2616973C43CC673C5E
:1020E000986C363D783F9DBCEFED67BC010F7EBD1F
:1020F0000CF6B03D49AEBB3DEA05C13D42514A3EFA
:1021000036CBD2BD86A6B5BD438538BDC57B483D1F
:1021100051F7813D141EFD3DB2852C3E1766863D6C
:10212000657E2B3E74DF883CBBFA303D9E5B8FBEE4
:102130006592C3BCD7B4AABD169F13BBE300053D8F
:10214000C5D4A1BDB0AD593DC413DCBC186C0EBCE8
:102150009006033EE864AFBEF68AB83D4095153D53
:10216000D59F523EAC0B8BBDACEF2AB9BB6490BC83
:102170008B374C3D3D7A2CBE9F6DBA3DEB645D3E86
:10218000FDA69EBD82BB1E3DB5D78BBE9DD25E3DDA
:10219000B4FB04BE81570A3E6180913ED10EA03B44
:1021A000F7F61B3DB62222BC63C00A3DD238B83DCB
:1021B000C284A23CA450873DA8DABD3D9D8E333E2B
:1021C00086A68CBD1D5E89BD3BCE043CCB44A53D9F
:1021D00011C98BBDEE6E4F3D17ABA33C5A4CFB3C77
:1021E000599CD7BD620F16BE98399CBD6A3489BE12
:1021F00069CD9BBDF90071BCBAC8AC3C8C4380BDB5
:102200005F7986BDEBCB8EBCBE17193D9E3F8C3CE3
:102210003C039EBC37E1C2BB1FE6023E87A1CE3B1A
:10222000A75E4B3E2E9E8EBCA0D4AABDCF8FB93DDB
:10223000DD0A193D7C5FAF3D5C9861BC7654883DFA
:10224000F736B03D2CE56FBEAC5F09BD26AF2CBDA7
:102250002BE72DBE1D37AA3DA7FACABC20F63A3C93
:1022600013E111BE52B6CCBCB41ABF3A8982CC3C41
:10227000AA2BF1BBC2A1613C6B13383C16E5983E1A
:10228000ED3D073DAE4893BB3E1598BD08BCC9BDAA
:10229000350BF53C6231E3BC9E20B63D06C1C9BC9E
:1022A000217599BD5A60B6BC0D1A2CBE82BD51BDB8
:1022B000E315B7BD91C2B0BDF83D4F3E0C1717BE38
:1022C0005CF19F3D63CB8DBEB4D8A8BA6B92AC3B9A
:1022D000F18C5BBD3F53E4BCF73CB5BC4F923D3D38
:1022E00050DCEDBEBF15B53D176EDABE45612D3D24
:1022F0004995C9BDC517343E5049593DEADA35BD47
:102300001A32C5BAAA8029BED0AEDABB6ABCE5BD16
:102310004ED601BE27B1C0BE924E48BE60B6F43E56
:1023200007F8ECBD1943803E3C4DBDBD3278C7BCBB
:10233000FAF2343B336F90BD80B7ADBCC99B0A3C09
:102340009684A33BA589E9BEA042893E591931BFB5
:10235000D6D2FEBC6BEEB1BD7C300A3EDAE8B9BC29
:102360000274F73C8F96AE3CC8AD26BE59021C3DA8
:10237000B6729F3CB88FB4BC1E8D87BD8CAF12BFA8
:102380009034653F6C45DDBEC8C8E43E15646BBE45
:10239000AEBB30BD08600FBA44BE61BD57049F3C60
:1023A0005864E5BC86D66ABCF8D0263E6212753DFC
:1023B0002FCB883D03F6D13D42CB6FBE8E58603E99
:1023C000919011BD2EAC97BDB97BDD3CD23D9D3DBA
:1023D0002238E93D582DF2BD3210213D4FEF67BD47
:1023E000837712BDADAB71BC42ACC83D3E918A3D16
:1023F00016F4103E9581B83B3D59F83C265FBCBCB5
:102400004F660C3CAE49C4BC0793DFBC96E191BE5D
:1024100001033CBE921ED2BCCAF3CD3D7BE36FBE2E
:10242000BD6C3F3E51E7CF3CAF062BBD2561AC3DB7
:1024300029084F3EC9F4D73D9E3E52BDF9D5693DAE
:102440007F7BC6BD1468AF3E9F43113E1D6EAB3D02
:10245000CECDBBBE93C203BEAF78193CC3996238E0
:10246000DDBC943D991553BDF50F6E3CF3001EBDC8
:102470005FFA09BE4B12B43EEA66B8BC29F96E3D5C
:10248000422C3DBE1E177F3EDD6716BD8300403DDA
:10249000B9A983BD8E4FA43DA4D8CF3D802181BD75
:1024A00007285F3D8B5B88BCE66CF03D3B25E0BDBB
:1024B000C451D2BD549A1FBEDBF0583E7EFAA3BD74
:1024C00049EA273D1B0CE5BB9A9AB83D885490BC5D
:1024D000912D81BA34BA9A3D5047D73C4464873C29
:1024E0002753C83D4D3F16BE78B6793E6FA82D3BA9
:1024F00021AE903DCE85DB3CB6B84F3E68E78A3DC5
:10250000FA9ED8BD3849183CF4776F3E5D666ABDC7
:10251000A631D9BABA2342BE2656B3BE905EC0BD1C
:1025200040C0E0BB3CADA5BCB624723BE71F26BC57
:102530007AEA7E3CD60D673DE18AE13E0295543D44
:102540003BEF033E5896033E8D93B8BDF04B363EAD
:102550005C209ABD9FE85F3BE3B8533C61C5A13E58
:10256000A45F11BDF5D589BE81D4E53D04F2B0BDAF
:10257000D1901CBEE99A8A3B13D1B1BDBCEAACBD77
:10258000A3C8B83DE9CD19BC44F7AABC3E6AB0BBAC
:1025900016B1F53C879D533CEB816CBBDE707DBD75
:1025A000AD09D63DD52AABBD9F28F03BB4DA20BD9E
:1025B0003D1DB1BD770EBABC7686933D62E07ABC14
:1025C0002A0A683DF2516D3DA8C97C3DA67783BEBD
:1025D000BBCAE0BD6F94CF3DC19827BDCBB9143EB7
:1025E000A3D9D0BDD5808E3D06E5CDBC0DE30C3B17
:1025F0008E44A0BB4639803B1420853CB391D3392F
:10260000A98781BE220E84BD60B7CFBDB63E9ABDFC
:102610003C12F1BCCC044DBD8F13A4BD02D48B3D44
:1026200071BC0A3CC2AE5DBD9D99AA3D5BAEE13C6A
:102630003BDB88BDCE9D803CE7CD4A3DA8FAF03C0F
:102640002386D73DB6B076BEA556063EC8FC45B833
:10265000FDF0A93CE3F985BC4B1DC33B79BB3B3B7B
:102660007A95033B2F95D7BD7DC383BD7AD1DBBD62
:102670005F91963CB5FA80BD1E65B33C2780FA3C5D
:10268000BED369BD4294833DA4B4FBBCB3DAD53D4F
:102690005843EB3C61942DBD8785683D6EBE38BCC8
:1026A000E542C83BF245DC3CF2EC53BDB463D03D9F
:1026B0008B89B53C7D69653C62341DBD3A718C3AAD
:1026C000671E16BCA6EF2F3DFC0AFABE82E16ABE69
:1026D000C4ACCE3EBBE281BD207795BCDA433E3D23
:1026E0001D83C5BC3CCD723DB367CA3D174D12BDBD
:1026F0003F2507BE11F34B3D35EFBBBC0426143E0E
:10270000047225BED21F133E3778083DAED46D3B10
:10271000B97CA6BD15910A3D5A24213CD51880BB31
:10272000F5B150BCB39980BD1AEBFD3D37FA8E3F31
:102730006E135C3CC3148A3CCA2217BEC48F5CBDB6
:102740003C7AC0BD674EA43D85F6653DB80F5D3C43
:10275000613C383E3F1C6FBEFBA654BE3B58193E41
:1027600062F5053E2BACE73BDAC1353E57AC76BE91
:1027700031FBE4BD65E955BF54F3093CBBFDB2BC78
:102780005A101E3DF3E0F7BDFAC2073E477ED7BDA3
:10279000CF4492BF942A29BE012E2D3EBF7A3A3CE7
:1027A000635D34BDA6EC01BC39EF6C3B7DAA54BC23
:1027B0000668B7BD527C473C6C8580BD8BCECF3D53
:1027C000946C403EDC6280BE93B7FD3DAC1ED5BD2F
:1027D0006E311A3F3796493EAB9CB53E37BBBBBC0A
:1027E000858F153C42EA423DC92F053DCED6D1BD6D
:1027F00004C1033E9716093EBD9E123F98FE623EFD
:102800003346D23D6BFF2C3DBE73B0BA9EF45C3DA7
:10281000D89E84BD42EB1ABE2F85063DA2FE8C3D9C
:10282000F60B433DE4E7903E48B78C3DBFC994BDED
:10283000D281B03DDE6A66BE2FDD3CBEE62B02BF14
:102840005C8C1BBD8A7D993B421F1D3C2D7A58BD77
:102850002E56263D7929313C2DE19B3EB3A8403EC2
:1028600074D370BDCDC53E3E8604233D595985BC09
:1028700051410CBD7FC8453D44BAC2BDA881B1BD20
:102880002CD0C7BC0FC7073DBD7D5A3E1FAB54BE01
:10289000EEC0D83DA6DACEBD47ED76BDA62F94BEDC
:1028A000CB370EBE1B4625BD4767343CACADB6BA30
:1028B0001C8816BC97D7B73CD523FD3C4DB1713F62
:1028C000938890BC87E59ABE6CB088BC2FB6203C3C
:1028D000B164AA3D5688A33C98242D3D145FA8BD41
:1028E00019A6D23CB0C109BD0109CA3DEAD0793E62
:1028F0002A49ACBE9F437CBE3DB7ACBE9A99DD3D34
:10290000EB4E0EBE32A34DBD398DC43C1E6A9A3BC0
:10291000B557A1BD686F83BCA9E4D93C4A923ABCC3
:102920005CC1973E5DA8C93D257FAFBE40081EBE75
:102930008EE9C5BDD07DA13DEF184A3C650495BA2E
:10294000E499FABA677C7DBEEEDD08BE2788B53D06
:1029500076A0443ED5999BBE527092BE6D8C1EBD32
:102960000E03BF3E6B99D63DF4D2163EEB84BC3CC1
:1029700052D1EC3C9F13A4BD505BF93C74A757BDEA
:10298000BBDABD3CFB0D643EC2FD68BC22F676BEE0
:10299000FC8ED7BD092FB5BE12C418BD8A0CEA3C07
:1029A000914D9D3DEA6A2CBD04C7D23D31B1213E17
:1029B0009F5B51BD1FFE14BE93E7073E7FFD103D98
:1029C000D3965FBD440D903DF2696A3DEFCB293E41
:1029D0002132DE3B00350EBC3A20753CDCEEDABB22
:1029E000822D2F3D7225E1BC3702D9BDF0C2DA3D00
:1029F0006FE89CBEE46725BEED097FBE01C6583D69
:102A00005799503D644E23BD819499BDF67F4C3B50
:102A100075E49E3D5805233D872763BD297145BD5B
:102A2000A9AF273EE829F03D0F9B323EB2B7A93D42
:102A300020D7EE3B7593B93DC17CCEBBB6CCAB3A4B
:102A4000F78958BD4100353CB43A023DABEB27BC99
:102A5000666831BF28F656BE7E2F6FBEA2FC65BEEB
:102A600092CB30BD491985BD653BE53C9DA1EC3C51
:102A7000F46937BD62BE643D208D813DEEF610BD28
:102A8000D5E5E0BEC1BA09BDBFC492BD51E7053F5F
:102A90005019AC3E39D8C2BDEDF34E3D7F140D3C0C
:102AA0004CF7D8BC41E49BBC870B40BC2A4C543D3E
:102AB000A729EABDE02BC93D517255BE69F486BE17
:102AC000668344BEF23187BD213190BDF6C6C9BCD4
:102AD000EEFB6ABDC92CAB3D409F54BDC1D9A8BD1A
:102AE000F60E8CBDC5A7403E74DCBABD237EBE3D4C
:102AF000672A93BDF13C95BD9E3B97BE1E5CB2BD5F
:102B00008712FF3CD56AD4BB930D823D5B88B3BB73
:102B100008C69C3BF7A70CBFC1C5073EFAE927BD15
:102B20009C0062BEEEF00CBE4C2E0ABDAB956ABD99
:102B3000C042D0BC5B866F3DE02DAF3E2A4BE03BF0
:102B4000A98DDFBECACA1CBD25DF3F3E493B063EFC
:102B5000D7DD4EBDD69C163E8BC8A9BE34D16DBE06
:102B6000709FC7BDE6BAACBB5F227C3B0D8B813D3D
:102B7000F3846D3B0F37CF3CDE7B51BCAB9D103DEA
:102B80008819213D1E7986BEBE6EB8BC8A1CCFBC9A
:102B90004B014F3CF88EBA3C35BA113AFA42803DAF
:102BA000E4C571BD952A24BCB710E0BC0891B3BE42
:102BB00065758A3E94CE06BFF284083FF5948CBEBC
:102BC00002181D3F08C814BD459F85BDD01F1ABC03
:102BD000FA63033DB9928B3D6136A73DA4C99CBD04
:102BE0003F41A93D44132F3ED9E91CBEDB7B2DBDDF
:102BF000214902BE67156BBD4E89CBBB002B8ABD38
:102C000046D40F3DCB5F013DEA77F63D0B46A93D2B
:102C1000348A47BE2492A43D2DE8A4BCDEE3A03E46
:102C20000DB6C0BC8C667DBC8B4C213D216F16BCA3
:102C30004A4C6ABD8E1112BDC47A76BCBBE1D0BBD2
:102C4000695D053E4AE4423EC393363D86314BBE44
:102C50002EE58A3D50CB0CBEDCBCA83D138EB3BD27
:102C600060DF12BCE09C513CCD0EAA3D8DDB723D75
:102C70009384DD3B0F43323DC07426BEABB5273E87
:102C8000949A843E05ED793E0522F6BD6541AA3C45
:102C9000B22DA33CA6EF92BDF9E596BC3EB5E7BACE
:102CA000D1C2BA3D1A43EE3CF26699BD030CA9BEEF
:102CB00002C005BE30FA873DDD0994BDAD36473C04
:102CC000D046B23D9ED0EFBB3EA0C33DAFAE093E65
:102CD00024C98B3D9D56333D73E1343E6B471DBE89
:102CE0009E53913DD6CAEC3D7B43A43E7CBEE4BDE1
:102CF0003B730CBD4BD9AA3BF64880BDA42056BD02
:102D00000DBB9C3CB8F9AE3D64D1BD3D46DEC23D35
:102D1000A9DC83BDDF05F6BDC5FB663DEF2EF5BD25
:102D20006C7ADE3CF57B2DBD6EEA9F3D6EE3553E31
:102D30005BC03D3C79285CBDE1E90E3E95952F3E98
:102D400044CE94BC6B17183E7E16023E0249163ED6
:102D50009BCFEBBDCAEBACBC9DE68D3D703749BD4A
:102D6000D4F34DBD1EA6CC3BE2E6843DF931EF3EE7
:102D7000D4B667BC6B9F2ABE4AF00BBE6C05C33B42
:102D80001626E1BD20C53E3D170B39BDF8F6ED3DD9
:102D9000DAEE89BDF9E1E9BDF9191CBE1DD4B7BD54
:102DA0001B95413D0E8E9CBC8644EEBD159B10BE0E
:102DB0000BF4B5BCE8267FBDAD6AAE3B002BABBBC8
:102DC00071AD8CBDBEC73DBDC7505B3D4168533D35
:102DD00083E6C03E364C983D27C7A6BC8A6390BDAB
:102DE0000CD0803C3F8F2DBDADE7C63C2D011B3D77
:102DF000E9B85D3D30D6063E26E21FBECC55EDBD9E
:102E00002DDB0EBD5522953EE5ABA1BD7C58023FA2
:102E10003E4FC9BE0057033E6E4204BFDE1D853DD6
:102E200089DF813B0E053F3DEF9B49BDAA95863B5F
:102E3000D68CAABDAC050A3F93F7EFBEBE6B23BE8E
:102E400020F0B9BD9EF1E83C9CD426BD9C16ABBDDC
:102E50007556FBBCE3E4323E087AF73D7A94A8BD90
:102E6000E01047BE2363CDBD4E5F0FBEEC5697BD4D
:102E7000C4663D3C9034B33DDE9A003E19B1B83B88
:102E800096BCE13C82B16ABC780489BC165D80BD09
:102E9000772C253D5D11613C021A803EB51F093E2D
:102EA0003E9BC6BD8780E5BD7C7A7EBDE5BF87BD04
:102EB0004DD7573D909DFB3C7B69493DC34164BB69
:102EC000103023BDD88188BDC3F8D4BD5211503D08
:102ED000744B22BE591E2FBC066BDC3D8AD6BB3E0E
:102EE0004024CC3D601EF4BC90EA883CB614913C72
:102EF000948A10BD0335C73C97AF67BCF323C93E26
:102F00008413ABBD0D1959BE464A1BBE14A15CBD4E
:102F100039D683BDB1A88CBD9D56D43C66B9E63D7B
:102F20001B5721BCAE0C02BC496EC3BD1F8516BE2B
:102F30002DB84BBDA1B068BC3AE2DC3C033BD5BD2B
:102F4000D6019B3EFB87133E4CA81F3C4CE70ABCB6
:102F500022BC263CEB49A2B9A1F0B0BC675B11BD15
:102F6000F076A5BE9A8EDFBA03F7D1BE274AA43DFC
:102F70006591FDBD6939B63D6E0AAC3DE7BAD13CFD
:102F800092A09E3D134E6DBE70FF82BBCCDE1A3EFA
:102F9000DD74A0BECC0E093E7EDF25BE9DC6563E2A
:102FA000D1EA3CBEBF28063EC1C8A93D7817373DCF
:102FB000A4BBC1BBC04E31BC7EDC20BC32712FBA79
:102FC000235D4EBD1F8699BE0E9D913C5A1068BE72
:102FD00052FCCD3CD976B5BD9C4CD53D5F9D9F3B09
:102FE000A0646BBDA8058EBD09132FBEE6BE80BDD3
:102FF000DA8792BC6FF087BEA9C9A03CEB6F2ABEEE
:10300000A152053EAB8E7FBD2BE4E13D36EE61BEA5
:1030100022D9713DB522D23C566FA63C85C2FBBD7C
:103020009D7554BCDC64193C64C533BD53156A3EC0
:103030005B9CAEBDB28B3DBDD2FAAFBDF115EB3D91
:10304000760D6FBD64FFF23C0E3604BD5B3F5CBE87
:10305000DE26823D7AC8483D31B5A1BE85C2D83D45
:10306000FAABD93D869EE53D0244BDBDF0A6AB3D21
:1030700011CB3EBED6B306BD42F82FBCDB34533D68
:10308000EC3841BD7236403DB75C343C0FA9673F18
:103090000FDCB3BE1DAD43BD43352CBDEBB641BD0A
:1030A000AAA4243C0E137D3DD0EB90BC349363BDA9
:1030B000732791BE8D1C2D3C973CFB3D4F774FBE37
:1030C000F47237BE1F5F103FD4D55ABE874AA9BDE0
:1030D000DB59D0BEA4DA05BF01D4C2BC66CC143D16
:1030E00027E5863D3CD682BC2A69883BDC4D2DBD58
:1030F00026D21D3F83CD9ABD0171543DAD5F343D55
:10310000A19709BEBB54CBBB4CBAB3BD7E71A7BC63
:1031100096F9ABBD82CA41BE1514103D5CD2BFBD4D
:103120005F807E3D6F47BB3E67E2203FD5BB1D3FC2
:10313000E51C1FBED926BEBE1BDB5CBF99E4073D64
:10314000AC2A73BDC88851BCC623953C346F853DFD
:1031500025532CBEC284323F2518B53E1FC99E3E62
:1031600038A284BE10EE313EF1F59C3D683C973D9F
:10317000DDB7933DC79DBABC809368BD0F62FDBDAE
:10318000FE87C7BD483A713C114937BF5A2A78BEFD
:103190004B9C71BD6F02983E9DBE90BEB60AD93D54
:1031A00002B8CCBD3327513B8BE54CBD3E6B5C3E3A
:1031B000E71D0ABD1A4B033DBC05343F00D2E73E74
:1031C0002B43B23DB2B249BE02648F3D1FDE6D3D5E
:1031D000DF636C3D1832053D3446B6BDE30675BC71
:1031E000EA7644BE4A5ABEBDC1CC473CB637C9BEDA
:1031F000545E073EED775EBEDFA9CA3DA73638BFF5
:103200000645F13DB730D2BD3AED843CC80487BDD8
:10321000A7D9773D224CB8BBEC1EE43DF71C593FC3
:103220000984E93EC06BD7B9EA5C25BE53DEA33BF7
:10323000CD17193EB4E4933CAE30A53D98DAA9BD54
:10324000FE1E9EBCB4FD89BDBF300CBE67F68CBDB2
:1032500085F8A8BED73A883EA827D6BCD1CD0FB9ED
:10326000C8F81ABE4E8D92BDC101DCBD942D5BBD68
:10327000B0A4B1BCC91EEEBC02D0DD3CB725853D73
:10328000EE759A3ED7F7D03E9A2441BE8BF33DBEF1
:103290008A66713C70BFEF3BD1892B3D5A68083D6F
:1032A0004914C8BC10D205BCED58023E271B9CBE79
:1032B00014CC32BE4330CABE7E27113E86331DBEBB
:1032C00032E64C3E4959213DCA33B83B815E1ABDB6
:1032D0000F2DF53B4BE307BD39DD03BC66F318BD8D
:1032E000A54B943DA9A80BBE7AF6483EA4970FBF04
:1032F000089825BEC4340ABE1C310E3D72ACA33DF5
:1033000033EFB13D04F84ABC973292BD614F433E62
:10331000D653B0BE0D8BAABD59FFADBEA92C4CBE75
:1033200087AB8E3D8205083D8716163F3D15CE3C86
:103330009175843DFC36113C3B43AABDF5C578BC74
:10334000546333BDEDE3483CD684A6BDD200FBBD3B
:10335000EB1EF23E2220DBBE985688BEFA608CBD82
:103360009EF2263D157A993D68BA0C3EA68D073E21
:10337000199F133EC96F74BCB68CE0BD8C5A833D57
:10338000DC13D9BEE2B9533CD767F03D3B9B723E9C
:10339000F1887B3C36B3743D6A1DAEBB760E003DB2
:1033A00071D0FBBCAB19DEBBB81E553C037B04BC23
:1033B000221338BE0422003FF60CB6BE89BC8DBE77
:1033C0005458ACBDFC8F963D532E38BDA831CB3D33
:1033D0009C10283ED8D1C83D2A1C2ABD247989BD1D
:1033E00023CED73D6FFC3FBE2DE98FBDEDDC103EF7
:1033F000B79C8F3C9DF4EBBD818F823C1BC83CBCCD
:10340000C43F813C4E01EABC0F41553C3812A03B01
:1034100025CEEDBEC89FA9BC825CD73E0C57C8BE66
:1034200098D19EBEFCE44E3CCC5DC93C25249EBD9B
:10343000FE4E173EEB4C6A3E028C8F3D8D990DBCC3
:1034400014441BBE1DFDAC3E259322BDF776D3BDB3
:103450008C906BBDCA953E3E8B264ABEFD22343D04
:10346000601166BC86763CBC9CC7463CDDD80E3CF1
:10347000C9335C3D64FFD5BD2E1177BEAF2C8C3DAA
:10348000B31BB5BE8CDB96BE3BF0363D8BCA8FBD01
:10349000C5ACACBD6635583C88660C3EA9293CBB22
:1034A0009F1C29BC434C7BBDB39174BCBCDDE93D82
:1034B000D94F0A3D7464973D45FD413EDECC333E15
:1034C000DA601C3D4AF429BD1126AABDCE9F5A3DA3
:1034D0005B49793D1F2036BC4A13963EC255EABD72
:1034E0007255FDBC25EC86BE77DDDABEBB48093DD2
:1034F00084E83C3D6018BEBCFC462CBCD98A613EC9
:10350000370239BDC801883E6662583E84DD2DBD54
:10351000CA8FEABDF41482BC2D8E4EBE80D6863E84
:10352000AE61123EB887E93B6E5EE3BCC67AD43C1E
:10353000BDC11E3D4858423DD45CD0BDB1FF9DBECB
:1035400061D74CBFF94E5B3E0F08C13E31F591BCCF
:103550005857E33D3F3E523D0B1386BC743BE8BDDC
:10356000AE584C3C1347AA3E3FA0A23E51722DBE1E
:103570009267B33DB71221BE62E806BE2F26DA3C41
:10358000EBE4803CC8C5CB3EECBF113E8CD05D3D2A
:103590004A54FA3C593836BE0F5931BD58417CBDAA
:1035A0007A9FCB3E8A0B06BF78A55C3D1F7AA53E6D
:1035B0006166573CB176063E1815AABDD252EABCE8
:1035C000EC8082BD810F843D8DEFAE3EBB26993EDF
:1035D000A1C790BC22C95A3ED5B50FBE6E83973C99
:1035E00005C5613DBEC65D3E9EF7F33D2A93E53DB0
:1035F000CF50D23C5E1289BCF42D1FBEDDD8F03C0A
:1036000065DF15BD8B5BE33DB78F07BF3D0445BE4E
:10361000CF98883E9C4CE83C9129113E06251DBD63
:103620008522023D181CD5BD1D11A2BD9450013E3E
:103630003507B93EC47A913D0598833EA4DFE0BDCD
:10364000009A3A3CFE29363E8AE11C3E1DEE2A3D98
:10365000B600693DC04F6F3D3224553CB40422BED4
:10366000CB35B5BCFAF2673D9039D63E801105BF27
:1036700085D35ABE2B58593EC53581BCD559A43D7A
:1036800050F9B43DF24DE1BCF23F26BDA48A1C3D89
:10369000BE1138BBD932B13ED1CA493EF13E5C3E83
:1036A000F3C5623D743BEA3CE012703C5993A33E83
:1036B000874BEB3D4AC0583DD4E9E23C8F765DBD77
:1036C00046C0DFBD737092BCD6D2CE3DA352BB3E86
:1036D000052BF3BECB57E53D7B31A33D848BB7BDB6
:1036E000F7278B3C232107BC2610843D434216BE9E
:1036F000BFE03B3C6AE7FFBD592B8F3E31714A3E2C
:10370000E8CCE23D69A2F43D704FEFBDBC0F47BE6F
:1037100085E6283EF42D093E4031133DE1D5F439CC
:10372000C1651C3D09B6C9BD64F34E3D9304BF3C61
:103730003BA2B93E8D56003EE844213EE0412CBEFE
:10374000962CAA3DF8B155BE4DFD8B3D583D283D08
:10375000F3477EBD88D2563C4BD578BEE735D3BB08
:103760003D8C153D85231DBD6FB12FBE0ADC34BDD8
:1037700060B09DBD979C173E996528BE4754DA3AC4
:10378000FF4595BDC375D73D7A48C13B0F2A083D1B
:103790001FA2A0BB794F463EEAF73A3D84EC313E8A
:1037A000CEA532BEFEB6F53DF6DDD0BD1C741BBD08
:1037B0006AF3553C60B2B4BDE538943DDD4F6ABE56
:1037C000E0B6433DF0299ABCEC56CE3C1E4E56BEA8
:1037D000A8DED03C15489ABD7EEA7A3EF931FDBD9F
:1037E0000C56D43C1DB3ABBD6DFF603D41BC8CBCE1
:1037F000D423363C7FF012BC58D34FBDCC4C53BEC3
:10380000C95D9E3D51C246BE94DB803D5C35F7BD2F
:10381000F06B923D20BAB63DD200DD3B1C60A9BDE5
:10382000C74389BD4723713D129B023EE9698D3D27
:1038300022780DBC373538BE050EB03CE435B33BBD
:10384000E746643E1805B1BC246554BD6D9363BC66
:103850000DAB073D19CC313D343E48BBCB22263F52
:1038600015DC853EB11D843B882957BEB33CDD3D48
:103870001EBA3ABDBBB68C3D64B58A3DB71EA4BD29
:10388000AD8BB0BDC37418BE609C563D1EC2323EA7
:1038900094A9463E33807B3EC2BF81BE0AFE25BE50
:1038A0004F551ABEFE3863BEBF3E61BD06BF5DBD4B
:1038B0006A96B9BBA885EB3DDF0513BD8BF1013ED0
:1038C0001C62813F9E3F633EE670A8BDAB35C3BD21
:1038D0004C4F06BEBB89A6BD26F09ABD5BFDDA3C07
:1038E00060AB363D32AE8D3D448E38BE152739BEB5
:1038F000E466633E21D0AEBDEA57133F332D5CBE74
:103900007A282A3EFB3061BE6C0D92BE1F009CBC23
:103910007F6BF0BCD322FABCE53D883CA22066BB9D
:103920007058A33AE371A53DC30706BE9FFD8A3ECA
:10393000EBCD01BEC74F253C6203033E0C1D3F3D4E
:103940008D54083B7144A03D6320843E6EF4DDBD80
:103950006B4273BE478F323E86965CBCE29A3F3E16
:103960007632083E8346BD3D7F612FBE6C48AF3D39
:10397000CBF1883D9027903DA267B5BD27B2E53BCE
:10398000DB00203C0286F43C703FC53EF4E90DBEEE
:10399000077B363E9DD11ABEA26563BC4BB1953DF7
:1039A000CAA83FBC0AF8A2BD9A84D13A1721173E93
:1039B0001BFCB33C9C9405BE22EE983D94A4A83D0C
:1039C0009B4198BD72F4073B7EB45A3EFD3E00BE5B
:1039D0003FDA023EB992833B69F21F3D519157BDD8
:1039E000B510A43B00A03E3D2FF65F3BE6D1B03CB6
:1039F0009E1E06BEF257EB3E0D9A63BE93DC0ABDD7
:103A00001B08FC3D13F2AF3DD7EB503C8E103B3D05
:103A100092CBF4BBAB58CCBD6781A53DCC344F3DB8
:103A20005400BF3DB47066BE0D77AABD2CC2013EE6
:103A30000CD653BBF34E403E1903D03CC53E87BC69
:103A4000BCA08ABC0998163D2BD0993D21C356B91C
:103A500009E4BEBE891D3A3E5B435F3E837468BE87
:103A6000C1C295BDB13EB53D319D52BC684FD33BFF
:103A700068644DBB25C61ABD718A05BECE3F0C3E9B
:103A8000380E243D657A12BEF383AABEB9D6D03C67
:103A900023D58B3D5240843EBEC836BED69DFC3BEE
:103AA000CA1F5FBD62922FBDA75C173D74EA343C0C
:103AB00089BC2CBCA528B63F0C31163C3C4F1F3F9F
:103AC000FA9158BE4EA39CBDCE00243E69419DBCD8
:103AD000016683BD56B9423B867EFFBDD54BB4BD62
:103AE000968A9E3E9DDFCE3DCD8C553D4FE38ABEEE
:103AF0002B4D773E6407F43CE7AD0E3FB72760BD22
:103B0000F4D722BD54CA913D77593D3DC0E5863C6E
:103B10003B8C5EBCD60E6BBCAB89303FD08F26BCD5
:103B2000AFB61EBEBCA505BE57978E3DE2CAE03BB0
:103B300044EDB1BC3F6D88BD32B925BDD9449D3D32
:103B400028D97B3D2FED15BEDF972D3D9CA0023E71
:103B50008BFBCCBD4048D0BDBB2C73BDBCE08B3EC5
:103B60006C1D14BED92D33BDB6A0CABAFBC3D0BDDF
:103B70006C06253DDB76C63A947CD73C1F22A03EDE
:103B80007C59BF3E4865B23D2B0869BEC00A263D40
:103B9000DBD7FBBC573A21BD8451003D58EF523D65
:103BA0007943DF3D26C592BDE512B4BCC1083C3C5B
:103BB000BED9323E1B63353D631E413C794FC3BDC8
:103BC000F9EE2A3E28B5B8BCC84BCCBC638842BCD1
:103BD000168994BD88AD9B3D984AF7BCD336883C86
:103BE000EFE4A13EEB7DD63D760061BD2E1180BE97
:103BF0009A2A403D96E37D3D3B42AB3B994A9CBDB2
:103C00002AFD463DA311033E9B5096BC788D2DBEE8
:103C1000C38D013DDF0FB1BD2762FE3CC5F272BC12
:103C20004D5BFD3D3AC245BE9C11E5BD0C529CBCAE
:103C3000C15B40BD711D3FBDDE51203D3530E33CD1
:103C4000327767BB43DA3E3E601FA53D89818EBE59
:103C50002BE335BEB55D413D8C589F3CE87C953DDE
:103C60001B938F3DA754CD3D2515D63D99D99D3C3D
:103C7000BDF76CBE10CD69BCCC8327BEA06C8D3C5B
:103C8000E1D4B83DA08D063E420310BEA7D1D13D80
:103C90005254543C66181DBC6AB9B9BD1063BD3C92
:103CA000D953163D20D616BCA5E3ECBEA43F623D19
:103CB0004CAA9DBDA9098ABE0F09033D21BA99BD31
:103CC000D1E10A3D408AA33D818ADA3CFE82373E3B
:103CD0001EE698BCC4E155BE55DD72BA152F3DBE37
:103CE000B0A6113D378C2F3E78FCB03ED6673DBE66
:103CF0002B7F1239CABA1FBCBC2615BDC1D1F53CF9
:103D0000516088BBFA9BBCBC2A2B0A3DD353C23DF1
:103D1000BAD6C53D4F8E243E5B0CED3D0ED384BE1E
:103D20003A87393DBFB3CBBC5EC985BDB792CB3DA9
:103D30006E02AEBE08DCAFBD634FC53E5834213EB7
:103D4000D0BC883DB19A8A3D67FB14BECD75CCBD11
:103D500090BC22BD59EE913D0D3D52BD171F063D51
:103D6000F29F70BC61923A3DDD9C9CBCE383BFBB7B
:103D7000AB22FEBD4DBFD33D019F31BEBBD8583EE7
:103D8000942D84BE23DD243D7F54B33DB9E45B3DD7
:103D9000911ACC3C071B29BED057103D5681663C7A
:103DA0003E12133EB0637E3E4147293E48A9353D51
:103DB000118015BE96A640BE0F7C24BD2EBD313CA1
:103DC00064FA11BC79AB67BC174F0CBD67E5983C32
:103DD000E466823B657B6ABF15D08DBEE405AA3BD5
:103DE000C5EF503E835471BED139DFBD2F126B3DFC
:103DF000A0E62B3DBC6D05BD6FE1663DBF00D73C25
:103E00007A2A0CBED0CCF23D820A2A3ED844D03D5C
:103E100048A2BA3EF9414E3D6B0785BC48B8D4BDB7
:103E2000D252A73DEE201ABD1FB9DD3C3DCB96BD59
:103E3000F93DE13C2E57DD3C6A8E29BFFC94983D4C
:103E4000C43D1CBD3D5E003E22C6D2BD0D1198BDD5
:103E50007BC091BD7710A5BD5ED3FBBCCB3483BBCB
:103E6000302FE3BD343FC33C7F660B3D3DA41E3E77
:103E7000B34EEC3CD8D39B3DCE94113ECAD12E3DDF
:103E8000BE8D253D4B6D003D14E153BC4CAA1E3D3B
:103E90006F2140BD3E6511BC7EB2AB3C0F9A433EE4
:103EA0008C76A7BE1F11B83EF96236BB89634CBD44
:103EB00005E974BDAEA1B03CA008523CC65F883C89
:103EC000EF234A3E6FBD46BE0DE00C3E558904BD52
:103ED0008882F4BDC7D299BD465BC4BDC43BAB3D2F
:103EE0005920AC3D4C60043DA21D403D8A25003D5B
:103EF0001E27033C23A839BC0C4F74BDA469493C60
:103F00002C14AEBD24A457BD4764993E44B1403E35
:103F1000B6833F3B47503ABD1B24623DDF9995BDB8
:103F20009D44823C4A729FBEAAB580BECAF58B3EB4
:103F3000BB18243E02462BBE8E4E4D3DE38C28BE60
:103F400080AA3C3E742216BEBAD3193D2BB2B0BC37
:103F5000571E9A3CD1AE11BD91DDF03C8B6320BD64
:103F600053FC503D39594B3FE0059B3DAAB5A03E5F
:103F70002381213ED43226BD8454EBBD2204463D2C
:103F8000EAF0A03DDFFE89BDD7BA48BE71613EBEF2
:103F90000CE6833E2AEA513E684C59BEE329273E8F
:103FA0005A74DABE4092B63BABB08BBD9889153ED1
:103FB0003625BABD4827A23DFD1A60BDC8BBA43D49
:103FC000FEEDC2BC631866BBB4D6143F74FB03BDE0
:103FD000512255BD3CEAC03D50CA16BE429E7DBD31
:103FE0002B6B4ABD4950EFBCBFC887BD7F2235BD92
:103FF0007547D0BDA16C093EC82DBE3DFC54713D36
:10400000C820273EB1CA27BE9569BCBDDAE9AEBD5E
:104010009CC0F4BDB0AB37BD935EA53CE7CABCBD48
:104020003122373CE326403C1CF09BBCB2D2A4BFFB
:10403000AD89F43D0BCEF3BD851E273EF37D28BE32
:104040004409C5BD4CB6A13C68A110BDEBFF81BDC4
:10405000D915CB3C3B4668BDB32A06BE625ECE3B5B
:10406000F71D093FF1156D3E250E3A3F34A835BEC8
:10407000AACD11BE637D9DBEF65C863D36A1F9BD1D
:10408000BC28A83DAC05E7BBB59853BC74DAAA3C84
:104090000D44C93EE8234FBEB47FD8BD9A99083E6F
:1040A0003294DFBCF9A4123D14D75FBDDDFD773C2F
:1040B000409DDCBD1AB5333E7CF65F3D1D5581BE8B
:1040C0002E24A1BDF9084CBDC5A2223E77A5003E15
:1040D00005860B3E2A1472BDD1D6153D7BE0A03C6F
:1040E00015D6333CF566BCBCFCCADDBCCC40AFBBCE
:1040F00048B4A9BC9627063EE4A3153EC85D4F3ED2
:1041000097451FBC8A443FBE68EB753CBD51AABDB4
:104110000B72CA3C03779D3D2680C33EFCD3A13A77
:104120003AA49BBECCC05B3DA4DBCBBD7B9E6DBCEB
:104130009784F33DEA8CB73DCE241E3E320AD6BDAD
:10414000518723BD29B3493D0BDF56BDA531983CAE
:10415000CBAD033A0D779E3C638248BD7CE16ABDDE
:10416000E2082E3E44D3A1BCE0FA78BEAA1891BD65
:104170001835C83C4ABE92BD857CFC3D0673A13E05
:10418000B238D5BD21041CBEC3D8923D5CDF1BBE36
:1041900072C45CBC3FDD313C912D1F3EC0A2E3BD2B
:1041A000C11EC83BF666B0BC490DF43A5856BEBABB
:1041B0000915ED3C0C640C3D7E5FF63BCFDB19BE70
:1041C000554FB53B9E334C3ECCF808BE476324BEEA
:1041D0003E9588BD867A693DCD6C2FBD255C37BC88
:1041E000B81B9B3EDC5C89BCB019CFBD93B724BD26
:1041F000F30CBBBC5D4E493B6326F5BD581E283E03
:10420000B40A0FBE9C92AABDEC44A6BC51BF1ABD15
:10421000EBA03A3D719DAD3B336C2A3D063EA43B7D
:1042200022B2693D4DDB473E77AB0A3C433849BD7E
:10423000EE9724BEA86B2D3D9093B03D2804133D0E
:10424000CFE3873DAC94D63C674F6B3E033407BD4C
:104250005C65F8BDEE03CF3C84CC543D81BF6DBCA2
:104260003DA3E5BC15F86F3D0E311EBE34884ABD36
:10427000B38E0ABD5744353D383C833D476538BD54
:1042800068E293BD2B3D4A3EC4D2A03E04E780BC09
:104290007666653D89A55FBD9F2E2C3DAB0BF9BCB5
:1042A00010ED37BC6B95093D0B1BD2BD7614803EDB
:1042B00021F6903E9F93A3BECA7D68BE4829813DEA
:1042C000713A55BBCD00123EC72010BD2CAA21BEAD
:1042D000797B74BDFCD837BC856094BAB5D3A33D57
:1042E000A0761B3D3B940ABD97D03ABEBE9EA0BEB1
:1042F000B5211ABE36332FBEC771773BA84E5E3D3F
:10430000115D87BD049B9A3D3A76B93C223F29BE98
:10431000D3DA21BE4CFD843DB891B4BC319340BE8C
:10432000E5BCE2BD3188E2BDEA6BEF3D47736D3E0F
:10433000CE6AEE3DF2B2CB3AB9F5B83C78AA0CBBE6
:10434000611FE8BC7CEAB4BC6557433D8E0C22BEBD
:10435000489C36BECD5BC5BB835348BE8588843D33
:10436000138E06BC65793FBD688C77BC9A67B83DF3
:10437000AADE0CBE851983BDC3EE8EBD89E9493D19
:10438000B3B186BD7B123CBD020B5CBC1EFD15BDEE
:104390003C91673D070268BD797CEEBC840DA9BAEB
:1043A000AEE9B1BC645A993CB8577A3B8107A33D4A
:1043B000EC0E723FA44CED3DF2B2F3BD6A0895BE1F
:1043C000761A853C3E7AE93C1679BEBCF20612BCF0
:1043D0008894B43D471502BB96645BBC15A6EABD44
:1043E000311FB2BDA5AE183CF6942BBD557D003EE5
:1043F0001B0EB1BE6BE6F4BBC6B223BFBFC44D3AC1
:1044000005846BBC81BEAABCB37D9E3B1D7E1B3D5B
:10441000F49BCEBDE90028BD5AAC523E5B829DBEE6
:10442000BEE33BBE7B8F263C37E312BD35A01D3D6E
:104430004650843DDF83273CD3191D3E56CEDE3DDA
:1044400000B5AFBE9CECAABD6FAA57BDC56FCE3DEF
:1044500029B1B53DF9F2D5BD0144DBBC03783A3D45
:10446000665321BDA987813CF998AB3CA4C3833D29
:10447000CB66843C4DA1263CF8B114BECD70B6BECF
:104480004FD5E1BD248480BE0E0D7E3C6CB5C2BD0F
:104490007436B2BDF8EF11BDD1C5ABBD69CF143EC6
:1044A000DBD9773EFDE5F9BE7D893BBE50D157BED5
:1044B0000836773DE80C9FBD5BEC9C3DB6D96ABDE4
:1044C0005B8AA63DCFA2243C1E05733CFECA26BCD7
:1044D00066CFB1BC99F8CA3B8C1DDDBC0A7772BDB2
:1044E000A9BC843EB72D983EC77BE23C0886853E3A
:1044F000E31F823CE5BE9EBDBD52B63D5A0113BED0
:10450000D83722BFF905D23D759F443E59EEE9BC2C
:1045100082C4DC3D0F5E683D85A9AB3DA644B23D3B
:104520004C776ABD7D1C0DBEF756AEBBBCF213BD09
:104530007C205A3DED4204BD0F3FBA3BD37F0C3B7C
:10454000A249A23DF189193E8355933E89830BBD53
:10455000115C133E83B9043EB287B03CBD4AFB3CBC
:1045600004EA46BDA5BBF3BEEB3B7D3D1BCD343E0F
:1045700077CFC1BCF9CC4EBDE86619BECF9934BD2A
:10458000F79A6D3C44F4753DFD7063BD0ABCD13CA7
:104590002FF183BC77AB3A3DB5FE49BD52C00ABD91
:1045A000D926AFBC047ACB3EFE8F4CBE08F2093F41
:1045B000A6042A3D35A9343EADEA803D422083BCA5
:1045C000C724ADBD2212B9BDFB4102BF7AB2C03DC6
:1045D0007DDF9C3E754267BD7F2B5ABD7AB7CCBD4F
:1045E000B76236BE9755113D6588CCBDDAA651BE7F
:1045F000D38D073EB21886BD0282803DA688AFBD2E
:104600001E60E83C5ED0B73B6A77043E9C686ABE99
:104610005677143E2D8D8FBD8F6CB73D66F167BD0B
:10462000A3DD48BD7C891EBC9E16A6BD9C2C11BF77
:104630005E2CAF3DAB0D6D3E6F270A3D7376323E6B
:10464000B1A2243D621CB83C47FC4ABD695216BE6B
:10465000AAB9B6BD4141AC3D5ED4C4BD12DE24BD95
:104660005E7DBEBD62942D3C3078BC3B3299323DBC
:10467000460494BE1E432ABEB7A5A7BD30D011BDC7
:10468000EB1D4EBCDE4605BD1AB5ACBD1FADFABD77
:10469000CB5BB8BE1FA275BEC2A5933EE4F1903DB0
:1046A0006EC7A7BC5619BFBD4BFF90BB8FB4213D51
:1046B0008959C03E61E5DA3CF21A013DCF412CBC7C
:1046C000EB5F2CBDB4F0B2BD880E293DB12E0EBCFF
:1046D0006297DA3DD2BF4FBE8043853EFD5A37BE5A
:1046E000399A993DE60BE03B03405C3D608E2C3DE2
:1046F000D24527BCFA7865BD284E483EA23F833D8F
:104700005A0888BE41648ABD9D36803EC44ABD3C7D
:104710006BC5C23D2DE437BE953CCFBB03A9CB3C56
:10472000320BF13BFA05223DE1BC3C3DF6CBD9BC56
:104730008BBAECBC5B2EC13DD871393CABFF273E38
:1047400067F967BE154A7C3DE65D7ABCF6C5AF3DAC
:10475000A1CB713DF1E6F8BC0B46013D2150963DE1
:1047600031209C3D0A5843BDDF8B553D3446E13D29
:104770005AE3B4BCC36EBD3D733B4B3C8E2A873DB0
:104780000B9A41BD4718573D06B9AB3DCAD13D3DD7
:10479000B7BD99BBBE864DBCC25910BC00292CBE0A
:1047A00001FD613EAC9011BEBF57683DCBCDB83D19
:1047B000A1ACA0BD1E04CD3C1E09B63B921F0E3E0F
:1047C000D45CF13D40CFAEBD332919BE1EEABEBC5C
:1047D00068FAE83DA48A683DF691D63EB6C607BEA3
:1047E0009A0BAABD6A5B0DBC3E93B23D4902683C80
:1047F000088D89BD1F50D93C195CB13DF7BD2EBF56
:10480000A714DE3DC6382D3E0BCD07BED2BCBF3D42
:1048100008EEAA3C76529DBD1037A13C33D65FBC52
:10482000EA5B6C3E7607183D1D1683BD440499BDB6
:10483000D3BB64BE5541E83D7DFBA4BE266E3E3E23
:104840004B96E5BDD88594BED78F9ABD062D86BD03
:104850009D2C023E7564E1BD90D35ABC8CBD6CBDED
:10486000A83D1BBF8A119A3D7EACE43E449118BE20
:1048700090E32B3E7D5B84BD06BD60BD3311173CCC
:10488000DA9E15BDF4BB863EB3F864BE695DB3BD68
:10489000DDD0823DE588A6BE53E19DBD4B88C7BEF5
:1048A0003A2BBA3ECF3423BE33DB8FBD96E509BC2D
:1048B0003048AD3B65E7023EA7987ABDB3B2973763
:1048C000B1FAC5BDA64B6E3EF3C534BECA83B1BDB9
:1048D000872B193F6DA14D3EA85061BC959C24BB10
:1048E000F477B23DEE9751BD69BB74BD01637E3D67
:1048F000458688BD49D9D03BDC1B123EED65583E4C
:104900005A8235BDEA2B88BCD835583EC8489D3DF3
:10491000EA2D383DA899F8BBE75C58BCB9251FBD06
:10492000BD2C95BD391379BCE02C08BE702924BE7E
:10493000EAEAF9BD0C7C083FEEB0233E5FC0CA3DF9
:104940005DBF88BDA99884BD0B308ABDDB51A23DF7
:10495000BB3ABE3CF0F8703D2C6D293B8CB35A3D00
:10496000D8B7103ECC1756BD527F733D2788F1BD96
:104970003DE8F8BCD344093D0163FB3C60B5593CBC
:10498000526B6DBD9A0D2BBD2A45A53D227379BE94
:104990008A17F5BDC9A4B6BDD9170C3F18911D3EA5
:1049A00016499CBC3F6194BD62CBA1BD91FC07BD83
:1049B00003DEF3BCCACC4B3CB3FD09BB21A1A83D2F
:1049C0005704003EAAD5C83E8CC8E9BDA9C8D0BCD2
:1049D000EAF474BEEE2E203DA52F433DC12350BD09
:1049E0001910AB3CAB1CA0BC6BBE9D3BEC32473CF2
:1049F00031119A3E0E68AEBB6FA4653ECB92063F66
:104A00006824CC3D6BD27ABDDFFDAC3D95E4823DA0
:104A1000915A99BC16E544BE7FECE5BDDE33D33D2B
:104A2000B18B0F3E8DA6A93D6504923EC3CC85BDDA
:104A3000BD4FCD3DF81A1ABE53228A3EBADA5F3D09
:104A40004A374BBDBD548D3C8C7F65BC6F4B8C3D54
:104A5000A6F61CBC5908E13EE171DEBD1D46A13E33
:104A60007BD7AD3E7F7FC23D52ADD63C185B76BD55
:104A700068B42ABD1FD3D13B9FB4ABBE1E1267BE24
:104A8000AB1B973EAB9BA83E7896443A9DF5953C70
:104A90003493583DE4BB9F3EC386C03DB363383E6C
:104AA000F257793D40C6223D7165DFBC6BC93EBD02
:104AB0005CA1993CAF2FBF3CAAB416BF15C059BD2D
:104AC00021A575BC374209BD0B380ABC78BED53D5F
:104AD000D2F6AEBD01818EBDEBDC0C3E382AD9BCCE
:104AE00016DF0ABE9C45A0BEDBD646BDF52A053EB4
:104AF000B805843EA8CBFABDD03C2FBE77ACD6BE5D
:104B0000A6B0513DCB7FB7BCAE3781BC3687083CE1
:104B1000B5EEB83C06B265BC5E45763C8CE82DBF70
:104B2000D9C6D4BD87CF6C3D238399BCB313653CF4
:104B300049CB3A3EBCB551BD15F09E3DABCFCB3D08
:104B40003BC238BD4A929C3CE76304BE91F42A3DC7
:104B5000E1ED19BD56ADB93DE1D5ECBA6B4278BE79
:104B6000E1751CBEF15F08BD72B7373D0753A43C29
:104B7000465C0E3D7461B3BB41A5F6BB3B2F99BCAF
:104B8000B3898DBB27805CBE87177A3E8A964A3DE3
:104B9000A02491BC4576383E7C1D86BABD3ECF3BF5
:104BA000E9D8D43CEB1DB6BD1DB82ABDB7B022BEB6
:104BB000CE54B9BCF006E7BDCBE1B8BD303B053EF5
:104BC0003B16BEBD1133F53D5EBFF0BD60D2763DF4
:104BD000C136523CF30D8ABD76EF063DC18D8DBCCA
:104BE000183E483D0E354C3F6A7AC8BE42D698BE44
:104BF000601ABE3DC390113E2310FA3DF1A68F3DD1
:104C000007A1ABBD32D6003E162867BECD94ACBD21
:104C10000A9E1FBE5B2E2E3EA0B08F3E7001A9BE25
:104C20000D52063E26BADC3BF851103F93F93B3D4E
:104C3000112A9D3DE6D6D4BBD2652CBD1335533D1C
:104C40001C51A63D18512CBEC8AD093FAE8B80BE8D
:104C5000AF723DBEA8D065BDA4011D3DED1A0D3E4D
:104C6000A4C0DCBC3EBC273D01E8423EB31EA6BE4C
:104C7000C78571BE1B888F3C23C0903EF745113D10
:104C800010153BBED7DBA2BD8D4482BD197E353FDA
:104C900018E5C2BE1BD3163CCCD4563DB04F0EBD5A
:104CA00029FB94BC937E043E95112BBE851394BBC7
:104CB0005D42053EF760A23EE7B5183D3C8D82BCE3
:104CC0002D3D803C6E3D97BD29510FBD693D0C3E89
:104CD000A608D0BCC96545BE2AFA9ABDEA453DBAC8
:104CE000575890BD79AC9B3E57EC6BBEC0EA13BEE3
:104CF000634331BE9C84DCBDD4B04ABD23B64ABDFB
:104D00004989883CEBFE9ABBB8C4783D11DD87BC6D
:104D10001C9B9ABEB1C31A3EF963963DA65D1B3E2D
:104D2000D3DB86BCDECA8CBCDF70353D9F87AE3DD1
:104D3000D5B30C3EA588C2BCF2196BBE7F25F4BD6D
:104D40009FF9FEBCDA2155BD25FB1A3ED750E1BDC7
:104D5000EB25F5BD0D4688BD1E314D3C6771013D0B
:104D6000AE48C4BB9153123D75A4CBBD1434263C50
:104D7000ED85B83C977D433ED7EA20BDA318FF3CA4
:104D8000B7E6EB3DC9315B3CAD3040BD18E3663D55
:104D900087A3743C5705923DA76362BD3652383DE8
:104DA00063BF2EBE2BB741BE5860ED3C45760F3E2B
:104DB0002E2818BD17779F3D08F11EBE87BAA93D62
:104DC0007932A63D19678EBDD741C73CE0EC9EBC49
:104DD00002A1333D2D4E563DC5AE8CBE8822923E7B
:104DE0002DE049BE683F15BB4BDED23D1052AABD37
:104DF0000A5963BD681CF8BC2D93A43D6EC934BE2E
:104E000012158BBC2EB53DBE815D90BE171DABBE8D
:104E10007F1B3D3E79DB913D4CBEEF3D2AC59ABDDF
:104E200031B06CBD2C01693CA50F45BB38F7A8BD5E
:104E3000945AD9BD7BB011BC227FEABC881C8ABDC4
:104E400050E4563E3BA88EBDA43A5C3C8076EA3DD9
:104E500052B16E3C7814E3BCCB98323D744AF33DBA
:104E6000BCBA56BE7C8686BC784641BE9A2E31BE00
:104E700071EE53BE1B4D2C3D949CA13D27CC023DB1
:104E80009EBCD9BCD05CD8BC5D3AF63C8E4912BD04
:104E900056401EBD76CEB13A772701BD1676CDBC01
:104EA00025A57F3E054C24BE93F69DBE04DDA03EA5
:104EB00017FE073DC07C833DB25976BD6ADF2EBD2B
:104EC0000281F13CCF765ABE26E8123E134EB7BEA1
:104ED000463D05BE8D5575BE9445AFBD166F533B1F
:104EE000D8B6F33D59128FBCF16BF33CC3DB7B3D6D
:104EF00025638DBBEADEC2BCD5C96DBD5FBBFB3C83
:104F000098A316BBB2BB803EEC1543BD934B2ABEA3
:104F10005ADCBA3E637CE73B5283093EAF62643D94
:104F20005873B23DC6EEB2BDD13979BEEAD1253E45
:104F300055CE7ABEA4835CBD6C4388BE08E55DBED9
:104F40001F0946BB7C8C873DDE9E903D2B6A103D41
:104F5000FA48993D5BDB92BB5A61D8BCB79C8FBDC8
:104F6000650AAC3C4C56183D99111C3E00520ABED5
:104F7000C2E3813BB1C8AF3E4B22863D4D76A73C94
:104F80003BA18FBDC2A327BD2AF3AFBD18A850BE59
:104F90005F1E373D1BDEF0BD15B2C3BC511F20BEE6
:104FA00005695BBED89DEBBB86A84F3E0ABB5E3E43
:104FB0007C5F9F3D96B0733D06B1643D901109BD85
:104FC000643937BDE4C8973CE5A1023DF97558BE88
:104FD000C46C543EA8D19B3E057B8A3E09FA133E21
:104FE00029274F3DB8D18E3D6D52853DE3EDD73B2E
:104FF0004D8356BE62BB453C2C7E78BCBC35773DAC
:1050000057EB0BBE75B73BBEEEFC3F3E144C2A3E41
:10501000A0E60F3EF8C48DBDA916F63D42C612BCEF
:105020006943C5BD622030BD21700FBC1723913D7F
:10503000DE13933EE2EF833DCF935B3D5F5BD43E57
:105040008B91C23D8BB122BD94AEE0BC6FBC60BD04
:10505000C345A53C97CE30BD8BFCA6BE9E7B68BEEB
:10506000E974613E786552BA6692D5BD416E31BD34
:10507000CEA8CB3D04EB753E9A1AD63DF8F0D03C55
:105080009BA63BBC4329C4BD6F20173D050166BDEF
:1050900001F9B13DB0B665BE3635863D9AD914BE2C
:1050A00018A02BBC1B78093EE235203B132B4CBDCE
:1050B00079F62ABB525240BD4A128A3D006F7E3EAD
:1050C000E2C9C7BC97046CBE230926BE6B0AF3BDB8
:1050D000FD0C563D7B79C13CB3F26C3EA6A4FF3B70
:1050E00053AFEBBCB23FBCBCEEB2BC3BBA06843C97
:1050F0005C361B3CA3E509BD93ADECBD7CF1BA3C2D
:10510000AB6B2FBED84EE5BD35F6293E636DC63D6F
:105110008ECF38BD9981BD3C8650E4BCF21C2B3E3D
:10512000D47A7E3E1ADB183CF6CF5CBE184554BEDE
:10513000FD3DD9BDC6B8043CB31EDABC4BD1433EDD
:10514000146B973DDB344ABD5D959BBA437118BB28
:10515000E76C173DED7FF93BC8EF863C4B5661BECF
:1051600049D325BE47E24ABEFB257CBD0F26FA3D4A
:10517000D18C1F3C0C2082BA7769B6BD1108D33D93
:1051800063B3933DB7B41B3DBEA113BD7706D6BD37
:10519000E590CCBD7E25EEBD5F1AB73CA3F99DBD61
:1051A000367F333E03F6513D00C395BDB5A2293D80
:1051B0003763543D23A3FA3C017A533D03CAFEBC36
:1051C000D1445C3E23F3FB3D327609BDB75593BB1A
:1051D0002B45CA3DB2BFBD3C0D4D763DEBE4A23D33
:1051E00030E9D53DB6695F3E8EF6163DEE57563C2A
:1051F000F96CFF3D1E24983E1972BFBD5AF791BD50
:10520000A2A663BE96662E3E3835F6BD08221EBDA8
:10521000CDFA55BDA8EEA33C240422BC7517353D3C
:1052200049C7CC3CB0F787BDD70C8ABD98BE78BEC5
:105230003EBC3C3C3682323E7B20073E6540193CFA
:10524000D05260BD68C209BA8979823E55500ABE03
:1052500015F62A3DA52EBE3D3C1C8B3E9AC310BEC2
:1052600050230C3CBCF23FBE09CE953E6D3CD5BCF4
:10527000433344BB36A89FBC51DD8CBC04552B3C4A
:10528000ADF3373D2379C1BBE580FE3E6217D9BD42
:10529000B35EC0BEFD902B3E0A2407BE0CBA0C3C88
:1052A000C0B02ABCA61AD5BCAF7DB2BD8B50B0BA77
:1052B0000C3B943DD1D4A5BD3C03CABD48C8A33E18
:1052C000CC1043BE1C0685BDF6DEF9BDD500743E8C
:1052D0006113AD3E0372E9BC0BF761BA79C554BBEB
:1052E0005958A9BC06CB8B3D9AAB083C3071B73EF0
:1052F000079B0ABE125AA8BE13105C3E95BF0ABE99
:105300001D0A3E3DB167883BA08395BD16500DBD7B
:10531000A1F083BD9528D83C39703DBD9CD5873D13
:1053200022B4833E096CC53C7F58CABDD50374BE08
:10533000E777113E9A55FC3C426F7D3CA14722BC69
:1053400070A5D93C0521A9BD61918ABB0FCFAB3DAA
:10535000893F963E8CD348BEE3D32DBE95A17A3EBD
:105360003CC6CFBD41F01CBC0574623DED82F7BB6D
:10537000600C953D0C5264BC08B6AABB5A80B6BD01
:10538000C0E7453E6C12A13C1092603E6A23FDBC12
:1053900041CFCFBEC9C2A3BEC097343E3EDB593D0C
:1053A000D8406EBC1E72A93C4C7D07BE0942B53D7B
:1053B0008182023E28C09CBEF97984BE82B1C23D82
:1053C000EC79973DD6352EBE2B116C3D2914B23D9C
:1053D000047C083D2B608EBDB5A53BBE543656BD42
:1053E00082630CBDC3C4213E7CB11E3EFD9E9D3E2A
:1053F0006D1048BD2819DDBEBD4ECCBE4D590FBF46
:10540000973BC33DF7FBD4BCC102093D31BD4BBE48
:1054100050B584BDE414BABCDD1F3BBF38C21FBE0B
:105420007E867DBDC401363E56933EBE83E5393C43
:1054300040B526BD4B3BAB3DF9317C3D70B7BABEA4
:10544000A57A873DC42CC33D611EC53E31CC54BEF8
:1054500027C17C3E4CADED3D2437263DA2491DBC05
:10546000047903BF3541A03C2AA25B3DE6B21F3C54
:10547000AC4A423D04FD44BE274AB53C24A1BE3B94
:105480008F07833DD75B3CBCF928903EF97DE13C1A
:105490002F79BCBC7BED8D3DF28A903D5B3A9BBD84
:1054A0004D7C003D2E6B90BD5E53AABD4BE90C3E7A
:1054B00008D3273EE5BF89BDEB608A3D62D5BC3C81
:1054C0004D81623DC1B5BA3CD4518A3CDAB11A3D36
:1054D00067B26EBAFACBCD3CA5E433BD96D545BCD8
:1054E0002DB4D23E1EFAB83CFD80753C0DCD3E3E3B
:1054F000554F3ABC6F7459BD9EE8B33DEF00143D63
:105500005FDA03BD7F652C3DDC62A3BD79BCFBBDCA
:10551000EA04223E890D613E8D44023E80711E3EAA
:10552000E9BC473D7BDB54BECFB87F3E149D273B93
:1055300003DE5B3C4BA252BC9CE7A4BA42F2EF3DB7
:10554000A1C0A7BC76B5A73E5E2B333D379093BD77
:10555000E1B67B3EF3BF68BC4A94FB3C588A04BD6D
:1055600059F59B3DEC728D3C3A400F3CB58F86BDA2
:10557000EA08E03D20883E3E8C7D473E09FE2F3CF8
:10558000CC884E3EC8E684BC6FB5BABD6526B13C3A
:105590004B3D8C3BDFD57A3DB2312BBD38F317BD87
:1055A000680C973CDCDC4ABC1174B9BEE918A73C16
:1055B000F16C84BE560A463E0A848BBDB0C5BFBDA1
:1055C000E23DF5BC9059AFBD234C4E3D41133FBE6B
:1055D000B8DCB5BDF789783EF6699A3D97702C3DE9
:1055E00067488ABC8649AE3DBD9782BCF0824FBEFB
:1055F0008511383E911291BC6D62D63C6EB289BC69
:105600007517DBBC91F60E3DE95E1CBB5E408DBE9E
:10561000AE9BFF3D3D2E61BEE2D1893E63ACF83AC0
:105620006C3901BDB200C73C3965AEBCBE53353DD7
:10563000682766BE574C45BD2DC67F3E6A8C033D2C
:1056400023BAA4BC499111BEAB3B0B3E99FEEABD07
:105650001B5FC0BD03FA3E3DAD13D8BB0C1DF63B2E
:1056600077D4B9BA9897963B5A9E57BCC0BDE23CD6
:1056700037EF833EEE5153BC6B6A83BE40EECD3BA9
:10568000E6BB44BCFD21583C8DED12BD38AB6EBB72
:10569000D6859F3DFB108ABE6A8CF5BDFF90003E0B
:1056A000021D2D3E372B1B3EB1B2CEBD042DBFBC1B
:1056B000860F103DDDA7853E22F9A4BD823829BDA5
:1056C0008C496B3B0DA210BDCC591ABD6DB0153D78
:1056D000EBB9273D5ACFF53E36DE4FBE96096DBC7D
:1056E000732241BC0BBEF63C23EAC43D3C9D67BC23
:1056F00057FB05BDFB8F77BD3B0287BE6D5D1CBEB2
:10570000B897563D90ABC43D275C323E9AC1913D5F
:105710008523273E3B39ACBDBC167F3CE9B8BCBEF7
:105720005F2CAC3D3915093CF5654EBCE401DFBD8D
:10573000BDE4813D6484BE3D0C2D7F3E662410BDDA
:105740004806523E2EEFFABCB0EABE3B94EDE43D73
:105750009FC3E03C2DBFA93DF9A75BBDDC428EBED7
:10576000694AD63DE92F5D3CF559E1BC6A7B033EB1
:105770009BFA853E113A573E8A341E3E980D74BE00
:105780000AF0CBBE9C37403D494A0B3CEF9F443B5F
:105790008586C5BC6232483D96B1013DF605FCBD2B
:1057A0008D14E63EC61E903D2720AEBC0758CDBDE9
:1057B000BC265C3DACDB83BDC285A53BB1AD143CD2
:1057C000474B45BEA2B4523E1886D2BDEE365ABEF5
:1057D000D963E1BDCD8F383D49F7CF3E8A14283ECD
:1057E0009CE388BEEB559ABE9A1234BD51BB2A3D4C
:1057F00041538ABDB735013E039C413D6CAE7E3BB3
:105800006A80F33E331880BD600E5FBC56D5C53C40
:1058100025E8C4BDD39B0B3EC8F0E53CF241323DC8
:1058200036C9EEBC1A76FEBCAC73A63E8CB786BEFB
:105830008618B6BEA28CE0BE61E4ACBE9E60173E88
:10584000976D403EDC0A873CD4F672BE7E955E3D85
:10585000A844C6BCAC1FA03DBEC18BBC381DD43C07
:10586000272252BC7BBF4E3E884DA93ED58F873E36
:1058700037528C3C6BAD833D6FAB87BD3D92333D62
:10588000F0829BBD794CAC3D4072503DEBC06ABD8F
:105890009A610F3EEA36413C2B2193BE26F6CDBDE0
:1058A000F1BC67BDDA770A3C73852D3C931C2ABD99
:1058B00088CC493C2B1F67BCD4DE3EBC39ADAABCAA
:1058C000CB3BEB3CA6137EBA85EE4D3E32AF4B3E52
:1058D00089CE063DF3A1663DD86EE83DB29C24BC5E
:1058E00002F547BCE3C52BBC31FFAE3DB7928EBC81
:1058F000888567BD62098F3DCA28B5BD6FE1DBBEF3
:1059000033DF323ED3F6D0BBCA6FB13D1D73A1BEAB
:10591000018985BE6D12CF3CFA164E3D4EB15B3CFF
:105920008A49ABBD3958B43BB601D8BCAFA28DBED5
:10593000A8DFE03EC94A143E0CFEA23DF9ED833DCE
:1059400033C38BBD14F592BD33CED1BC03DAD3BCC7
:10595000D69159BE81CA4C3D50ED263E1649EDBC4C
:105960007AFBFBBD64BEEA3ED11D073D55B6A23CA5
:10597000D57D20BFF00479BD9823B53C34C99EBCC9
:105980007EDC05BDB16EAC3CD8CA8EBDB3FDEA3B32
:105990002BC402BE44B9673EAD32703E42E4DA3CED
:1059A000C0E2723D90C6683C52F772BC4A3DA2BD4F
:1059B000F1093E3DDA682DBECD5301BED9C73D3E4B
:1059C000639AD5BDC35CE73DF4F9DF3E96E1323D15
:1059D000982E3E3E896CD4BEE6C95DBD551CA53DE2
:1059E0001A321F3D37B1C4BDFD3C903DDFDA81BCAA
:1059F000E40E7B3DC655663E5E165B3DD2395D3E8C
:105A00003C202A3DA446C03DF21B67BBE5BABB3C27
:105A1000F3BFAF3C5986FD3D39922FBE54490CBEB1
:105A20007285303EBCD5D23DE46B763EB6EE0D3E7F
:105A3000ED5559BCA76E843E66C7333E8B0B53BCF5
:105A4000979DC53D3A76953DE663C8BD8A0CDC3C22
:105A50008157CCBDCE50273DA5E2ACBEDB6C913C5E
:105A6000B14736BCD9310DBEACD8913EE35E48BCDF
:105A7000AB02A83DB027A53D96F92EBD306BFF3D8A
:105A80008F0822BD4CAED7BB558C853DA19C823E74
:105A9000FABFB23D1C82C53DF5116CBEE1087EBD6A
:105AA000830139BDB601623DB2A1C5BC73679CBC20
:105AB000B67308BD73526ABC74884ABCDC8BBEBD29
:105AC000FDEEE0BD1773003EA1B9D8BDB8DC9F3E26
:105AD0005212883D8417023D8059ABBD9F10733D23
:105AE000A679B93C089491BDDA6B3EBDA2C65E3D75
:105AF000448E4F3EF5272A3DFE2BCA3D907102BED3
:105B0000A8150A3E1DC9ED3D70D24A3D311B60BC4F
:105B100091040CBD3B7EE3B83F8078BBD19B62BD56
:105B20008C82F23E00B8973C3B014EBD79AE923B71
:105B3000997D733E6190193D157368BDB0ED533D7D
:105B40008B8A973CA9C8BF3D794FE1BD70948E3DCB
:105B500022A1B6BB28A6033E58FB0EBD3808393E2D
:105B600090698BBDEFBB123E7D7B0FBEC3002FBC87
:105B70005E1DB93CDB0E03BDC0EAC33CD0EA41BCAC
:105B8000F1E1EABC93C2F73E9BF91DBE5686E73BA6
:105B9000D1A26C3D4E9C3E3EFDDF9DBCCF2740BD5B
:105BA000F8847D3D710F733DA9680CBE8B9F063D47
:105BB000827D753D953B2EBD631B01BEF622A13C47
:105BC000A9399EBD3B5B053EFFE6D43C4988C23EF9
:105BD000EFF91BBD70E3BC3C226DAD3C4E327ABC8C
:105BE000B117CA3D6F26CF3DA77AA43ED9BF8E3BE1
:105BF0003E00823C1D7CCC3CD5390F3E754EFABD33
:105C0000624A80BD26B585BD520FC33DB718A1BEFF
:105C10003CE4EC3C0AD8AD3E651BD43D560E3A3D03
:105C20009642103DDDD1BA3DFE286CBDC044DD3C3E
:105C3000BD6E7DBD33E4CA3CF5FDE1BC0EF31BBD7A
:105C4000556E2D3979B932BC07DF903C4B4F42BDC0
:105C5000C80FECBDDD49C0BDE160ECBD4951A13DBF
:105C60009C7DB6BC6D5E813D172391BD89F5C93D14
:105C70001E66743E826386BDABF7B7BE97ED2A3CC5
:105C80008BBFE2BD31FEC73D5E96DC3B7DE0133E3F
:105C9000AA723EBCDD7895BCD5388CBBD5FCAD3C3A
:105CA000950631BD4AB10CBD058581BC28D70C3D98
:105CB00045C4D93C08019BBDD07415BE9861A1BDF7
:105CC000078C9A3DB98EA1BD1EFF11BCCD5C8EBD67
:105CD0003549ABBCBF68923E7775B33D0B3181BE91
:105CE000D749883D384414BD75F4BFBD6B67F8BD16
:105CF000C31C413EEDE9173E788D223E0C72BFBCBD
:105D00007469843C1803C03AE8E232BCFB59DF3CBA
:105D100099C977BC83E8D1BD12B3CFBBB6F915BE24
:105D2000C5C6CEBC8B879E3D130062BD9BDDE93CA2
:105D30000B2E833DC037993D1A15843EDF34003C5D
:105D4000E47C8BBEB7EC4E3C83BD943DA1B70BBE4B
:105D5000BF2B8CBD3AB62C3EEDF96B3EE9A58D3DCF
:105D6000F4752DBD2FD4843CF7B5483CAD05BEBAC3
:105D70001B5D3DBB6D38A53C2B2F9DBD158D9A3D00
:105D80001B1CC9BDDF842DBD321B4B3D193727BD00
:105D9000A6C0F23C3E264FBD6403F63D94BE6B3E6A
:105DA000C0F873BCFA7A8ABEF216EDBD9E5CC83CA0
:105DB0006B72183D50A1ABBD9EB3D73D2AB0973D45
:105DC000273AC5BC76F80CBD92F759BC7764383DCC
:105DD0004155573C14CDB73C9A5B19BB513186BE37
:105DE00086B2763DD2B1F3BDE603663D37E0B63DFF
:105DF000631382BA3F5827BD940987BD63F00E3EF6
:105E00008424F73DF2004E3ED23F95BD129BC5BEA5
:105E100049C718BE156A473E58DB93BDE80C663E7D
:105E2000449319BEC0BC4EBD8623B0BC9261F4BC85
:105E3000E1E5C93B443294BB9B6DA6BAD24E3A3CD5
:105E4000211B36BFF0C6E33E1379613C28BB383DC9
:105E5000DBD3813C2259963DB82AF83C6A182EBD06
:105E6000F1E83E3DD4DF0CBE9EC6E93D74F1D03D65
:105E700053F4C53D63B25D3E5C5DA13D84D9573EA0
:105E800084E1FA3C8D39703D0808903D7DF69FBC59
:105E90009FC4DEBC3CD2233DBE34BC3C17CF91BC7A
:105EA000926E8A3C0C900B3DCB22B5BDBCBA8E3EA7
:105EB000CA6A2A3D6C4FE63BDF2B7DBD77435F3CD2
:105EC000D075EABC380DCDBB3CF9DD3D4F3B2F3DD5
:105ED000BB1B86BC8340F83CC1C040BD00887E3EF1
:105EE00017F3AF3C0A4AA63DC55E693DC5473FBEB4
:105EF000E9939C3DB98329BDB685643DE174C4BD79
:105F0000F706C03CA7B0EF3C89A78ABE83C4663EB3
:105F10002B4DAB3E23C011BD31E7563D7D0244BD44
:105F20006B1438BDE3FA82BD8B1C17BDC9F6E23C89
:105F300003450E3D1C799FBC8AA5423C52A54CBE30
:105F40001C38293E820A0D3EF927803EC5570CBDFC
:105F5000647542BDA380F73CDF8663BCBFBC503D87
:105F60007F22A4BD4D7D0A3DC0EE32BC0B2DBF3E4D
:105F70003EBB74BE5B7ABABDE1C13C3DEA5BCF3C3F
:105F80007D562A3CE6FC213DACBA9DBD0A95333DC9
:105F9000460B85BD7A2324BD9A7B5C3EDF2C563CA4
:105FA000557F2CBF9BE8283E268C48BF410C043F00
:105FB0009C1292BD774FCC3EA394853D10D4CABCB1
:105FC000790512BED8B544BC3FA393BDFFA84C3D94
:105FD000F91C923EDB92943EB2737BBE049B373B2E
:105FE00092CA183D6C0EBD3DB701413D10E1743CB5
:105FF0005035A9BDD9718A3D744C35BDB6E3983D85
:1060000052ADA33D9485303D782D3F3DCDE31D3EFF
:10601000FD9940BE4B00753D38CED4BE3D2D3E3D72
:10602000A7FD16BC24BE10BDD569DBBDF124A03C84
:10603000BC0F9B3DEE88723E5C9FE8BDAB466CBEDC
:106040004352C63DB17314BD97BCA93D201B15BD7D
:10605000AB008DBDF20B363CDF26B4BCF30A50BE5C
:106060003D967F3EB2C2A33EF76F0D3E084406BE8A
:10607000AF88203D9E236CBDE610F53D0F744A3C71
:106080002954D6BBFCCC10BB7A271FBBE2EFAF3B39
:10609000B3B9023C6DAA763C2687D13DDC2E49BDC2
:1060A00006D778BE6849213D9F4657BDD369013D5B
:1060B000D0DCB63D3A338DBD18FC1C3DA186E0BC5A
:1060C000990539BEEE0B513E9896913EF6CDEA3DCC
:1060D000223833BD26F8153E7734A33C2621573DA0
:1060E0005FD277BDBA6D803C5DD6A93A23660D3B81
:1060F0000452013CD60264BBFFCF0E3D7BEC9BBE3D
:10610000632DB93C4285CABD1DEE803D43393CBD7F
:1061100075539A3D0E95823D78037D3D2010CCBD90
:10612000E7CBA83DF3EC82BDB9767C3EFAEB933E1B
:1061300035464C3CC38D44BBE139B23DE651183E77
:1061400042AA07BDC32F7DBEC4B7063C3ADB4BBC99
:10615000B6AB483CFA79A13BBB010B3C59C99A3D0F
:10616000ABBA12BFA681093A0C52183F6C5F0A3EC7
:10617000B8AE02BD851E683DCD55143A3B09DE3CE4
:106180008964AA3C2309CA3D58F1083E9961263E1C
:10619000E2B3DD3CAFEA393C3D2A93BCD7989ABCC8
:1061A0009ECEBF3E6E7BC0BD240649BFCAE10CBB7C
:1061B000D40897BBD7252B3DD3486B3D9B0C553B53
:1061C000390EA83D7C4092BF29549B3EF14AB13F15
:1061D000D3933C3E52D0D83C5FFC913D886FA53DA7
:1061E0004907993DA8CCE6BDF782503E70088B3E2A
:1061F00037098B3EC2A581BECCA7DEBCA82FC13C0F
:106200006894F33CF882153F0A004FBE1E3E92BFD1
:1062100010FB11BCC9AF8CBB2D4FB83C5275333D40
:10622000032BC83A262CA23DC93EB53EA8AF063E78
:10623000883A793D0D59173EE76897BE55FC993D60
:10624000D850A7BD3A2DAA3C74242ABDC627C4BE87
:1062500079C819BEFFB9923E8AEA18BE4D60183E51
:106260004F2CF93A490DCBBD53A74ABE4B2E63BD07
:10627000E5C3703D571AE63B69AA79BC07CAF23BF1
:106280000D3A8E3CA01E45BB44446E3B7DBAF03DAA
:10629000D5EDBEBC8C129BBDF4F17F3E5CAE8FBED3
:1062A000513E1F3C3678953D949DC13AF682593D4A
:1062B000EF9611BE53CF0DBE9F48523ED0D0F0BCDA
:1062C000B5A4F13D54D58A3D0D868BBB8C4D4CBE9B
:1062D0008AFE28BE41C192BD5348A1BC96985B3C42
:1062E00077AC673C73FDDCBB277A23BD29E3973C81
:1062F000E6C7213D36F85F3DE0F28FBD6F05883E71
:1063000071CAABBE404421BB1CBA1BBDEFE29B3D32
:10631000BC9CBABC182ACFBDA1AFEFBD46E2373E48
:1063200043485EBB65EBA03D06A96B3E756231BD7F
:10633000D48516BE329A90BE47BB31BD1B9FDC3C54
:106340004BBF8ABDE902FE3C10EB143D71821B3D40
:106350002B5D62BDDE45F13E7F40983EC16276BE58
:10636000C73B7E3ECC7BABBE39B5A3BDA900EFBC1D
:106370005D413E3C3194A63CC2563FBEFE99E1BC15
:10638000ACC704BCC7963B3C74D3F03C9687ED3E4B
:1063900056FC873B57FC0FBD1CF16BBEDBD12DBB00
:1063A00072E0C7BDE675ABBCF7A508BD9E45AA3B2C
:1063B00032A1173D3FDA6C3C16E5693EA2199E3DBD
:1063C000E8029ABE37EB803EBB6396BED8D99CBC30
:1063D0006AA990BD0DD112BD3A6D7BBA0E60B1BDF8
:1063E00058AF69BE694558BA3BE56D3EE6ABC93C5E
:1063F0000D2DC33DF5E67D3DC9A286BC3D64D6BDED
:106400009D92EA3C2D5EACBC6333893C9964A6BB8B
:10641000B3C924BD76D2CFBC4CF5D03C2E080D3E7E
:10642000C272C9BDD3E8F03E52B3833DE235A0BD90
:10643000B235CC3C1172203B5AB63FBDEFD04B3C3D
:10644000AFB0EF3C1E2331BE03008ABDBBE743BAA9
:10645000DB09893E270B013E743D0FBD123452BE4D
:10646000DDEA283DC0EC2B3DBC0CA43BD81DEC3B29
:10647000A1ECDB3C78F9D6BC8EEA8ABD67F42CBD72
:10648000CAEA86BE1A4536BEC6C1A73E8D8A653D9C
:106490004C879BBDA42AC9BDB5C547BD1496233DF5
:1064A000E8BCD73D18DC84BD5123AEBD9CEA21BABF
:1064B00094D07D3DF3A5483E876135BE826877BDA7
:1064C000183E48BB47B2A63E848C07BEEB5B2EBC91
:1064D000532F39BC7B478ABD4BAB24BD6FB54DBD37
:1064E000C7E4E53CBD92A9BE4CCFBF3D4C45843EC0
:1064F0002B27053E4B5CC5BDC29338BDFDBB323C6E
:10650000F8A23B3D318FC23CF0AAA33C528285BE2B
:106510007B6199BD83EC423D1F26A33EB3D5C1BE2E
:10652000E98D063EB62B47BD1880EA3E9F23813E8B
:10653000895689BCD3027C3CA1F780BDE17403BCC1
:10654000E86A083D394EE03CFDDF17BF3FF0873A6F
:106550002D6216BE43D3043EBF741FBD55F0B0BDBF
:10656000919092BD997463BC75C99E3D6477053E58
:10657000B21C90BE5BACD3BD95B72D3E01A4113EBD
:1065800056F7AABE04445C3D5CA2A1BE8EBAF33DA0
:10659000E8BBF8BD04FC3CBDF94E7FBC6320E2BC07
:1065A000889438BCA6ADC3BC4F86B23CA328F1BECC
:1065B000F24EEF3E9EB8BFBE08C70D3EEB5D81BDFB
:1065C000141D89BD7FC7D5BC9C9C493C8498003D67
:1065D000D2D111BE1C5EFABDC76E3BBCF2A8CB3D4A
:1065E000B0654ABDFC387D3D351506BE726E92BE63
:1065F000EE9A71BEE9FF183EDDFA55BEE2D05EBDEF
:10660000A473783B239D233E7F4D963D94AA41BDC4
:10661000ACDEA3BEFDA0DF3E0DC3E739A8E5A4BDF7
:10662000A4AA6EBDCEDF543DB808283CF7E9A03CD3
:106630007FA512BC4A8F073E69D6183D52330DBE66
:106640009D92D83D115A543CCCF79D3D90B3393EB4
:106650004F59373DC66AF93D69842BBD18FCF5BC1E
:106660003E9412BCFF1E0DBC62C1983CF5EE4ABCC4
:1066700076F4E0BBB1F833BF9CCB3FBDDB1DC1BDA1
:10668000140A5B3C4CCE2BBD1FFDDF3DE1D75ABD4C
:10669000D9F9AABD2064F33D17DF7D3D5BE518BB4A
:1066A00065C6BFBD587B583D3925A2BEDB10FD3BFA
:1066B0002CCFF23D1D09A83E42F4023C00F8D53D26
:1066C000FAD76EBC3F8205BCD8AE20BA1B4E05BDC2
:1066D00087E5A43C3C811C3DD8D0163DCDD59EBE5F
:1066E0008C96E3BE7E6B69BD459A15BC597AB73D61
:1066F0007BDB8F3DC6B53B3CD4A5F03C016FBC3C79
:10670000B28B30BBEF4C19BDE320E3BCAF9AFCBEAB
:1067100096DBCABD12727D3D0F969A3E90DC823C9C
:106720002F92ADBC82F6A3BAA75C083C0AF098BCD5
:106730005E3C01BD344E2AB9F5C990BBBEAE833E66
:10674000EE15D9BE08BE933CDC54F0BD9A7886BCE9
:10675000736A193D488500BD9F07373DD3E20D3E62
:10676000C8FAF63C8E13E9BA5B8900BE0EF383BB10
:10677000A674CABD41FE27BC0CDB2C3CCAA4C13C9C
:1067800020B19E3EA637F43D2121A6BD7D1A0F3DC6
:10679000B81AB83DE2160D3D0DE726BC9E26D6BCC4
:1067A0000DA4DA3B8F8C333FE177F4BDB870E8BDC0
:1067B000E47F313DBDD5183BBF826EBCA810B13C13
:1067C000995FE83C4DB3D53EB91153BE8C809FBE56
:1067D000363A0C3D6755F93EB99223BE7D3493BCE1
:1067E0002779E5BE4093473EB45357BDC6895CBC8C
:1067F000F50694BB67EF393CB8921B3D7A2491BCF7
:10680000C3E9CEBCD85DAFBEFFC7753DC8877D3D2F
:10681000752E41BD9414373E222785BC0786CC3C9B
:106820002FC86F3B8F1F39BE88CF1ABE53F825BEC5
:10683000A65CC63D833FAF3D7128483DE4264DBC74
:10684000850A4F3E321A0D3DB6E9C6BD1C67E2BD52
:106850004E9FEE3C182416BCEBF34C3B1204DEBCFE
:10686000CD799F3CF5E3F4BCDFF2BF3D31E2F4BDEE
:106870001EEB66BE848676BD78CC273EB1646CBBC9
:1068800016E1B2BDD674DF3CCC03E7BD534EB5BDB7
:10689000ACB834BDA796E03CF26908385DDADEBCDE
:1068A000E37F423E29B8093D136CB33CB3883ABE3E
:1068B000531C283D09D2C43CAFECE1BCE66912BCD4
:1068C000B08C553CCEB6CDBC136802BD896C2A3F56
:1068D00070851A3D450AA2BE349A2A38BC7D873D90
:1068E000C517E6BC6AD6C03CD991543B26AEF4BD70
:1068F000A84169BD040C003B6F0253BD8E55A43BFB
:1069000057DA1FBEF4EC363E9615093EAAC0523D3A
:10691000038181BD22C4803E8B94993D0BC2463BCE
:10692000CAD481BC62B4063D2C4A88BCF847CFBDAE
:106930001E826C3F177A083E5E071C3E026DC43C07
:106940006102FE3D9C73613DC8AD79BD98C3503C6A
:10695000B8506BBDBCFB213C991DEF3DD4C31A3E22
:10696000C1A815BE12E5EABC39CC14BE9138CD3EA3
:106970006EEBA93E938AC53D7B25923D25465C3D45
:106980005C8FFDBC3368013CF0D3AABC04D7163D34
:10699000AE61A7BDF7491F3F29B80DBF7F7D03BE7C
:1069A000DF4379BACC475F3D7374093D9994A43CA9
:1069B0000D773B3DA6DE06BEC8AD7D3D975CEA3C4B
:1069C000EE13083E80C79CBC9F4264BD22E0C4BE5B
:1069D00092567E3ACC62C93E31B5D83EDE8E93BE29
:1069E0006AEA8E3D81F711BDC665F53CDE731C3D3C
:1069F00021B1FDBC1797E4BD3E1B193E0CCD9DBED9
:106A0000721B403E46C1AD3D5ABEE2BDFA608ABD32
:106A1000002D8FBBA54287BD55BA403E67E896BDA5
:106A20005FD8BDBD3B3A243DDC64F03D1F6CD6BD54
:106A3000DD23113EFA2A87BECEEC90BAF9D4BDBD53
:106A40008432883D7F1CA5BCDE16713DFD3B02BD36
:106A500023120EBC8B85473BCC3438BDECB1F43DE2
:106A6000FC9433BE6FFA753DA34EA23DFD9686BEE3
:106A70008A94B03C45EE613D6813C63BD74C123E4C
:106A80006CAD6B3D5E1F3EBE80999F3D86625B3E56
:106A900091FF783E97B0DB3B86BAB7BD850C93BEBD
:106AA000B4503BBDF5A7ED3D90A3D9BC3C19813C4A
:106AB000B5A6E2BC2EAF1A3D6D4237BC53694F3CC0
:106AC0003E17B83EF7A859BD7A75FD3DCFF50C3E8F
:106AD00037D066BEF5A6F3BC02B70D3D20D4DA3A36
:106AE000D05A263ECA88303ED20737BE9C8797BD13
:106AF000BF7A093EDF39A23E1918333ED62C9B3EA1
:106B0000413FACBE24E9473EAEE4DFBDF6C4323BB4
:106B1000017A35BD9B028E3D0D22CDBC7B9B503D45
:106B20007C25923B0B1861BECEB03EBE8E77C03C3A
:106B3000A5B7483B4AE863BE5E07203DD6CCD13BB3
:106B4000F5A5B03D80EEA93C8EDF19BDE95A833C26
:106B5000B9778FBC5C3D163E3C91353E0C6D113EC5
:106B6000E841FC3A75011C3D46372DBE4DF75B3EB2
:106B700037004BBC32EA60BD9C91C73BA9068A3BFB
:106B80004639E23CD0EE693AD02992BFC23DE8BB1B
:106B9000A26FAD3D450E9E3CAC8792BE2089043D60
:106BA0002CAE2CB97D1F65BDAE9FF43C8F6C983D1B
:106BB0009D740BBE1638FEBB35B0F43D456E563E97
:106BC000C472A3BD8D1DCABB66827F3D1015BFBEBA
:106BD00057B8A33E627BA4BD45F5403C46EE27BDB9
:106BE000815A933D997F6C3C0D6DDDBB3088103D23
:106BF00026A3CA3DAF8B21BD54CF31BD19C4A43CDF
:106C00002254D1BDDBBA2DBC4ADF133C61DEA6BDE8
:106C10007D057FBEC149F4BDD5306C3EA4E6063D7E
:106C2000A339053D8347AD3EA3EC103DBE93C1BCE7
:106C3000F513FDBDE266A03D2545083DF30F623C1E
:106C4000E17F84BD3DFE4EBC2E3DAEBC1B0A4C3CDC
:106C50008662463EE323B1BEF7E6F6BD577F84BDAC
:106C6000BDC219BD9A041BBE6718803DA2AD5C3C35
:106C70000C21433DB8E92ABEC34308BE2C62213E25
:106C8000EC2F183E78DCB6BD4907CD3D0A6288BBC3
:106C90000449A93DD366403D0C2C64BE9B77CE3D94
:106CA000DF33823C55367FBDA49DD3BD349BF2B902
:106CB000553B9D3CF0489ABE3BDFD3BC465D2EBDA4
:106CC000B5E54EBC60B862BD7F7D20BE00D5293DD4
:106CD000E45505BC740318BDAC5491BDE893B8BD30
:106CE000B10FB03D08D85D3EF1CEC33DE34532BEA5
:106CF000680F8B3E2368333DB67EA03E5A900ABE95
:106D0000C19E363DAE60CEBC54A3363DBA9A7739AB
:106D1000A3E84FBBA0904BBC69B9F2BD9089C1BD3F
:106D20001A3C623CAD582F3CF2F0B9BD8EEB17BC5B
:106D3000C55F483D7D71ACBD853C5ABD6531083CA1
:106D40008DD63F3DE5D2F9BD2BB7243DC651B6BD2A
:106D5000E7D3A43D5A836A3DE68A9EBC4B913FBE71
:106D6000D79B14BEFED5063CB9FEA4390FF105BC75
:106D7000814E4B3D6D8FB93C55E1CABBB8A167BD93
:106D8000139C803E140A403DD564A7BC153C42BD0F
:106D9000DAA88FBD390B543D99750B3DE4CD57BD35
:106DA000273F743E8A2ACA3DAEA673BEDB272ABEA1
:106DB0008A63D93CA5491F3ECB6E8E3DA797BDBDCA
:106DC00091EA83BE58225BBC7BEA923B111EAEBBAC
:106DD000032397BC80FA583DA78CC6BC859699BC06
:106DE000E44A3D3F319294BD0A9FB73D8C8CC0BDB3
:106DF000D0375C3EF0430BBEACE19E3DD178873D81
:106E0000D70056BD4D57BCBD84CF193E4A11163C24
:106E10009319A2BB5D1A793EF9A60EBE1CCF5B3D4D
:106E2000FA9499BE46394E3E861F173D0D12B53B6A
:106E3000717A963C713284BBF807483C25455C3C2E
:106E4000182548BC4095843E79A904BDF12F553ED4
:106E500042AD9CBD300A5B3E4EF599BBECB2A9BD7C
:106E6000CB199A3D138092BC303A0BBC0C85043D83
:106E70008E48B4BDAE68D0BC9A1A743EA8E52FBE49
:106E80001050513D56C93EBEF5FA223D48DD49BD80
:106E9000C658183C06A3EDBCF929FB3CBE2C9DBB93
:106EA00054F6A73CA5C4D0BC906C603D3470B33D93
:106EB0003F51E13EFAD3C1BD06277B3E05688DBD3B
:106EC0005FEAAE3DCB50AC3C276F8DBD337BCB3DF5
:106ED0004AF8B33CBC19FABD3B4B863CECA7B93E23
:106EE0008C029ABE81798D3CFCF13DBE6F971D3EB0
:106EF000F79812BEBA339CBCEAC66EBA5B0B673C0D
:106F00004074793CC80AB03C04BB4DBD8433973E05
:106F1000F5D5AF3D3DEE083F7DA8A7BD5414EE3D2D
:106F2000FC9412BD8349953DA503B03DEA6D383B05
:106F3000E5AE9E3DFC0F473D254538BD7F807D3D3C
:106F4000A9A38F3E2D449EBECD533D3B31DD06BEF1
:106F50000F511A3FE7FF0E3D020E57BD5A6959BB4C
:106F600061C5B23CF7211A3D054A163DEDD61D3CE0
:106F7000880C9F3E3F22E83D8981C73ED01E6CBDF4
:106F80001E18ED3D874FB23BA89D993D7DD5B93C7C
:106F90008E8015BDEA5D1E3E0FA7F4BDD5490D3E9E
:106FA00068CC3BBD1AB6F03E8640CEBE2855D3BD58
:106FB000CCE0B0BEFEFE0E3F57919CBCB1AB8FBD86
:106FC000EADA303CEF7B363B320AB93D8DECC33C0C
:106FD000AFC589BC8C9353BEB724B2BEC54C18BE96
:106FE000336115BE1A26313EAEA0953BEED081BD71
:106FF000AF111FBD41CA0B3E0295733EB0F527BDD0
:1070000075CB053DE4DA813E940CAFBD67A433BE79
:1070100097D5053E7110DB3D948AC9BD626B39BDC1
:107020008F59C03D8F6672BBA2A58EBD432B4CBD50
:107030006154543CDF22833CA5BCC1BD920809BD0C
:1070400079CA3DBEA92C67BE0349493E427A03BEB8
:107050002826E0BC9E9490BDDF6D343E100A303E81
:10706000680690BD8A77BB3C1DCB383ED1FC253DE0
:10707000EC5292BEEFBF9B3EDF2010BE001B04BE51
:10708000C23B52BEFAF24A3CFA17113DAE86AFBC83
:10709000EC1250BD0BC5F13C3A8A4EBBCD2A113ED5
:1070A00064C098BE772A2BBE0EF171BE0791803E58
:1070B0006A31E7BD2543B7BC5F2E37BDAEF5253E2F
:1070C0007A599A3E6575703D75F0ECBC85962A3DFF
:1070D000ABA058BD527C8ABE11C1D53E629761BD3E
:1070E00054ACB6BD4FCC40BDEBF4193D8316EF3C1C
:1070F0007B6425BC6CDD25BD60B852B888F4193DB1
:107100001FC017BC55D766BE56DBE6BDDD9482BEF8
:10711000CEC1893EC2538ABD3FAE213D63B67D3D9F
:10712000796A2B3DC1D5653ED84CEB3D6DA8053C39
:10713000A8D65A3DAEB5233E9D0500BFCB86823D05
:107140001212F03DC59DD0BB46512FBE7E3DD2BC34
:1071500060CD3BBD22CF1F3DB0BE7FBDCE8DA5BC57
:107160009B18953C21D789BE8F65A8BD3CD7F13DC2
:10717000616587BE5A195E3E37F2CEBC0DEC42BD4A
:1071800017AD2BBDA82D203E2025DA3DE44E203E34
:1071900085D2003EA4DA9ABE25A90A3FA6CEE8BD54
:1071A000E9DC863E7F7E2D3D228712BC23BA8FBE4E
:1071B000D911873DECC739BD4AFFF33D8C4DC6BDA3
:1071C000A9EF26BD7C87603D3440A3BCE8C9FC3DE7
:1071D000658D163F8B71FE3D03CFA43EF4B334BBE7
:1071E000495299BC08F5323D60CECB3D5E5D47BD4E
:1071F000E9931EBE01AD813E1D173C3E940FA93C94
:107200007D109CBDD802133DDEFF73BD2B977CBE65
:10721000F406D0BD5C14AD3B42DD8F3CA18FE73C52
:10722000D6DB833DC7EF6E3C5714EC3C2343593DFE
:10723000C5D1E9BC4FACA43E38F1343E35DF763ED3
:10724000413C35BB6A2021BDB16F783DC40DE53DA1
:1072500029A44D3CF38B1DBEFACBB03D3DE691BD5C
:10726000B6BAAABC59D31D3875B5D53DDFD7003E97
:10727000F9FFD5BD1BB423BEA693973DEF93B2BCD7
:10728000AE141E3CA623A3BDFCF9213C120537BD5C
:107290007CC89DBD372F03BD3318B23E42D4143E87
:1072A0007FC1553EADDA48BD1476ABBD2EA1773D0A
:1072B000D08FCE3CB2FFD23DCAB909BE0E40FCBD54
:1072C000616A79BD76B3DFBC276A823C080A7C3DDF
:1072D00072F65A3EF0F555BEAC58F43B05E09C3CC6
:1072E000144E623C3CD25ABC5A56D3BC0F23893C44
:1072F0001646DD3C383931BD36DF323ECA5F81BCCF
:107300005A74903D3AB34E3ED5F4213D06C18EBD30
:107310009C7948BD2A5A073DB56E4E3E5348A13D63
:10732000FAD8F3BD69FF7DBE780E1E3B261E42BE15
:107330005C6A333E2DAC323C8F9F8C3D753E7EBCEB
:107340007AF828BC595DBC3C0850543BA6935E3C7F
:10735000B8A5A83B6E3887BDAEF2313E3BB2743D56
:10736000DA74F4BEFC5C153E0A374B3E4C8DD93DB9
:10737000E07B0ABD5D4C84BD0D88973CDDB3193EB2
:107380008722A83E52AB6EBE837D66BE6476C83D42
:10739000235A97BEC30959BCEFE62DBDD14C2A3EF6
:1073A000CD02363E3C63153ACBE1C938403E19BAAE
:1073B000B59142BC5F18CBBB80C999BD497E0D3EDB
:1073C0004A14033D48EA69BD6D98A03DC8919FBC31
:1073D000F521F23CDF809BBD4D3C8E3D98CCAABC94
:1073E0008C100BBE6099C73D3D62A83DFC570B3D1C
:1073F000BDC7183E22FD633E18928ABD136AAFBC1A
:10740000919228BDD653D63D7E70663D71F4683C9E
:107410003FAA32BCE0322D3C0EAFF7BC5EA7E3BB07
:107420009B874FBFD8C1E8BDD4422A3E93F51E3E8C
:107430009BA9CBBCC745BA3DB5DC803D97E58A3DED
:1074400050A49DBC7A164A3D0EAD423DFBBC093EA0
:1074500091CEB9BCF0C171BD2904953DD408383B2B
:107460006CB84F3E79EF743EA5F46E3EFF348C3D10
:10747000C99DAF3A1F65213C5D36193D2BA00BBE5F
:107480007B01953D8138903DB8DF0D3DE69EBF3DC7
:1074900041F0E53DE2FF243CB31E8C3D0BBF9ABD9D
:1074A000C9CB6EBD0896903D4F1FCABD19F775BD7B
:1074B000340C083E58ACC23D3307D8BD5DC06D3DAD
:1074C0006E42803D2DCEFB3CB0564D3DC2B0C4BD9A
:1074D000EE60153D3B5F6A3B00C817BDD16037BD0C
:1074E00048BE253CC8CA283DE467143E684B623D4F
:1074F00094C8343EF028F83DE3CC40BD72A17BBC7B
:1075000085D0943A1CF6733D284A98BDCCAD46BD53
:10751000758F39BD86221ABD8C4EAF3D1142173D85
:10752000C614433DEA0D2F3E5C6AEA3B3094E9BD48
:10753000B5C0C0BDF390B23C0DD5CB3BBEFB09BD81
:107540000ABE3CBD6707AF3CBC29323D473BFA3D14
:107550006C0597BEDA64FE3C76461D3EF5A0003C05
:10756000CBE31F3DBDA88FBDF52CE0BCD01A6F3D0D
:10757000C817613D7F21BCBD1C805ABD6AC25E3EFA
:107580003A11C7BC814B9B3DA84D013DAAFB363E3D
:107590009905E7BD9327E6BB943C413D85BFE8BC18
:1075A00075A2B73C1E2DA4BD6486DE3C2F477E3CF1
:1075B0007E4B853E22135A3EF93EA7BDA7EFDBBDA9
:1075C000ECA45DBCE4BC0CBD9341623D204B913DFD
:1075D000E64E043C08E68CBE392A00BE5A43843E7F
:1075E0006BC2DB3D41E2ABBDE767433E0A5F503D06
:1075F0002141153E4480C8BBD63B58BE97D05FBDE5
:10760000576407BDB0395E3D63BAFD3A3EA2A33C64
:10761000056D9DBD99A746BE10947A3DFF33BFBD51
:10762000D576DE3CB28A14BD1E93D9BC4A7C5D3C43
:10763000C8A3EF3B48B784BD8FD066BEED70433C16
:10764000B9B8503E4422523D56BB75BECB723D3E4A
:107650002890BFBE3B84ED3EAF0FC1BD35E6CE3EA8
:10766000CA52B3BDF4DF463C1D3704BD00A9B33D8B
:107670005D3353BD7712363D19799BBE1A869E3E07
:107680001C14F33BEEE8B03C215C81BD422C6F3D05
:10769000F1EC953DE8B532BCF6C7883C8779EFBD83
:1076A00095D3C03C39C8A43D301A3ABB3207FE3DE1
:1076B00066E9D6BDDAD69A3DFF2409BDC7AC56BDF2
:1076C000C0188D3DD1B39FBAFAC010BCD5A9D0BBAC
:1076D000D1E72F3CC6D11D3D6AE0FFBCD1BF553E6E
:1076E000C2FC743E728D3FBD86727B3DDC78CCBDA2
:1076F000384C0D3E70DD803D5748233D49BF96BB59
:107700004BF1553E5251F33CD7482ABEC517AC3D0C
:10771000836FF83D8F1AD1BE116C153E377005BED0
:107720005775953D1DA998BE36F14E3DB0D273BD3B
:107730005C0C1CBD4E54A6BC4D39203DECEB0D3D00
:107740003394AABDEB9FD1BDF1292ABD48BFB63DF8
:1077500006C16F3ABFD4BC3D479E7BBCDCF5BBBBCA
:10776000C183CDBD35857E3E88F3E8BDF3CE0CBE2A
:10777000559C513EC0FA04BE07EAC6BE4D3EB7BC9A
:107780000C01893EA2D54E3E5FB82D3E29D6433D21
:107790003513CB3CD2E18EBDF2931EBC3DBFBABCCB
:1077A000F9E3303D6462EDBEA2CAB43D5D79EF3CC1
:1077B0004D81503EE1E2A5BDA0B8003CB7D4423DAA
:1077C0001A78F7BC5CB8BDBDFAC5A4BE88598EBE98
:1077D00099FC8E3ECDF30C3E5C74CFBB0E4BBEBD10
:1077E000C9D3D2BB34ED11BCF200B53E9E2496BC89
:1077F00021FD57BC91B9F3BC54CDED3C90CC463C37
:107800006B10E13CEA46E63B6446ABBEA9042C3E65
:107810003FD63A3DD4C7C93D7D4759BB75130C3E91
:1078200076168F3D706408BDF80689BD33BD54BE21
:1078300095A85DBE64E13E3EFEB0403E6C7F1ABC42
:10784000D021D4BD7B6CDE3CA65E723D48FA523E30
:1078500024AC5F3B311E033C6759F6BB08F4883CFF
:1078600023DBD73C73F640BBAD9BE2BCAD9985BE34
:107870001FC29C3C60E44C3EF928333EBA46C13CF2
:107880006068FF3D734854BD25E936BC08A5063D38
:10789000785E4BBEAFF044BEA461063EFEFA4D3E9C
:1078A0001D3D1ABD61CEA23D2A4BCBBD5B825CBCA7
:1078B000737B17BEB6018E3DB15EB83B54C5E4BBC9
:1078C000E585603DBFAF1B3DFED8F9BC52061F3CAD
:1078D00074D1973EC15481BC3177623E81E9293E23
:1078E000DACE863D06E9603DBB5B163DB7DB783DF1
:1078F0003B70ACBD4E371BBEEE79C7BD3A0133BD00
:10790000612DE43D314FBFBD061A7BBD6E4B2FBECE
:10791000D7AB8C3DB2FDE9BC8669B5BC6B12CABC65
:1079200005F6FB3CD667223C59174D3DB7B986BDDD
:10793000E980DE3CE5F8933F596C543E5D21413DC2
:1079400044B6493EE90E673DCAD1A83DF0BE893D27
:10795000E430B6BDB2D587BCEF7C68BE2043E3BB44
:10796000F02F953D1C6C963D027FFF3BE45C3C3D57
:1079700050C5C2BDA789CEBDF4409EBDB94F0DBE56
:1079800094BF71BBDE53AE3C79073DBDE078303D1E
:10799000D6A988BC53F7F53CE278323D86AA90BE62
:1079A000B915163E3C8C82BDE3D592BEDC5127BD95
:1079B00038F56F3DD0F6703D1AEA30BDF1CCDCBD34
:1079C00001ABE6BD7AC18EBD9405DABCBCAAF1BD9F
:1079D000F232A4BDF04B6BBE15EA3EBC55C3083D68
:1079E00094D8EA3D56F6D13AC6C905BCB2FA43BDB1
:1079F00073AF833CB9BBC53C038DA13B20D519BFF8
:107A0000B7F768BE07F226BE5FE302BE71549ABEA6
:107A10009B41C33DF1ED87BDA74CB1BD33B37E3D66
:107A2000F3A897BBA27CE2BDB3106DBDC3F6DC3DED
:107A3000530027BE676767BEA7F40FBE33F6F63D57
:107A4000629FDC3D430E7FBCD90C943BE73CE53B99
:107A500062FBEBBD39911E3DE8BB75BCE916A13D4B
:107A6000351D4BBE61B3BABE24806EBE1FE7BABDE2
:107A7000C09694BE47B1833D519D48BDFAD492BD96
:107A80002C628ABD4F3077BD3B8749BDEFE080BD9A
:107A900033CD843D5124073D370227BE409E783DBB
:107AA00066A622BDED2B623EEA938B3E7245243ED4
:107AB0002A4142BD877245BE96A9AF3C4ABFFA3CF7
:107AC000E73C65BA78A78D3FFF2CF63CFB70FB3E88
:107AD000C1F29DBDE2199CBEACF4C43D4B63A73B13
:107AE000BEC486BDD93111BD4C20D73C032245BE52
:107AF000F79AB7BD82BA2C3E2D9F573F85BFA33D55
:107B00003DDDDB3FE95804BF9AD51B3E75A950BF48
:107B10003C75A43D91835D3ECA09153EB9245EBD06
:107B20000331263D5C269DBD1F71EF3D3886BEBEEC
:107B3000CDDD663BFCD305BD5A918BBEF407793D84
:107B40006CFAB53BBFA0523D377435BD3D66A43BD2
:107B5000958F82BEB02D4E3DC943453E1773453CBF
:107B6000669C1DBDECD4FA3C3863713E6DB1213E7C
:107B70000574313E460432BCDC5077BD72E4263DCC
:107B80003A4B083D52DB753D6D22D5BD1704A53E2D
:107B90009C7B183E579CFDBC841439BDA3B27D3E2E
:107BA000A878C6BC24D61D3D2E8B893D1E8ECD3CAB
:107BB0002D23363DFB62923D8884A2BDAFE5D7BB45
:107BC000F7750BBEFC700C3D509D8B3D85E6B7BE36
:107BD0008B5B88BE9A5DC0BE0D38CB3B44D5623905
:107BE000EB33913CAB8444BDFB7D853D83090ABCEE
:107BF000EA3E723F9D1687BE41C245BEF23BB2BD12
:107C00009136343E33AC23BD446D80BD4996863DEC
:107C10000BBBEBBB234D223DBA8BCBBBF8A808BDF9
:107C2000F60690BD1CBBB2BE544A9EBD05A96EBEF1
:107C3000F6547BBD55B80D3E6488673D4B58CF3B2D
:107C4000D7FC3F3DF8FE89BD02112B3C130197BCC8
:107C500087642BBDA43A4EBEBB8B243EF1B34DBA14
:107C6000CE4585BD37A6413E7EE3EABB445C7C3D04
:107C7000501A4F3D0998A2BD12385EBD36AA7BBD91
:107C8000DD5DA43A7565B43D22383B3D0CB54FBE71
:107C9000F1A1BB3C3535B13C5D4C803EA2B59A3D6F
:107CA000D4DAFEBC71D2483DBB39E63B9541DC3CA1
:107CB0007A46ACBD06085E3D2977E83EC344603E87
:107CC000B948E6BDC25CDCBD4DFC943ECA181A3D05
:107CD0003FBE4D3D5D45AE3D6535ABBD6244DDBC4F
:107CE0006B4807BEDF1D3ABE1723E6BB6F9BBEBDC8
:107CF0004C5A63BE0D02C4BD496D7A3C055A1B3E09
:107D00006B7D0C3C6F9B4EBD0187923D857D11BE06
:107D10008563463C6A89793C2101C53CA62925BE7C
:107D2000C41BCABD1BFF84BD98C138BD780F3E3E41
:107D3000BFAD04BC822CECBB5EB5273D7630243D44
:107D4000A955763E297990BDDD3808BFC10CC1BD6B
:107D50007282073D96C102BE66DF5A3EFC3347BEC3
:107D600062D5223EF34A9EBE9753F23C6098A4BA75
:107D700054829CBD43278BBD6A4CA5BA6C98AC3D20
:107D8000A060933ED77296BA8EE5D53DAB2871BD03
:107D90001C21343DEE497EBD47F22ABDDA8DA23D5D
:107DA0004BB4E13DED1F55BE7EE47BBCF6B90DBE84
:107DB0003D390F3EC82B92BD12EABBBE561956BDC7
:107DC000AE62F33CC4F90C3FAD4A94BD181C683C4C
:107DD0002AD5D03C5885903B0922F83C99FC18BD27
:107DE000CF8E0B3C71F72A3E9C0BD53EB422083E49
:107DF000BFF768BD3463863DB2D1993A84C0423D35
:107E00007B0A8D3D0506E83D1B6609BE9AEF8ABDDB
:107E1000005B8D3DAC58313EF0B57C3DB4C7923B24
:107E2000895136BC1805EFBC0B124A3E667CCF3D2B
:107E3000389ED5BA628233BCE9D8633C015E443DCA
:107E4000CEE2ABBB27AEC1BC2A8CB43E80C8593E43
:107E5000044F633E7F3C3B3C539C8F3CE33439BD35
:107E6000FC3D123D8DF6AABDF47C043CEA23F2BD34
:107E7000F99A9ABDEBB48F3D393E2F3EC656CCBD24
:107E80002DC46F3E65E3A23C9FDC433E59CB35BE1B
:107E90002B60D23D16E31D3D8A43A2BC9150CABC63
:107EA0003477633D4C5B2ABD8C30563C37EBAF3D9D
:107EB0002E0A43BE3D15DC3EA46F9ABD0AFFE5BD08
:107EC0004B3680BDD3BF4ABD9D53673D1CDFD93CB7
:107ED000574912BD8D2AABBD40BAC53D206C943EBA
:107EE000930B63BE32D2823D780EF5BDE8AC693E9D
:107EF00024BB7ABD1436A03D7E29FB3C351E413B98
:107F00008068243CB8A3A9BC624A33BD2360713C9D
:107F1000C10281BE7CF2DA3E1948493FF500B9BC86
:107F2000F87AA4BC511BE63CA77A9ABC573142BCF4
:107F30003E09D73D0790D33CE9E1ABBE602320BEAC
:107F4000D30F9F3E52AA823DA2DFAD3D4ACEB03D47
:107F500074830EBD575A3CBECCA719BEF9A36BBDA6
:107F6000342402BA57985DBC1811DF3C073F133D1B
:107F70004780233CD0FEE6BEC8418FBD344FDE3D76
:107F8000A0B14D3CB7716ABF43FB11BEC103223C97
:107F9000F86D97BDFB8A48BC5F1978BCEB99FCBDB6
:107FA00062E3BFBD6ED98D3EC6E0E53DABCE003E7F
:107FB000F7431E3D7BB0ABBD082576BE1A3BFABD2C
:107FC000327007BC1090D53AE76C92BB985E55BDF5
:107FD0002D89D5BBA6200E3D2A8B06BF881BB03D40
:107FE000D02822BD47C4D3BBAF445ABF962ACFBDC9
:107FF0008144AEBD5128A0BD163A0E3D03D2283DA6
:1080000043134CBD727907BE9C78573E62D7323C11
:10801000A51F5D3E7F32413B5918B2BE5E626BBE0A
:10802000432B2ABE125F81BDC9113FBDAD356F3CE8
:108030004198AA3D41DFE7BC4E2F1D3D832E37BF3F
:1080400009DDCB3D57EB4EBE8012B73BC6BC50BFDF
:108050000E8925BE8A80043DC8D45BBD17A0593D5A
:10806000F263103E47E5BCBD137B0ABEFA29863E8B
:10807000D5E7043A39FEAC3D42C7CB3AD17FD7BEF3
:10808000AAA0D7BDB961DDBC2FB1A2BDB8BD60BC8F
:108090009890E23B04FA6E3D4278C8BC53DA22BCA9
:1080A000888752BF4EEA58BE418408BF59F7983CB2
:1080B000880335BFB57F1FBEFF185B3B0E7BC1BC7D
:1080C000281A2EBDFFE4113EE02809BEB2481EBEAC
:1080D000F17B443EDF820B3EEE9B353EFB54F6BD0A
:1080E000D67AC9BE903E40BCE4F0683E16B141BDB0
:1080F0007C5E86BC7C97753C95A26CBDAA2E683DC3
:10810000A8872F3B0E7E07BF5AF270BEE73E33BFF3
:108110004E23F5BDDBDF10BFBA681ABE5B3C1D3DC8
:108120003C45AEBD4FE3D63DEB5E713C6B992CBE3A
:10813000266655BCA1C8583E573BEF3DB232723E51
:1081400081D9E4BBE147B2BE86FFEEBCF07EE23DE2
:108150002AA955BD4BC600BCDCB10E39F4F264BC93
:108160009BBCE53CFF6A83BD763EA3BD6E6C433D80
:10817000F31BB8BD9BD8E0BECB6840BD7E34B5BD17
:10818000EBC10E3DBF5A8DBDC42836BD65858EBE80
:10819000398104BDE137193E4F11873D2809993DCA
:1081A0001645C8BB48770A3E34E6FEBD225D87BE51
:1081B00055CA8ABD261F9BBB117FE3BC5EC4E03C51
:1081C000F36075BDD37B023D3151813CF1A071BCA0
:1081D000EC27083DAF4341BDBBA894BE0C37C1BDE1
:1081E00068CB29BD47D89D3DCBE1CC3C2F7AEB3BFA
:1081F0004DE101BE8388153C4149F33D936ED33C6C
:108200003982EC3D7C722FBE8C49973C6C1ABDBD07
:10821000792D66BD704BC1BCC34F28BC05E1E8BCDD
:108220005F832F3DDB3F38BD51E33C3D87097CBB7D
:108230002ECA70BDE715FCBCDF0A82BD99AEC7BE71
:1082400045C426BE9083373DF18A84BDB69EE13C8D
:10825000703DCA3C642F3A3D8031943D0EB5DCBD83
:10826000AB8DA93CA929C53D973838BC97AE603D78
:10827000F3B149BE3400A13D73BBAB3C5DA26F3B83
:10828000BA81F63C4A9EE13C23089DBCD2A2C83A82
:108290006EE0C73CA1BF83BEC8029B3DB9304FBD55
:1082A00088E5AABED4A2FCBD4AD4483B2C62E9BCF6
:1082B0005633223D0EA7D53C5438373DB4FDE43C3F
:1082C000169495BDE8E32DBE7CF66F3D8E75813E1C
:1082D0000DFF003DC03840BDAB15C03DBF735E3CD7
:1082E000356DAB3C371E1FBC3A1B843D7E2175BDEE
:1082F000DBD0E3BC4379683D1B8FEFBEFAEC14BEC4
:108300003DF68BBC3FD1CCBED59DF3BD2790753DCE
:10831000A02E77BD163568BD5868E63D574B763EB2
:1083200069F9973EC0FB8DBEF340ABBEE32E82BD24
:108330009ADC3A3DCD13C0BD9626C23D132EB63D04
:10834000287CE33C12DF943D090AA13CC5FA383D84
:108350004E8A9EBCEAB54DBCB3F6733D6DB0BE3ED1
:10836000092BCCBEE190D8BD273F3B3E4C2D37BEFC
:10837000CCEC303D56FC953D7AF4313D7DC2B8BD24
:1083800021F3013D755F19BE708872BD0046543EF1
:1083900098B1463E7BE414BDBB7307BE61FE85BD4C
:1083A000912129BD331CEF3E2929C43DCA4C8FBB06
:1083B000813616BE4D1094BD77748C3D89D9D13D60
:1083C000CC7C2F3CC0D6F03DBA9F323E9F6C2D3EF8
:1083D000CACD5ABEBE9E393D92C7563C7CA87EBDD2
:1083E0008C70FCBD83FFC73C36F421BE207B143E5D
:1083F000F40E853DC6DA303F4028BB3DC6E1863FDE
:10840000016410BFAFE2EABDBD8FA5BF39BBB73A6B
:10841000E530E93DA331F23DAF2CD3BDCB048EBD99
:10842000E55BFABDC97BBB3EA22001BE9F53B6BE31
:10843000C97D9C3E34A744BE5EF64ABC108A0DBD81
:10844000392FAB3DB78805BEB96EAABD749ED2BBAD
:108450004D64653DEA475C3DB8BC99BD6742833DCC
:108460005CFA56BEA293083C756C983D5672C73DA7
:1084700010CCB8BD260A3EBDB475173D5495173DC6
:108480004E1A3D3D480A373C67950EBEAAED68BEC0
:108490002E0DE2BD6AAD773EB69923BE1B0784BDA3
:1084A000541E833D58C994BD2F6C153CFC62893D18
:1084B0008FBED4BDC1E695BDA495323EEB780EBE0D
:1084C000A00603BCEBB702BE5B29233D2C23A73DCE
:1084D000331DDABB0548E4BC46B5073DEE05BF3D9C
:1084E00054A985BC29275C3ABB41B9BD1740643EFD
:1084F0000E2F71BE6E349DBD350BA53D7C4931BE3E
:1085000004F2103D4C671EBD84EF5DBD57A9E3BD6D
:10851000D5D3EC3C3715CE3D560281BEDC18AB3CC2
:10852000635446BE21F997BD6086BCBC6A0350BD4A
:10853000E5F8453B09E9913ED05E933CC8B984BC5F
:10854000A5EBB83DD7E1453C927820BA7CE404BE67
:10855000A624F8BD06C6323E043502BD15309BBDCB
:10856000DB3E95BE1BF594BC3C9336BD363B69BDE6
:1085700068C458BC3801D9BDBE06A4BCCDCE093EE6
:1085800005FA073E571E943D16E0093D50A98A3E64
:10859000C12823BD076D1F3EE402CBBD2391053CDE
:1085A000AA9C6ABC141B9B3C6096603D94FE933A67
:1085B000AF8742BD491AA2BDD19FA53C6A3B1BBCF7
:1085C000E6E07FBDF31381BE6B44DA3C9669633D00
:1085D0004E08813D86143FBD1B489CBC14EA3F3DBC
:1085E000A42CF03B3F78FC3D2747123E58B724BEF1
:1085F00013DFAABC192CA9BD189D5B3ECF00043C1B
:108600005C4775BDB8B0DB3B5393183DC769463D29
:10861000F494633C773101BD8F4D1A3C9CB034BE5D
:108620000EF292BD5A1E90BD749F47BE9233773CA6
:108630005573993C9FF43A3CE1D556BDD71C103E8A
:10864000AFA9C13D1A2D113D9152183EE4DDC13D47
:108650007F685ABDD8105FBE163CDDBD68350B3E45
:10866000AABD2A3D53491A3D2E2EE73CCF61B03BAF
:108670005488E3BCB2550C3CEBA2ABBCCCBA983DE1
:108680002E3F9ABEAB660EBEFEEACCBD866954BED6
:10869000FDA9F93BEA53923DAD35753D2C64A4BD6F
:1086A000F0097C3D31B9983DF564D83D0D78A0BD09
:1086B0002ECE3ABDADB7563E4339453ECFD640BD2E
:1086C0000AA7363D8895A6BE6F68393E7F15A73C40
:1086D000B2D1E4BB64160ABE8A1244BDDA98B83D32
:1086E000DCBE8F3D1E46F1BD39CA1CBD9E52F2BD97
:1086F0000B3F62BE5A1194BDAAD800BD36F88F3D1B
:1087000061690E3D9989523DB453AB3E3444143EE9
:108710005BD038BE96B3D33CE5D6753DBF52113E13
:108720005263323D6001B23DDEDE49BE6E2F993D9F
:10873000D2001FBD2D731C3DE756B5BC5A5001BD7C
:1087400017E105BC3038133DE94DA6BDBBA333BBD3
:10875000ACEA803D6EE16FBD370A093ED47E6FBD45
:1087600000BB4BBD7478043DB91F1D3E6A01C1BDFD
:108770004E9B71BE3FF4D23DBDA136BEADF6B0BE3C
:1087800076CD1B3D2F6BDF3EAD997B3E514E9ABBA4
:1087900074FA8EBCB600ABBB2D1CC0BCF75CA23D0E
:1087A0004B55F6BC51040CBD9E371EBFEC2AB1BE22
:1087B0001F01A93ED39C993D0202D3BDD092673ED2
:1087C000EBBBACBD990C22BD2240A23CA0706E3D1B
:1087D0008E7A74BD26A937BD9543CF3D92FF01BE69
:1087E000F5C2A0BE57D39D3DAD0E003FBABEFB3EC5
:1087F00034099C3E848C4DBD1B82A8BA17FC4539B8
:10880000B958D83DD62189BDCE4FD03DE2A6F5BEA0
:108810008FBE3B3D6DFCA13E5AC486BDD14CA3BC6E
:1088200000880C3EE2EF3DBD8AA5813DB4AA143D0F
:108830001745DDBC7BF318BE2E4110BED504813D2B
:1088400035FDB13C49A0AC3CF97C143EB1AEA83C2E
:108850009D3E593D7E8E45BC386CC2BC92175CBDB6
:108860006DD6ED3CCDA9CA3CD943DE3C4B4EF93C1C
:1088700048E60B3F37884D3FF5F0883E2B5396BDB9
:1088800080D59F3CFA0A5B3E2C4650BD25CE623C0B
:108890000A61DD3DB251A5BD87DAF6BD4794E5BD5D
:1088A00075D7863D6D1F043E7D270D3EB39314BDE5
:1088B0005871D0BE4DAE34BE8FB7D03DC0ECB4BD04
:1088C000A592503DE35F78BB8EA2D23D85FD813CF1
:1088D000F67589BDF470A23ECD59F6BDE217193E7A
:1088E000E00037BECA9170BD2C85933D9DA92B3DFC
:1088F0007AB98EBD38560C3E10C3A23DC18C7A3D6C
:10890000F928B5BE48060C3E562C4BBECEDF313E94
:10891000A143B3BDB492933C43154BBD92F3D13DFB
:10892000671F2A3D679B77BAB0ECE43CC292813C5A
:108930007E4621BD449E10BB5FD9F13DA14FDE3E76
:108940005D25B43EE73182BD7E1523BD06F8943C1B
:10895000C53DA23D8A25403D2311B23D18BC033DD3
:10896000172451BE0C58C73C8BF9A93EE90ACC3DEF
:10897000849E3CBE9D60273ECD7250BEA4A1FE3DAC
:108980009EE259BDDED1F0BD38813DBCFBB063BC79
:10899000F0D7AC3DECF1193DD64F49BCB11B9B3C27
:1089A00047F7863E47658DBB43DC1EBDB09CDFBDEF
:1089B00074ACF83C49BF953C5D1D203D947CA8BC3F
:1089C0006B46373C47BE0BBE112284BDCB3F8A3E6F
:1089D000A146F9BD76ED933D0EE6B33DD54A48BDBF
:1089E000AE8C9D3CD514EF3BA036CCBD9636EFBB8C
:1089F000B930543D4E8D3B3C21543B3DFA8D15BD65
:108A000033A679BEF7CBD33DEF6799BE89619CBD94
:108A1000F1EEBEBD0A0F40BDA3B7ADBB84C56BBCB4
:108A2000C05EB03DB93F8E3C2DF131BDC6F153BDA6
:108A300092B02E3E693E92BE362E093DEF82A13D98
:108A40000395313D0950E4BD762752BD3B7597BD76
:108A50002E6114BD2A42FEBCA8EF2CBC8BD0C03CBA
:108A6000544C633B17EB9BBE0F8C6A3DD3ACC8BE26
:108A7000CD966FBD82A197BD03F4EEBCBD6491BCE1
:108A80008169B6BD54070E3E1F67B63CBFD9CDBC49
:108A9000B8B6773D6929F73CFA2FD9BDE06A1CBE0C
:108AA000610A5ABD6A8EF6BCC0BCE33CF5EA1D3EC5
:108AB0009767C7BDFCE442B86334503D0A6BD2BC33
:108AC000BCBE0E3CD9E411BDAADE54BE7B7E0FBEF7
:108AD000B1E402BF2C99FEBD01E9A1BBA04D05BDCB
:108AE000A67C12BD30A922BDCD7DA73D22425F3EAE
:108AF000AA01FBBCF8679E3C4279B4BE7AD9403EDD
:108B0000DC343ABE0458A6BD5E726BBE8647823E18
:108B100077FB053EE02E85BD6E19E63C8E13AC3C1E
:108B20003F173FBDD28C0DBC3BDF29BDB037443E63
:108B300049BC5BBEC5D2263EBD68E8BD8126B0BE3D
:108B400006E1A0BC17E2863D6AE10D3D498527BDDF
:108B5000CF42093CF38CBEBD1FA757BD0F992B3DDB
:108B600097270CBE84EB0FBD657C29BD836CC03D8F
:108B70003550C23DBE501BBE8297903DD28FD53C32
:108B8000D126C03C98B63ABDD3F958BDB5211E3D9B
:108B900029AC2E3D7C810EBE35558F3DA578C5BDD7
:108BA0007E2DD0BE1445043D40514ABD97A2A1BDC3
:108BB000B145053D5BBE09BE6B903EBE3EF22D3D0C
:108BC000FA78013E2A6B4FBE20F718BECC2485BC34
:108BD0003D0B053E22E39E3E94F12D3D092EA03D26
:108BE0003D1B98BCE8EE433D215897BDEEC1E9BC62
:108BF00031891CBD966B213DC57110BE1DE0C7BDFE
:108C0000BA463FBED39DB9BED23179BAB087E83CEF
:108C1000CA14FFBCD68BB83DBB4CBFBD2547CEBDEB
:108C20004AF6FA3D069D223EE0B580BE29AE39BE29
:108C30004AF92C3D30F3203D240A823D1A36AA3DE4
:108C40001F61FE3C73374B3C6369543DFEEDCEBC67
:108C5000704D863B1A4F3DBD9959B2BE44683CBE2B
:108C60001E690FBE150745BEC7ABA6BEF10630BDD7
:108C700096698FBD060E84BDD45B7D3B6D746CBE62
:108C800002CE64BECE9BE53D6437473EC209B5BE09
:108C900043B46CBE6C41CF3DD417D33C1A5F0D3E3C
:108CA000DFCF653DAF06F3BCEE12C83CDEFEC33835
:108CB00071161A3C6D9ABE3C96CD7ABCADB5D5BE48
:108CC00008254DBE8FB1B0BE71F722BEF8C580BE7B
:108CD000D030883DA543933D9376253D1204F13C69
:108CE0008162CEBED0EB85BD823AAE3EF83CBB3D44
:108CF00083AF0FBF315A74BE344B813D3ED97C3EA9
:108D0000B885903EFE978FBE3DBCABBBE17E64BB99
:108D1000A7B6BE3A80922ABDA6F1D8BDB0B5893CAF
:108D20007AA5033EEF0EA63DAE2F1D3E55F6E8BDDB
:108D3000B5B6D5BDCBCD42BD91AEA23C7454893DF4
:108D40007F24A5BD461CCEBBDDE10E3EB2253C3DD9
:108D5000B47EBFBDA6E9B23D3BCD90BD2E4700BE5F
:108D6000577E0BBD194E6F3E083E113E31C2A5BD68
:108D7000DE39083C8FE09F3BA75CCF3B5857CE3C89
:108D80000BB643BDD109593E6074E73D4AC38A3CE6
:108D9000E9872A3C855129BEBFE982BBD6B43E3C57
:108DA000A6A452BD4281E0BD5BC2273DC2F11A3E7E
:108DB000C04EE9BC2E4C33BE48F7043E9606F7BCC5
:108DC0000702553CE1715EBE9479D73D48E3A3BEEE
:108DD000923A1EBD64AB223D7204FCBBCD46583DA9
:108DE000FEBF6CBD71D7383DDDAFAA3ECE23FD3D41
:108DF000571F493EDA6683BDC69066BEAF8351BD3C
:108E000029C4CEBC2CEA603C7BBDEDBDA49B583D83
:108E10003428793B6E4213BD68B01CBDA75AD43DBF
:108E2000D97330BEF52A163EFF6419BED32D9E3E7F
:108E3000AC3163BDF409F53C0206EB3CDA49A8BD50
:108E40009F13313D371B803BF887373DEB442B3F69
:108E5000B4578F3EE971723C923A65BEAA6B33BE3D
:108E600027A256388E2195BCA95A15BC61E7AEBD24
:108E70003680443E81A66E3D1B117EBE276418BE1F
:108E800083D684BE2FCD34BE77FE53BE48BB0B3E87
:108E900050BA583ED2AF29BEAE4712BD2F640BBCAC
:108EA0001660C8BD9132763DF92D8DBB6CBC26BDD8
:108EB0005F77013FFFC09EBE28BE783E88B4C1BD2B
:108EC000D0F025BE12449DBD02DC713C9E7EFB3C71
:108ED00008AC7BBCB73D0F3F3719FB3D138FFEBE7F
:108EE0007BEE3DBEA60A59BD57D93ABE8895B3BEA2
:108EF000CE3DB93E2177883E7AB03DBDEFADE73B30
:108F000047F7D7BC435E08BC4A84863C36C33BBCAB
:108F1000BF0994BCEB880E3F0E658B3E0C38393E82
:108F200001B1D23E0719DABBC59B663D531B27BD75
:108F3000947E1A3D4ADB383DDECC3A3E43D0263E95
:108F40004CA4833C1183323C61DF033C705A4C3E9D
:108F50008BAC093CF91A1C3C069BB1BE090AD5BC76
:108F600002DF96BC9182753C33CC0C3DFFC30D3DB6
:108F70007A6D8B3C1FDE93B9BC16883E2FFE953E62
:108F80003956713E186EA83E8B4F1EBD032E383DDC
:108F9000487916BC79BA8ABD371CA7BC5DE50D3E81
:108FA00074A1283B5350323C81BE023C81E4CF3C4B
:108FB0002AF0723E2F332FBD6CB3D53D8E7FAFBEEE
:108FC000F7E2443B1A85ACBCADF4B43B7CB4B03D95
:108FD0009E71E83B9EC1F83CA28985BCE7688A3E49
:108FE00046E9903E1775B43EA30FB33E764B19BDCC
:108FF000DB55163CFF85E3BB9B0209BC7F8E5B3DC6
:109000009C9B483E07CD9A3D7D0C963E24F79DBD26
:10901000B0DF883DFF04903ECA5220BEA01FCB3B6C
:109020000C49A5BE266F1C3CCDCD073DFFE9413D57
:109030003698223D7491C0BB7CFA69BB92B7DFBC05
:10904000C5DCCB3D9E9DE9BD7A3BC13E5080BD3E17
:10905000891675BDE74BF43C08C273BDB5D2D6BCCA
:10906000DFB222BD3106E03DFA61C83D8C39D83E01
:1090700049CE9D3D3232083D704C883EFA7752BE53
:1090800073925F3D66F69ABDF2ED4D3E8EBE403D59
:109090007E62913D09E8903D60544FBDEC40853DB6
:1090A000DE10B2BD23CDD93D1A6538BE3F2CC63E79
:1090B000DA88673EA3D8B8BD0FFFDABC9B941F3C8B
:1090C000A19A05BCA5361ABD2D2B2DBBC8581B3E39
:1090D000C922FE3E3BDA0C3EC0AABE3E3BB3A23ED6
:1090E00086022FBE0C601DBE141DC73BCF8D63BC16
:1090F0006D1CB93C55D822BCEB5EA33D9E59B53BD7
:1091000006E34FBC41F71BBD37090BBFF0927C3E15
:10911000A728103EC66846BEE698353EE9DD3F3DCD
:10912000890B8ABA1F740FBD6AEFC4BD331DA23DFF
:1091300041BB9C3E656BE03D6DEA25BEEBCC633EDA
:1091400023F9243E08CA873EEEEE09BEF35422BF3F
:1091500013570BBE92C894BD2C22CC3CC6B222BD84
:10916000A19FB23BCBFAC7BC9EAF9CBC304D2ABF7F
:10917000D1F19D3D8742A63DC1E34BBED427253E9C
:1091800028D7B4BD9F3DC0BBEE379ABC0A483B3DD3
:1091900002A0CD3DF4FAEE3DDA03C83BBE310DBE70
:1091A000E218173EF7395E3EF43BCE3DD062DCBBA1
:1091B0009EEEB4BE0108B93CAC299BBD5B8B8E3CD6
:1091C0004FF4423D9D9EC23C414E67BC59D228BDE2
:1091D00016C2133E47A7663E5E2B86BEF91F6CBEC5
:1091E00029B22D3EAF3E0EBDFFA2A93D4043913DA9
:1091F000B7217E3D3E22DD3D3D28CF3DC2767C3C01
:109200002C4522BC383FB63EB47C193E4009C13DD6
:109210003BC378BECF4E043D262DBF3C98FE59BDC2
:109220005FD333BDF424C43D3C990DBC5DAD013D1D
:109230008AE9C6BDE571C3BE1F4193BE1B028A3DCC
:10924000CEBB40BE253B193E7463AEBDF526A93D9D
:10925000CCDF753DC3E8A1BBC0DE573E8F000ABD21
:10926000BF9982BD2CD210BD5F2EC53EF5D687BDFD
:10927000099498BECFD8F4BE0E37623E917FC4BE2B
:109280009DFC083DC331FE3C60F5163E6F880BBE69
:10929000F670573D998C44BC4143153F53DBDABD12
:1092A0005529783E348485BE9343D13D92FDC13C1F
:1092B000C784803DA8EF0BBD6C13A13D3B1D143E40
:1092C00041E87EBE1CB283BDA4E8463D773D863EA4
:1092D000279294BE5855E5BE43316ABEDBCFB23EFD
:1092E000B0CAB2BEF9C310BD89C3243D9620F33D78
:1092F000542FFCBC3CFC09BDCC45183DF470D43D5A
:10930000A77DC2BDD212D4BEBADDDA3DEAB639BEFF
:10931000E4EA8D3DB5C0A6BDDA5BA6BDFFBEAA3BA3
:109320009B899DBD918D0A3E95DE083B54D86BBE4E
:10933000779BE03DA36B493EDE30023E3617C0BD51
:10934000CC3DA53D247036BED995A73C242286BCD1
:1093500075CFFCBCA82E7FBC4BF637BD1C97E33DF8
:10936000A390C23DBA8BBCBD213541BE144E073E11
:10937000598A93BE328F7F3DB9B70A3D0574ADBCA3
:10938000B7EFFEBA640BEA3DA9CD5C3DFF4A74BD60
:109390001B1B8ABD8A00773D71EEA43B2FADC139FE
:1093A000056D34BB6630C23E7605E53DB3A8B2BC60
:1093B000D3C473BCEB0BC639D338BC3CF15E7D3DE6
:1093C0002D54C9BCDCAA75BE1E98C1BEEA8039BE48
:1093D000FA92273E6BF357BEEC7FB23C0FC9973D24
:1093E000AF531E3D368A5ABD217F8A3D648E263C8E
:1093F00082212EBD63E4B0BDA76511BEE1FEF03D44
:10940000F8C85D3E931A153ED1F372BE1FBAD1BDA6
:10941000E99F813CE379EC3C46FA65BD3E13E63BAF
:10942000C9F4C73C43825B3DCDC6DBBEC7DA9F3E75
:10943000F4D6073F9BFA8F3D66AD6EBE6A9F26BC91
:109440006D65603D6623C43C0DB401BE4414F1BC9F
:10945000282EC73CEA63583E3453F4BD255E833E54
:109460002B118B3DCA06DA3DFC7EE5BA2C9458BE22
:10947000CD5A42BD42B2393D24DFB5BC7744CB3C26
:109480001E66BE3DDDF2A03C9873B1BDCA43693D86
:1094900024B2D7BEAD60A83D4CD390BCDA6232BED8
:1094A00065AC7137225E86BD068940BB93FEC9BCA0
:1094B000C5BD2C3E41F085BD222996BDAFE8113EC9
:1094C00014E42A3E7EB8BDBDB7FCB5BD56F205BC5E
:1094D00070409A3E153B4DBECB401B3D86ABFF3CDA
:1094E000DB1F81BD50CFA53D13AE83BD15AB9FBC27
:1094F0000E1FF6BD0ED28CBC3888E4BDD5D94F3DC9
:109500007894BF3E0A6244BB9ABBE4BC121ED2BC34
:10951000C2CC473D05E71BBE6057E03DBC5E373E11
:109520002AB796BE6B5ED9BDDE931BBECB8D54BBF6
:109530002DE6CF3C163515BC8B35E13B50078E3CF4
:10954000EC2137BD1E1B013DA427C33BFF1B643D1F
:10955000C83D89BC1439D43D7804803DADFB01BEC3
:109560008F836EBDD812963E738115BD1C31863D2A
:10957000BA3F7E3D255E20BD9FE589BD84808A3D42
:10958000222BFA3D497201BE47C3E5BC50DB4FBEFA
:109590005578E93CE8CD2EBC7463273EF7A235BE72
:1095A0007EBD8B3DF89DB0BD54A1BD3C2CA9893D2D
:1095B000ACEBB7BBA63CBBBD2D17243D4E33E5BD80
:1095C000C88765BEEE1296BDB9C5B53EBF59BF3D51
:1095D0000858A3BDD908053D87A94CBCED6512BE4E
:1095E00024AC1DBD25723C3E32A3C9BD980C4FBDB5
:1095F000E83297BEF91D87BDE361833CF51A503E02
:10960000441052BCE246AB3D56DD10BD9362E5BC52
:109610000A26313CFC69433DDE8346BD6A2A9ABE78
:10962000B92C1DBE83902BBEE16A14BD36C2C43E68
:10963000D0AD91BD3E1F20BC165655BC41F6BB3C7B
:109640004569B1BD57B4B43A2FB6D0BD1D73B5BD91
:10965000E5C9E13D71FFC0BD67D46A3D994FDDBDED
:109660001E7C023DF0EABBBD4E015D3B4EA2B2BC8A
:10967000BBBC1D3DE6632B3DAB887D3D55F13E3CBB
:10968000EFB735BEB3A79E3D7613EEBD803EFFBC5F
:10969000EFE58B3ED9AD31BD86E89D3D3208ADBCCE
:1096A000F34B8C3D7F08203E26FC0DBE2A8A26BE49
:1096B000820CE13C0BB34A3E69100BBE9249343D2B
:1096C000374DDDBD0707033EC0EF1BBE1F384F3CC3
:1096D000E4694D3BAFE5FABB0B102CBC8BD1B23C1F
:1096E0004419B23B310403BE699166BD10088B3D3D
:1096F000EB3E323EA7FB63BC88769C3DAE0EB03D90
:109700007B77B03D1118B33D012C24BECBEBBB3CA5
:109710003477823E6033BD3DC15386BD7CE3983DC6
:109720002622F0BBF9FE1D3D1F6849BD1831A33D3F
:109730008505AB3CAD340EBC7D15DB3B0F8466BCB0
:10974000DDDF9B3C2D389F3C1D86BFBD963280BD22
:10975000A22D123DD93FEF3DDB8BF8BC42179ABDDD
:109760005FAA2FBB228CA23CD120B93D051622BE98
:1097700000C164BC0729663E773DC9BCBE759DBD6E
:10978000EDDC093E252BDE3CF7FE263EDAE059BD36
:1097900018487E3DECBA50BC932902BCE00B9DBC3E
:1097A000092C53BD508DE3BCB394633DBD1845BD3A
:1097B000694121BDC5EF813D5620073ED30548BC18
:1097C0000A7A7BBD729F0CBD6DAB483BFB12A13D7D
:1097D000B038BEBDA7CEBCBD8D1DCB3D89C6073CF4
:1097E000799F86BBAC09393E0A1117BDAD1D463DB8
:1097F00031013DBE0146023E512212BDEF29853C9A
:10980000F4C2BEBCE1262CBDCC5678BC33ABB13D16
:109810009F3EB0BDA6B9683CD83FD9BD5EAA803D89
:1098200071928EBD37B3DA3CA67985BD1FA4A13DE8
:10983000E52EAA3D0FB9EC3D0D1099BDEC3E74BD6F
:10984000186B533DACCFCD3D9298213E959CF03D99
:10985000B1415ABED26D67BE6313C0BEC83B123C55
:1098600054CB8D3A68BF063D78F6A9BD9582F7BC0A
:10987000BFE29BBC778026BD55E353BEB4585BBEA8
:10988000FC5923BCCEB011BDD98CE9BDECF240BB74
:10989000CF4336BDE8CFC3BCC75D673E0D9492BED3
:1098A0008A4B68BE2CABFA3D47C884BBA3CF26BD0C
:1098B0003C15483D688056BE8CB036BE9F584FBEA2
:1098C00067AD153D5911D03B6C4F93BC949F07BDBC
:1098D0002E90833DA80242BDE32205BD534F6DBECD
:1098E000E4B4D43C98A9ACBC82DD42BE10F808BEFA
:1098F00085A8ECBC97A7B7BC5C67993DC1F967BE6A
:10990000C2D242BEF253773E7A38633EA4832DBE64
:10991000F95A3EBE751583BCCB17BE3D01383B3EA0
:10992000560499BDCE2679BAEBAF31BB5C59CABC9F
:10993000358A5CBBADE5ECBB6712DB3CF232C93D5E
:10994000F058C73D43FEF4BDF1BCADBD5C0D8DBE0E
:10995000245285BD11D1983D9387F13C09D85ABD59
:1099600074A24ABEFAF80FBD37FC513E9106083D7D
:1099700094F449BD7CED47BE93D23D3DF3E1583DA3
:1099800089510C3EDD3289BBD0F05DBD138AA83C05
:10999000848922BDE3D61E3D2D454FBCCD524ABB26
:1099A000A5F358BEF4D3963E3B2EC0BDE24602BEA0
:1099B00075BF3DBE3C3306BD130A3CBCE30959BD2F
:1099C00044376DBDA237B73DD2BF54BC38DDB4BDFE
:1099D0001582D33D6233763E7B3036BCAD093F3EC7
:1099E000596439BEF6C98EBD060F27BE4503DA3B62
:1099F000F5789FBC70AF283D036AC1BCB536E6BCA4
:109A0000B076993BA0A3C6BB11CEC1BEE8DB9ABC21
:109A100064243A3CFB6347BE81AE01BE9583693B3B
:109A200062AD31BCBCD7873CBE429A3EEAF9093EE2
:109A3000760C88BE0AE906BDA3420DBE15FA8BBDA1
:109A4000C57D123D88C4D73D262D42BB6B03D33A5A
:109A500093E69BBC455EAA3BAF86F2BC64E1A0BC2A
:109A6000EF210C3DDD7C273C8D07F2BD6C9624BEBA
:109A7000206943BE124AC53D20C170BEA309C53C42
:109A80009F9FD4BC4D1515BD7268BCBD561CBB3E16
:109A90009E699F3EA17082BEEC619CBEE633A7BD6D
:109AA000587633BED467793B0146173E3429C03D12
:109AB000F0A21DBD112334BCAE871EBC011F823A2B
:109AC000676635BDA7E70E3D458E333B22E033BECA
:109AD000A0B7BC3D29883A3E2CD3B63D3057DE3D79
:109AE000A4E102BC9422E33C2009AFBDB088EEBDE6
:109AF000EC6D62BE08D6A63CF595BA3D7C13FBBD65
:109B0000B73D1E3D7F231EBE85B922BE697550BD7F
:109B1000FB4FB8BD3ED68C3CE9056DBD4C3FA5BBA7
:109B2000C793C03C428AEE3CD60C48BB2B65ACBC0C
:109B3000B69D973C4183B7BD0F7AC53ED58DD23DCA
:109B40003B769D3D1968CB3D9EBFA0BD536220BDB5
:109B5000ED9BEFBDB5E8A5BD65C2A4BC2FDE89BCF9
:109B6000CBCCC1BCFE988F3E1086163EC6504FBE71
:109B70000F8DCEBD13D839BE9242043E432424BD7E
:109B8000EEDD8ABC8869793C3334F43C93B0B73C51
:109B90007BBE55BCD95F163F770920BEA696093F0C
:109BA0001000563EF2130D3C1F05A53C740C9FBDE2
:109BB000E1BC42BDD9246C3C91CCC73CCD0A9A3D56
:109BC000892376BB3F57AEBB66087A3EA3074EBCDF
:109BD0008D2D89BD69C39CBD998E293E8F2FDABD1D
:109BE0006AD0F33CA094983C951EB2BDD460203B53
:109BF000A37916BDC1303E3CC2023FBEF7BC81BD59
:109C0000515218BE6DE52B3E8768C23C02E45DBC34
:109C10001B84103CAB16F93CC18D9EBDBA3937BDD3
:109C2000617627BCE2F7973DF116E4BC4E3F31BEAA
:109C30003AE7C1BDE273683E10001A3ED9A60F3E56
:109C40007E66143ED978E03DFE9215BC6CA54ABEF6
:109C500045BC22BD2A6BAB3AC49614BC2284143E88
:109C6000F553E43E6857F1BE246EA73D4E88913C03
:109C70008291953D332B873C2AEC153DCE100A3D51
:109C80002C0561BD2A4518BE3B19A13D02ABD83D4C
:109C9000275039BCE98840BD5FAC1A3E8EBAC3BCC0
:109CA000DD102BBE51094BBE138E423DF6238CBCFA
:109CB0004C630BBE330940BC9058E2B9B918133D50
:109CC000A07C0E3E293318BE3C70123E41A3423E9A
:109CD00001890FBEC35D55BCDC74D9BCD9D15C3DD4
:109CE000D0CE3C3E62C0AC3B9AB388BE9AD7A3BCF0
:109CF000918DA03E3C60983D5713953E7E07493DAF
:109D0000621CFABBDE1BCDBD442EFF3AA02586BAED
:109D10004FD65F3D910294BD61A78C3D847DD73CB9
:109D200015F0A23DDBF3BE3D8990FE3CD648553E82
:109D30006EEA253DF33C11BE5AC7933AB12939BDAD
:109D400038E3863DB765FC3CC4755A3DE7058EBED9
:109D50007E7FC5BD8D67493EFCBD713E99C4C53E41
:109D6000CE33013D779C58BE3885923B14DC123DC2
:109D70000F31FDBB8B708D3DD4A24BBD8471323D44
:109D8000BCE6A9BCD42A30BC0B1C2ABE36535BBE31
:109D90009100813EB518BF3DF7203EBE725D4F3D3C
:109DA000BE9E7A3CFE19573D2C2A443E0C7BA93DB1
:109DB000AF5673BE737DDBBDEE13023E8376203E4D
:109DC0001B91AA3E7AF2343EB5AA67BEA087DEBCDC
:109DD000525894BC3CB8993DFB4AFB3CC4CFA13CD3
:109DE0000895553C924D5C3C59D931BD58CEC2BE08
:109DF000566D1BBEB7BD013E1C33CE3DADF029BE36
:109E00005399FFBC27D635BC9FE6113D6364E23D04
:109E100028C5C7BDB957BEBD6DE016BEA528B43C68
:109E200055D9A0BE55B634BDD8F8163EF2C369BDAB
:109E3000F4F1563DE6EE1F3EF227043C9D052E3D13
:109E4000E654D53AE8B7353D820CA3BCACF7D9BB94
:109E5000C0187FBE28A57ABE116D6D3E9B0D303DAA
:109E60007CA098BC547063BDCED1523D0481EABC45
:109E700051E37F3C78A62BBD67B747BDF6E86E3C43
:109E800067CD0ABE050A19BF39C6A5BDEE27253E16
:109E90001B84683EBEF87C3E5E2EF2BD0C3B86BD48
:109EA000B868533D05D63CBC0488ABBCD94AA0BBBE
:109EB0003439B13DB01121BEDED247BE1FF18D3D18
:109EC00075CD6CBE6E4DE13DC6E5D3BCC0A5ABBD46
:109ED00077BA78BDADF89C3B41631E3C0DD1BE3DC9
:109EE000860006BEB7F4CA3CD27EF8BD5383BB3DA4
:109EF000195769BE72AC8D3D39696CBE33E6B1BC91
:109F000093F83BBDABBF5ABB45DD6BBDEC67BD3BBA
:109F1000EFFBBDBC26AC223B271DE03D371C033EBA
:109F2000A10170BEDE9D8ABE0732B73D5A6146BCB4
:109F3000D2F7CFBC01B64E3D1091F7BDF001AE3C5B
:109F400095E7A3BB17D80BBC79FD4D3D1E0367BC3D
:109F5000CD72BD3CDC65003DAAECADBDCEA128BEF6
:109F6000964922BD9CAEB4BD4141B0BC6EFF3A3CA7
:109F70009390A33DB77FB83C27196CBC6031003D7E
:109F80008EB55D3E6285B4BE0C2257BEC1BF20BBFC
:109F9000E2D3ACBD8E7CB3BDEE055FBC000F893C47
:109FA00008AE0A3D7C33A63D290CD5BD892E233E43
:109FB0002201943C9ECE16BB1E5249BC01A855BC42
:109FC000E66DC9BD78798C3E7C18C2BD1EE43FBDEC
:109FD000102E30BDF747EF3DF652C73D1F6A483D92
:109FE000ECA3A4BD56B7203E53CA17BE285734BEB3
:109FF000F640D13DB58D1C3DE9B4183D216EA03D24
:10A00000758880BCADDD98BD0AE224BD42BA57BD5B
:10A0100071902E3D291A9D3E7EA61A3EE10F183EF4
:10A02000B0B442BEA964B8BC489C94BD602A26BCAA
:10A03000AC8C4EBCDD5358BDA22C4D3BC7B8B7BC51
:10A040009F21AA3BE80669BE3DB11E3EDCC601BDAC
:10A0500081E2BDBD9A419F3D586B29BD90BF9ABD1D
:10A06000DC1F963C6B592DBDA948DABC353A653DDD
:10A07000365C933DED9B81BB6B8F9F3D3D5BA33D6C
:10A080004B98063E117C21BB1BEC08BE1D5872BECE
:10A09000CACFAFBC3A2F5F3C42D61EBDE4E090BCB5
:10A0A000D5215DBC86D0613DE5A920BE7969B3BDEF
:10A0B00053DFECBD9BE9BD3C91F4013E1F3C823D6A
:10A0C000DD2E893D6980A93D5C4AA1BC07D1A13D37
:10A0D000390E133DDA33A1BE45D99C3CA1BD4F3D9D
:10A0E000DA50EC3D413134BE8DABCE3DA28613BE7D
:10A0F00097FC6C3EEC5478BCDA99B6BC61DF293D24
:10A10000FFA2253C31B6673DCA724CBD36FDAE3E5E
:10A1100057D091BD540DF43B31DAB83D5078E73D4E
:10A1200035DDF0BCCCA1A73DFB437D3DB9E1FEBCD4
:10A13000735B573E296ABF3CE4304EBEDCDF5ABD3C
:10A1400092688FBB7ACAFB3D5037253C896E293E09
:10A15000789E06BEB6A3473E2D30583C0460143DA1
:10A1600089B1C3BC5026553D7E77D1BB3F9F4DBCC6
:10A170005F03D33D0CA307BD19C1633E16534D3A8F
:10A1800013509C3DA5B7013C2F8D7EBD963C8FBCE6
:10A190009A0F8BBC9C1F28BCDED7EE3CF38B36BEDF
:10A1A0003EE10BBD76799B3C14BC1EBD7BA6F93C01
:10A1B0009E086D3E06B5493C5C0C893D124C463DFF
:10A1C0005C47643D5F84933B7C9337BB665700BD1F
:10A1D000C5683EBCCD107DBEA916A33D1001B43D9F
:10A1E0004A8D7E3D1132833D1475EBBC7E6B67BD9D
:10A1F000805AA2BD366A26BC41E1B4BDA11878BD23
:10A20000BD61C33DD7C07BBDB9E181BE732126BA14
:10A21000E56FCABD435E803E7E6C60BE5CB3273E88
:10A22000F2E74B3D0E65CFBCB3EB4F3D31EEBFBB0C
:10A230009BC7AC3CB75DC6BC1D4FB3BD4737D23DD5
:10A24000944907BDE8B778BD3660B33D2945993DCF
:10A25000234382BD1A4C903DA9311ABDC89A9FBEB6
:10A26000248CCCBCD883BB3E2A7FF6BD6E1982BE3F
:10A27000CE7AD03C4FADD93DF8F21F3E201069BEDA
:10A280003751353EA828EA3BDDBD5CBC6FC5E2BC5A
:10A290007EC21E3AA7459C3D0BB641BC93C0F2BEA0
:10A2A000D48E6F3E02F0483E9B2F8EBD2AEC8EBCB2
:10A2B000AA458BBC54214EBC9CF0DD3B7EC585BDC0
:10A2C000D816943DFEED8DBC05749DBD8D97623E04
:10A2D00023B6E4BD0CD202BE57632A3EA0F71CBDD4
:10A2E000AE9D5C3D7DF977BEC57921BD41D801BDEC
:10A2F00031ED713DAF69113D89B7563C60BE4B3BB6
:10A30000B17FF5BE191E313D0A45513EA50C95BDE4
:10A310001A99623CB71D243D80C02E3D1497F83C2D
:10A320004DB840BCEC76173E6DD30EBE17B20FBED3
:10A3300090576B3E028A38BD326BE2BD5EB5303C51
:10A34000E24428BEA8152B3EE1AB1FBE1199803C0C
:10A35000DB8D47BDBDBFBB3DE34309BDD919C43C3F
:10A360008C8509BDC969793F5B33ABBE05CBBB3C6E
:10A37000D94713BE9E9A433C89908B3D6E4E983CC4
:10A3800030937E3CB27273BB18D8573DA3CE91BCBC
:10A39000083B93BD8F76C33DBF0E28BF9A42CC3C8D
:10A3A000DCD939BF5008873E00609F3E3F09CA3E56
:10A3B0002F5E6DBD6ACF803DA9F3FABD2F6A3B3D8C
:10A3C0009A9375BCB8BF863D36B4C33E14F5853E3E
:10A3D0000FF09DBE112173BE79D1CBBCF5966F3DB8
:10A3E00019C90ABD92D4453C6CCF1BBDCF8AF73D3D
:10A3F00043D4C83D212D843C8954CE3C8D61C93D58
:10A400005673693E521D843C332B41BE487729BDAB
:10A41000A9150DBE110B5B3B579B773CD4003B3C11
:10A420002A418FBD7504063A7A8C26BC8767E33DC6
:10A430008481933DD37405BEF74A23BEED0BCEBD98
:10A44000E47537BD363D163DE39777BD6DE244BDFB
:10A45000145F663E80538C3E37A35FBD932D91BE43
:10A460009FBC1D3EC9A6043E4080D5BDA43F3A3DD9
:10A470008F29163C3E7C97BC3CBBF2BC9249943C75
:10A480007F7E42BD9A029EBC2D4A173D999D063D96
:10A490008AE6933EE705A73D2D0016BE7FFF50BE1E
:10A4A00046FDDB3E716A023CC6B6C03C626F94BC9E
:10A4B0004E4211BDD976783D674477BECE32DABDC3
:10A4C00040D1253E352D09BC1C689D3C5B86DBBC1C
:10A4D000A18F45BD192DA53DB465B6BD1A050FBDAB
:10A4E000C37F20BDAB86DA3BA5BE033D3AC5B9BCF0
:10A4F000B43ADEBB239E973E8FBB323C5A5B173C7F
:10A50000A20082BE05FFB23ED04B043EF7F68C3D62
:10A51000771984BC528A423DEC5B6B3D0694EABDE0
:10A52000AFEB58BE37E19E3D15304FBC7C1B073D5D
:10A53000C29D273DA14B9BBD399DF33DFF66E03C8D
:10A5400091134E3C7A929ABC8C8D083DD17C043D8F
:10A55000D4F9393C374AF4BB5CB7FE3E5758D8BDF6
:10A5600076D4B33D890C81BE847AAB3E2C78B73D5E
:10A57000F417A43D4F9D56BD7197B0BD6E3EDF3CB4
:10A580006D5440BDC65A56BE6635C1BD8FFBA0BBDB
:10A590007D89583D0B9E7EBD816F79BD2C36A03DD7
:10A5A0007A911DBD69AB983C1E08EDBC078EB63C88
:10A5B000E195253B53D7A13B7CE3853B0B2D2F3FFA
:10A5C0001ADBCFBC7633BA3DB89D50BEE8C7943E87
:10A5D000DC91FEBC699076BD9510A73D26AE533D3B
:10A5E00092EEE93DB7A0D73DC93F44BE759344BE46
:10A5F00067AECA3D206C9F3E1318A3BE2CD719BE70
:10A6000093EF23BEC441EC3CA3F8733B90A951BD2A
:10A610008102583D45365A3C529ADA3B24A430BD5B
:10A62000D866074003DF64BD822BD43DDAC794BEF1
:10A630003960403EC4DBF13DE576263D70AEC73C57
:10A6400015ADA7BD1644AE3D94059E3EC6BEDFBE09
:10A650000734F0BEA65DA73C0EAAFD3E55F6A6BE89
:10A66000F4EDA7BD27960BBEE2D2133C06C3AF3C68
:10A670009B648CBC42BD263D69041BBB4E0982BC59
:10A6800060F2E5BB7CF3763DAF63F6BD917892BE98
:10A690001596833E3DFBAEBE660F093E32D668BDC1
:10A6A00029A681BCBE3E823DB668DE3D3F730DBE2D
:10A6B000E13AC9BC1D81B83D796F55BDE1B1C53CDA
:10A6C000A4A5DDBB352E3FBECE63383D70DB243DF7
:10A6D0008954DC3CB18F223C63F3013C0C3307BD51
:10A6E000DE3212BC79865D3D9AA7063F1F5123BE1C
:10A6F000CEC131BE9457653E7014A6BEE0DF073E62
:10A70000B87425BC269CEB3BC9B71E3E8A00063EAA
:10A710000B3009BE79E8C23C0B3E403E9C16C83D5A
:10A720001DB28A3EBA2A65BC3AC9A9BEC454D5BE78
:10A730001CA9733E8D5E5C3BF5B6A03A308AA03C06
:10A74000CA1DB1BD7CE8E93DDDBA683D6EF119BFB7
:10A75000F69E9DBDF5A7C8BBC5A94E3EA5E3BFBEED
:10A76000186AC03DE409673DAA509D3DC9D7103E17
:10A7700008EE223E84EC33BE9CCA303EA0BB043EB1
:10A78000138B62BDA546D93ED8E7A8BD2EE5DEBE37
:10A79000C23510BE225D34BF75C77CBC3C73DCBCC7
:10A7A000D17830BD4CB8E0BDF1040CBE27766B3DCE
:10A7B000A26729BF0CC1513D420E40BEC2F0863E89
:10A7C000A84379BE4CBC8D3DB613B2BD70BE83BBF1
:10A7D000A64F803D28987BBC43DB65BE8A780F3E40
:10A7E0009409713EA1DE9EBEB50D423E9CD853BD7C
:10A7F0001EC5EEBD74C2A33D10CED6BE1BB41D3D1A
:10A800001D8CA3BC50CE663DBB58A2BD9818B6BDEA
:10A81000B018F33B50F642BDF136E6BD6890CF3C30
:10A820002BA0833E358C6ABE5CAE013E7BC9BC3B2F
:10A8300021BD593DE971D13D8F55A1BD5B708ABEE7
:10A8400056A9E53DBF2AB03E79298BBE9BF61F3D38
:10A85000E4A5B1BB4ADB4D3EAA6286BD82AA15BE05
:10A860005C2848BC12AB8F3CE8B2233C2E11D4BA12
:10A87000EB0833BC1C26103C6970493EFB1D21BD12
:10A880009D90383E56D0993D71E362BD7893B9BD35
:10A8900027365BBCDB58ED3C8D6549BD74E075BE69
:10A8A000BD49F63BA0E38D3E8B5510BEEA7ACA3C0B
:10A8B000B5E0BC3D435F053E93569EBD92E3F0BCC0
:10A8C000D1C2A5BEF1D6553D0255033AA200993B2F
:10A8D0008B43B3BCA2B938BC89F00EBDE266BF3E63
:10A8E000D10A22BE7EC36EBDFE9F4B3C703F94BD1D
:10A8F000946F9CBDA17AFA3C26B88BBD27311DBD53
:10A90000F327D6BD339E57BD4D837C3DB766603D72
:10A91000C8D91ABC1C58273E0B411CBE4220BE3D64
:10A9200007AB7BBD9422F8BD54EAD8BB7F7329BD29
:10A9300086E310BD6C0F4EBDFF2A0E3D0FEDCBBB65
:10A94000641FE13E0FC4E7BD4322563C336ED53B46
:10A950005A9E2FBD654EA5BD14EC95BD672C6DBDEF
:10A96000E4CB733D96E18ABD1291CABCF425423D09
:10A97000DD63B73CF604663EF675D93D253B87BDE1
:10A980005C07913D628C6ABCBD4681BEBB5F323DB7
:10A99000B494DD3C1DE78ABD0113B7BC8C22CC3DCD
:10A9A00085B62ABC64F7503F0EB204BE8E5EBF3D32
:10A9B0003EFBDC3BE496E6BD2FE4E6BDF11A873CA6
:10A9C0008FFC4F3D68CD22BDFDCBEDBD1214153D72
:10A9D000958A973CAC190D3D1097913E6D4403BD8F
:10A9E00086D5583E1FC3E5BDFD69193E551026BDED
:10A9F000C531DA3D559441BC5F59A0BD49DB1ABD54
:10AA00006212233C76F9E3BD78BD1C3F51CBE3BD18
:10AA10002E4941BCC9DB06BD99770DBE726CFFBDE6
:10AA2000C1C1AA3D11EB9B3DCC27113C76DE8DBD0B
:10AA3000D4EF7BBDFC8332BEC8FF793EB71DB23E6A
:10AA40007F5BC4BDC5B9F93E9FB689BE260F113ED6
:10AA50008D5E82BE2EFECA3CD0FE833CFD4CE93D9D
:10AA60005719D3BD2417AC3C7F5EECBC591D88BD83
:10AA7000B566ADBC734B223E89010EBE3048CF3E59
:10AA8000CBBB173E1A4299BD5D7D57BCADF1073C6B
:10AA900060A80E3E9CE04D3EA05791BEC8D59BBE1F
:10AAA000CD560BBC8D08783BC9B75DBD0F52703ECB
:10AAB00056A0CA3CD29078BD4B6E9B3C641DB6BA82
:10AAC000A44F933CB43635BC080C4ABDA9AC2C3D10
:10AAD0003F64D73ECFEB9ABCF3755C3E742F4BBE00
:10AAE000E387E93EB6B13F3E94C26A3C6DC4ADBD5A
:10AAF0008080993DFF736C3E88DDBC3CB7A3B3BE3C
:10AB000057D627BE3DAD18BDBD6B59BDB5539FBDD2
:10AB100021967A3EB74F7CBDE32EFC3D471A653D3A
:10AB200062A130BB9B66823D6D7E54BCCCBDDC3CDB
:10AB300029B409BDB861903E0D600B3CCE08853E3E
:10AB400047B234BE0DA0E03EEFC8403EC34955BDFC
:10AB50008F42063C64F2913D82EE333ECC9D7CBB3D
:10AB60007EAE86BE957E60BE687D1FBE3048323D9B
:10AB7000B183B9BD10C29F3E468856BC5C1C03BD64
:10AB8000534FBE3B214395BCBA8C3F3CF03BD1BCFC
:10AB9000D5B56CBC3DD3943C2C6308BFBDE8833E67
:10ABA000928EC5BC87EB08BE14C8CF3E3FB1503E65
:10ABB000D56AB53DE32F6EBDAF1FFE3D01D68F3D7B
:10ABC000C3D69EBDBA1080BEC4CE183DC6896EBE27
:10ABD00076EA853C1D9CFD3B7FA4113EE50C573E6B
:10ABE0002F6264BD481B2ABD9FBB8DBB159463BDFE
:10ABF000C1A82ABDAAC99CBC9984C4BC822C20BE11
:10AC0000DB0A12BD8DDA803C32DB4FBE49DFD83E15
:10AC10008784963DA584FA3C3909953B4898383D90
:10AC20003057EC3D0B7259BEA2E719BE45DE6B3EB4
:10AC3000AD3D47BE1B01DDBDDA1597BD67673E3EE2
:10AC4000BD94C03E1DB66D3DAA5F113CAC7565BD9F
:10AC50002E275DBC940FD1BC7BF449BD7830A73C56
:10AC6000568CFCBEB1928C3EE7495B3E7D7A6EBE4F
:10AC7000D6239ABE98B6043E59962E3B6B93F9BCE8
:10AC80009E8A2E3E3C5E4E3E07111CBD65BEA2BE96
:10AC9000276B0BBE1683BE3D99FEA2BC477D793D56
:10ACA000F29C573DA38F26BEE198C63CD65DA0BC62
:10ACB0004BB01FBD00528F3C62A40F3D7302083C95
:10ACC00089A503BCBF1ACFBE96BAACBB30E8BE3D67
:10ACD00056381ABE06B7ADBEE0B5133DE1B4263D09
:10ACE000B5F19EBD82D74E3C99D5E23DBF22AE3D27
:10ACF00087B908BEEA7346BBB7D9C6BD9DADE2BDF4
:10AD00001083BCBD04D32D3E31B315BD1B51573E3E
:10AD10000F74B5BCB014043D35CB09BDCBFB8DBC65
:10AD20008711153DDA17003D575C9F3EE38DA33D2B
:10AD3000BF2C55BE4D0F18BECAB18BBE22ADC33D50
:10AD4000A0EC8BBDA7FDAA3DD759803D7DFA1E3EE4
:10AD5000294A14BD06E428BEF9D73EBD2311073D9C
:10AD60004D752CBEA39804BE85E87B3D8760D7BD9A
:10AD7000BD374EBB28CD49BCAD801B3DDE1D183D07
:10AD8000DA83A8BD8243CB3D53799BBDFD0530BD21
:10AD9000C2720DBEA593A9BE94264DBE0FDF86BE1E
:10ADA00044D51B3E0E322A3B6EFF593C34CA993DB6
:10ADB000364D163EDFFB3A3CE08AB3BEE53B1ABE99
:10ADC000BF9A72BDDC1EFABC5DF3E4BD12A9563E0B
:10ADD0002CA2D7BE58D48C3CB17CCABCDF145A3DDF
:10ADE0000DEEBB3DA32B8BBD76EB753DD21FADBDEC
:10ADF00043E7F5BE806C053E2133D83D256D2EBE60
:10AE0000123135BE34C8D33D64B47FBD8D9117BDBA
:10AE10004108903B24822B3E87E3C5BD739CD1BE85
:10AE2000417AA8BC93D5D53DCEE6C53DB78DADBC26
:10AE3000F552203E286280BE72F6333D774FAF3C1C
:10AE4000BF8E3CBD8898F43C19C0AA3C3B9D17BC02
:10AE500084DC4FBCAE40B6BC6AB02F3AA8F4C0BD8B
:10AE6000853BCB3D2736E2BE42C11F3DB63D64BAAD
:10AE7000AC52A6BCCA0D5C3C427C803D398C6B3D1B
:10AE8000275E8CBE5335FABD2B0CBC3EB62F1D3E43
:10AE90005EFFFB3DA73B1CBEA4A654BE3AB5A13D38
:10AEA000069926BC194A163CF21641BDBAF0ABBC55
:10AEB000C0B119BD1C43923D16510B3F8EB36EBD00
:10AEC00074CC05BE9222B63D6ACFF5BE32C7193D9D
:10AED000B040073DD29EA53DA8D5D13DBDA01DBE29
:10AEE00044C26A3E047591BD2EFDF3BD3FDD873E31
:10AEF000080BA7BDDBD6573C211306BE2C4A84BCE9
:10AF00000992973DCB3BCC3C9038853D4D2C3CBDC8
:10AF1000E0D225BD7051203D0063973D80A6223FC1
:10AF2000B7EE98BE7D73FEBDB33BAC3CDFAF1DBF3B
:10AF30009FF617BDD287B43DBC69803CD3D90C3C89
:10AF4000D76A59BE18E4FF3DC0452B3D1F4F63BE75
:10AF50009223473EA397B53D5AF25F3DDA7AA0BEF1
:10AF6000E5C5AF3CB8D070BDD4E74F3D8FCB28B816
:10AF7000F38C1CBD943B74BD795DA33B703B393DA4
:10AF80002B0AB63FED99743DB17FD73D4073CE3D5E
:10AF9000133A23BF48B5083DA08E963D1AB8193D17
:10AFA000FBDDE13DA14C71BEE4F37E3EC5AE293D23
:10AFB0005A7675BD237129BD106AE33E3536293DA9
:10AFC0000AEE57BE3ACC3EBE5F1180BD7325E43D0C
:10AFD000909E453D12F663BDE89F4ABDFC3C043B94
:10AFE0005618773C3D35933F15A093BD43FC9FBD5C
:10AFF000AD22883D185143BF007C3E3D7A05A93DF6
:10B00000CE9A2ABD5430F43DE3CC58BE2B498B3D3B
:10B010007F9B64BC8FBE3D3E3E58EBBDD111B73E19
:10B020005C3D20BECA2188BDEF13A33D2B78973D20
:10B03000C57F37BDB3F2253E6AA598BDCFF05DBD93
:10B0400095307EBD62B8613C95C9293EE455C3BCCC
:10B05000517BCDBEEF2E64BD0B77593E658FCFBDC2
:10B060004C369EBD640EA7BD5F5ED03C532233BDFF
:10B07000336931BD2BE4CD3D578984BB6B77283EC6
:10B080004D0DAA3DF8C5F73DF328CF3D8E2590BD67
:10B090003677AE3C485190BDF03A6BBC60AC4E3D4B
:10B0A0009D2B9D3C2131893C3FCF3EBDED70BDBE07
:10B0B000A200E83D4F400DBE8A406ABD90836D3EC0
:10B0C0009080B13CFF2D27BD564D86BB20FE213D13
:10B0D0008C069EBDAC5FC7BD8EFD843D6B6A3D3D59
:10B0E00092A0853B31C9533EB4E4E5BD352F3EBD4A
:10B0F0009628C93DBAEF67BD42A639BDA6671DBDFA
:10B100003EF2793D93EC6A3DC92DD6BCDA8E84BD02
:10B11000F0908DBE78C32CBED4E48FBEBD1351BD5C
:10B12000C058713E8A2964BD80590FBD77E3CE3C7B
:10B13000044E433D1541ED3C0FFD03BD6137D83D45
:10B1400039F3443EEF1825BE8B1A64BD685B03BD1E
:10B150006B84293EFC2782BD13EC083D0ACE833C5C
:10B16000E891853DEA504BBDFE4C0F3D39ECCEBB1E
:10B170000BDA5E3C9EB5A23F4BFD97BDED1ECBBDED
:10B18000FA4E093DB764513E905DC6BD5B9EDBBC87
:10B19000BAA22B3D686BB9BD47C683BDD3518FBDE5
:10B1A000C8F74DBDD15D653E552E91BD7FE039BEDE
:10B1B0006DB2C13DCD6B1B3EFC00253EB49A683E8E
:10B1C000B77604BD748F153D85C05CBD50CD4EBBB8
:10B1D00090386E3DF2A8173D0DF6B33ECBE7443EE6
:10B1E000C4426DBF065CAABC59DF963D5255DA3A9F
:10B1F000E6DA99BD90CA433D7EF1CABCC6C0823C26
:10B200000FBF1ABE031518BE1B2F053F4FE88CBE9B
:10B2100081A4C5BDE5DFA83B52F5D43E6AA65A3EDF
:10B220006B4C473D7A5E3EBD31CDB1BCE04DA83C94
:10B2300000C629BCC175D73CB4B5C63B6361C23DED
:10B24000EA9B033D94384E3D29DE3F3D417A5F3D08
:10B250005C49E93D55ED73BA82B2263C031EBDBB85
:10B26000E5C666BD3D92BC3DA225ABBD645526BC7E
:10B27000F7CF3ABEB7FC6D3DE34784BE79A5E7BD85
:10B2800096EF40BD6D161E3D82F03FBD17324CBBA0
:10B290009160413CE5B3AC3CAD349ABC7F866BBC5D
:10B2A0001E2479BDA2F0523E1819C63DD55DF53D6C
:10B2B00087E0A4BB8E2EDD3D4FD4413DED52AEBDA7
:10B2C0005809B13CAC2826BEE93CDB3D19DD273DE1
:10B2D0005DFCBE3C6F703EBD8083A73E830A65BEA9
:10B2E0007CB9AABDED4FA2BE3C0FCB3D2F75FDBD75
:10B2F000AD7689BDE77E6F3D2DE9453D8EAFAF3D13
:10B30000145D85BDA5E5CD3D1D6D7FBA3C14973E0E
:10B310008BB7C93D36ECED3C1A3CFD3D50D29D3D0E
:10B3200025001EB9F075BB3C5F31ABBD4687943D2F
:10B330005F64A7BDDDE2BD3C5AE9533DA15E863D99
:10B3400039CEB73D6A8A86BCD04C3EBE35A11DBE03
:10B3500069D2E6BCC4A2333D28C4A0BBB384CA3CB6
:10B36000BFA0B5BC619F0C3B3DAD873E2467733EDB
:10B370009B84873EA603DF3DD8010CBD8AD63C3DA9
:10B380009AB118BD2F7C913D5263873D0581E8BD80
:10B390004B5EF63DAD4E3ABC81F06E3D4467F83DE4
:10B3A0009201623EA74528BEBB0DB53D636C92BDC0
:10B3B000BFFBDA3DAAC982BCEFDE10BC14FBBC3D6A
:10B3C0001A5F1A3D39A6333DC9BC87BD727A543D18
:10B3D0002597C1BD9700DA3E89FFA83DBACA53BE82
:10B3E000E777143E31A138BD784140BCE24055BDFD
:10B3F000D00C923BC13E0ABEB5AC4B3D1D09E03DB1
:10B4000041EC173E5943873D28D787BEFABB29BE7A
:10B41000FDD79C3DFA0D78BDE7A2543C0FD2213DEB
:10B42000555FA03DAA1157BBD7FB38BD6DCC35BCCD
:10B4300018A38B3E294E0CBDB8D711BEC4BF883DA2
:10B44000FC9366BDA049293D1150A33DB7D0A73D4F
:10B45000AE937CBCDA1B0EBE11C2823DF297903EC9
:10B46000072A29BD62652DBDA219AC3DCB949DBDB7
:10B470002EA8333DE118DEBDFACDB83D412C3F3C4E
:10B48000622F953CB0BDCEBC8A70CD3CAFA953BCF9
:10B4900050F8423C8577AEBD388EAEBC9A998FBBD2
:10B4A0009A13403DFC8257BD7F9CA03DEE9291BD1A
:10B4B000FA669A3CF20B113C55D2DABD931CAE3DB4
:10B4C000E95B333E3912E9BDB8BC89BC7857D83D39
:10B4D00026C8DA3D5ED1703D180CA2BD157DC4BDF5
:10B4E0003B7F3B3D38DDDEBB6828A13C0D1FACBC7B
:10B4F0009CC9E83C7EF6BC3C376F23BF9B4E883C22
:10B500000603893E3003AE3DC07FAEBD20EE63BD75
:10B51000A7C253BCDAB6873DCE88B33D5437FEBDD3
:10B52000A539313D897B9CBC32353E3CE197CF3C0F
:10B53000BDEDAE3DB1356E3D6222AC3D3C413CBC03
:10B540006C9F1F3E1796643D5C327DBC3EB989BC42
:10B550004A97F43A4B1864BD831A803DD35EEE3EA1
:10B56000879795BE74B3813D96F59C3D9B98C5BC6D
:10B570008BFF52BDBB78823D023A14BD8B1F69BD63
:10B5800072689EBC36262ABD981FE9BDBD83B53CB6
:10B59000E7AEB8BD8BE39A3D55381C3E452F1EBE25
:10B5A0009038A9BD82C119BF7BA6DB3D04E17D3B7C
:10B5B000AEE745BCCCF821BE36B6B73DEDBBE7BD26
:10B5C0005C9BDABB115119BEAF48FF3B2CD5B6BB13
:10B5D00056A614BD737136BDCF0337BD503110BDB3
:10B5E0002CC8953D13D42B3B28F9343D54A6C0BD3F
:10B5F0004341E53D116A5CBE2DE9FC39B7F9933D45
:10B60000ED2A353E4E260E3D5D990A3DEAE82D3D78
:10B61000E5E6233CD1C812BAE120DE3900448EBCF5
:10B62000078E9C3CF7F7F73DB77814BC744C8ABE84
:10B63000E4BAF73DD461903E7A5FCA3D664EAEBD36
:10B6400075B1233DD3109FBCBE5E13BE560E5BBDCD
:10B65000B0692B3E076A893E42718CBCF6FE18BE6B
:10B660008272E23CC3BDDCBD5D1F703E381985BDF2
:10B67000F35357BC171A99BCC9AA25BC426273BCC4
:10B68000467EED3CE87AD2BCF6BAB73E1FA65E3CD9
:10B690007865BBBDC2B2CF3C11A6683ED173CB3D2D
:10B6A000BF8020BD6F32983C9EC6ACBDF5631FBE07
:10B6B000AC23B5BD343FB13DA50D803E71283BBDE7
:10B6C00040F3D4BD38D8FFBD5623B93DD960F93D0C
:10B6D0008B909C3C14CB0FBD091B3A3CF59B3F3D26
:10B6E0006F4A183D3BB38C3BE3172ABDDC5EA73E97
:10B6F000ED12A83DD721E3BD69984D3B0A3F7B3E43
:10B7000072F5093EE3F7B43C4543D73CC5855EBDC1
:10B710003002C4BD16BA14BEF4D82A3EC622E33D98
:10B72000F3BF4DBDEEA9F1BCA5C572BD64AA843EB0
:10B7300014F0493E6B5DC4BC535F4CBC1920B3BAD6
:10B7400093BC123DB6C9AB3B2018D1BABA79B5BC8F
:10B75000F348213F0E1F1CBC2A82B9BEF03CDDBB62
:10B76000A2676C3EF159AA3C367AA03D99D0993D2A
:10B77000427813BDCB361CBDFCB400BB2489243EEB
:10B7800035220E3E0655E7BD3107B2BD85BAB1BDC3
:10B79000AFB8FD3E5651693E5F04D13D00EC0ABD95
:10B7A0005CEBD53C66B9C93C433E0ABC2F933ABC1E
:10B7B000663AA1BC1661063EE780833D870708BF55
:10B7C0007AE3893DE623F13D7A5085BC221AA6BD75
:10B7D000D9E7A7BD70D1283CA8944EBEFCEF343EFB
:10B7E0005C29073FAA0D11BEF1D627BEC9C626BEE9
:10B7F0004C12BB3D39B4D33E5C25013ECAC822BCC5
:10B800008A301DBD4836FB3B5EF3D53C34ED023C2F
:10B81000F5C82DBBEC2636BC5B2B013F9949DE3DBC
:10B82000CC27513B40A31A3E7CE3ACBE2E40833D67
:10B83000FA65853D3C459EBD2E23E9BB4FDED83AD7
:10B840002566593D89C4643C1077263D278BC83D49
:10B85000E012363E7F6DF6BDD965B73D192B58BE57
:10B8600081B3AD3A8F4C2ABDE000163D50D5F73C70
:10B8700043B75EBAD01065BD278E513D9213963EF8
:10B88000B7F523BEC3D5093D73C9143E8954BABE6A
:10B89000BA376B3B6424C5BCFABB4ABD3D88D83B74
:10B8A000354B273DA554D53D2876A5BD5E755D3A3F
:10B8B0007BCF613D33AB7C3B6EF8CDBD5CA2FD3DE3
:10B8C0005695D13D481E76BED485AD3DCB95B2BCD4
:10B8D00017A31D3D088389BDDBBCECBC56565F3DFC
:10B8E0007B1F95BD7A38C5BCD4E4153E5DA2BA3D38
:10B8F0005692BABE69F7FEBCE8D4C83CA1D6A4BB38
:10B90000074F41BD7DDC0CBB9711A8BD0E7E423EAA
:10B910002D69DC3D676CD7BDC3AB16BEECF416BE1B
:10B9200083169C3E3BB5D23DBC6586BC5E6A0C3D31
:10B930006A38B9BDC28A903D38BF1CBDF7ABCE3D59
:10B94000299E4B3DFA16893D61DBB73C3814313EE8
:10B9500070E3023E1F63E4BE8E1E8A3CC3120F3D9D
:10B96000B08101BCE784A8BD691135BE1894E43CE0
:10B97000291E8D3EF23EAE3D6FB78B3DA3DC8ABBE8
:10B9800017D69D3CE272BB3EAB119BBBCC7161BE36
:10B990009190EC3CBDE948BDD655B73C5CA8DDBCF8
:10B9A0002259F9BCF68D553E057AB83E71C6263E41
:10B9B0002767933E2BD9143EDB10A7BE6EB419BD8A
:10B9C000626E6CBDD131133C40995CBD24F58ABDDB
:10B9D000A1628EBE762E1C3EC0D6933E04E5CBBC43
:10B9E00019B6343D1037113DCEB47F3EE97925BEFE
:10B9F000DE590F3EA729F3BBEA5B473D317C36BDDC
:10BA00009618163D0D629CBC537C303EFCA1E63E70
:10BA100045CA0FBE279F1E3D0F32E33DEFDE2BBE12
:10BA2000B75A273DCEF8B53DEFF08ABC69BFE03C80
:10BA30007DB6ABBC0912213EA1F619BC74CC16BE72
:10BA4000892459BE80E20ABD3CE95BBDC2A9213E02
:10BA50003778CE3D58E4973D541D103B9ADE013CAB
:10BA6000793700BD1E1C093C2D8F2CBD3B9528BD90
:10BA7000086A323FCB31F53BF2BF19BE63553F3DFB
:10BA8000C7F567BE0DDB92BD90313F3D31A52FBD9F
:10BA9000A846CC3B4A6C6DBD0EE52D3E18D1D9BDF4
:10BAA000999BC5BD9C5E74BEC97B523D10547ABD46
:10BAB0009B501A3E9CFFFC3C2BD049BA810411BD1F
:10BAC000AF720F3D2D0F13BD4BCFBEBB48BDB0BCF9
:10BAD00094F61DBCA043D0BBCF5B3A3ED99EDEBEE0
:10BAE000298ABA3D49198FBE19448FBD8E048B3DFA
:10BAF000804BB3BDD236C13C4058F3BDAE92383D09
:10BB0000161D9FBD7E65753D895963BDE678E03D94
:10BB1000959DE1BCEDA53B3D363708BCCCA2E83D88
:10BB200022A193BD399E9E3C97990C3DE9BD27BC4F
:10BB3000A28DC13C40101ABD9D7AB0BFAFF4DABEF1
:10BB4000E8E7DCBEC85C4B3E8BCE77BEECFE18BD92
:10BB500010501B3D64D712BCBBE6AB3D99BEE5BBA4
:10BB600045C3B6BDCA41333D1B9E1C3DDC62033E4E
:10BB70006040A9BD02F9EBBD7F803BBDB80683BE26
:10BB8000EF7F413E27D748BC0F38203CF8DF2E3DE1
:10BB90007F8C40BD1FC0193DBDADC6BCC0CBF8BE3B
:10BBA000917F7CBEBFEF1FBEB497003E56DD48BDFF
:10BBB000921D3F3D14E2AB3DF7457EBDD65F23BDF0
:10BBC0003027B93DEAFB72BEE05FDEBCB099613D53
:10BBD00085A9F83DFFD490BDD6F063BE3308773C0D
:10BBE00087697ABE33522B3E27DA713D96A40BBD8E
:10BBF0007ABEDB3C60CB10BD4A4D023D330AA6BD88
:10BC00009741593DEBACE53DA55B16BD75A0AB3A40
:10BC100090B8053EBD1AC73D1BCA63BD8D9BB3BD21
:10BC2000BF4D023D103F3ABE49CD85BE0A8EEE3C67
:10BC30005A279CBD7E122CBD37DC08BEB50DC1BC99
:10BC4000C867A1BE79DADF3D5B71BFBDD9AD3FBD2D
:10BC50001F3FAFBD733222B95C72BC3B4CCC803D00
:10BC6000BEAB4F3D4147B0BC75A1CDBC0582EEBD1A
:10BC7000624E053D7A8A143E0C0B8D3D3CE8613BDB
:10BC80009CBC52BDC1868A3CCDD78BBE447281BE5E
:10BC900097B9DF3DD6EFD03CE01D48BEC4C39CBC85
:10BCA000F3FF93BCE907B3BE47353C3E4F1717BEC1
:10BCB000FED403BCF7576EBDEC2CA6BCABB309BCDD
:10BCC0006C9D403DE638513C00943EBE543735BC37
:10BCD00025216DBE005C88BDF02B4D3E6A61073E9C
:10BCE000B7226F3B8D6D1DBCD1C2E1BCFF896DBE1B
:10BCF00025F0DFBDF00C8A3D71F758BCF54C89BECC
:10BD00007D0024BE91F3AABC88F364BEC2278E3E98
:10BD10003496C4BDC8464B3CEC57B6BC7EFB1ABD3E
:10BD2000685471BDB13EB6BC3DA7DA3B12D9A6BE80
:10BD3000E9F595BDD9F32DBE4819F3BDDBA8043D47
:10BD4000C79D933D2D9F123A5EE96C3DAB1C94BD9F
:10BD5000FBFFA4BE005A23BD2C0D213E8315BBBDA5
:10BD6000016AC1BE67534C3C46694F3B839AA7BDED
:10BD7000C6C77E3EC7EF04BEFD45803CB47C0FBD08
:10BD8000D41287BD5C905ABD6A4791BC94C60B3DE6
:10BD9000CA2445BD9D9F89BD81CC93BE46086CBD1C
:10BDA00020B5EF3C5CCCD73D45A263BD258B0B3D58
:10BDB00088AFA7BD90B929BF81EF563CD766C13E79
:10BDC0000766F8BD5FB5D6BEB22CB2BD57214B3D5C
:10BDD000F60AAF3DB4E71F3E92077A3B115FEF3C96
:10BDE0009136C7BCA2AC55BCF1486BBD15EF9FBBEB
:10BDF00075CB9F3C667AFC3DAF72DBBD44FCB33D26
:10BE00000DAB883D634A133E0C8FCC3B631B9ABD40
:10BE1000FD7F763D76442FBEBB969ABD0169E93E13
:10BE2000BD00BEBC19511EBFD297A9BDC36C863ED2
:10BE3000BCF87C387C62FA3D632994BE3A1A12BC85
:10BE40007349133D0B5EA7BB550F5EBB889A133C2D
:10BE500067783C3C92BC863CACBA733DDDE403BEE3
:10BE6000ED79863E2B6B383DA7BBB73DE0783D3D75
:10BE700028DC533D16839B3DCFBB85BDFDFB0BBC32
:10BE800051C5963ECF0280BD7C94F1BEAA6210BD22
:10BE9000045A923E4670B0BC2508B3BC79C025BE9A
:10BEA0008BA3C23D40BDBA3CC18223BC8471C23B5E
:10BEB0008F0284BC28CC2D3BC0F1173D75059E3EFA
:10BEC000EABCB0BD3B0C7B3E006E9C3D0C6AD83D8D
:10BED00088DFA2BD41F7943D9950423DB92386BD0C
:10BEE0009EF34E3DDC5D913EE7B456BEB1F682BE98
:10BEF000BE22E2BB756B763E69A3043D5A5835BE3F
:10BF00004A7E42BE4DD4ABBDE97B863CF28632BC54
:10BF100064CB81BCEC32E1BC87A47CBCD41E9C3DCC
:10BF2000DCBE003F1F31B03BC9BA72BEDB44573D97
:10BF30001B254E3CCB26373DFD8798BC4FB34BBDF0
:10BF40002DA155BE842B153D2DCF11BDC5CE03BEF1
:10BF500088B91BBED443EABC3FFF99390BD7FDBA61
:10BF6000D1EE09BE7344A83D68F6D6BD79AD6FBD6C
:10BF700053D3773DD7B03DBC3CB55FBDD41D723DBA
:10BF8000EBD3C83D56037E3F34A07C3E00CA35BE8D
:10BF9000B48ED43DEFD3C1BD758A70BC25CF70BDC2
:10BFA0000C7B0A3D7EA65BBD1DD7383E7C27D9BDE4
:10BFB000F4999DBEB7AC863E7476D1BDAC9E82BE70
:10BFC00037D5DFBDBF5B1ABEABB5033F2DE597BDCF
:10BFD0008E0FB13ABED0E4BC9EBB093DDDD09CBC07
:10BFE000131E373BABEC34BB839D473B5A1E69BDE8
:10BFF0000A92023D7B9786BD21CB54BEA29B64BDB5
:10C00000F992A23CCB53433DE6CE47BC6329583D51
:10C0100031BA8EBD3CB6E63D0FFC29BD374A10BD96
:10C020004F1C8FBE8CA66CBD927FFABDEBB6BA3E9C
:10C03000B7D001BD318C90BC85E5AEBBDACE903D6A
:10C0400011192F3CE17F903BFAB911BDC774A33C95
:10C0500017285CBD4C7DF73C2F2BEC3C351B33BEC9
:10C06000D76891BB3D67693DA984A13D339B5ABC0C
:10C070009221633EF9C204BC6954653D8C96273E0B
:10C08000CF773BBDB0A813BD85A3063CDFFE44BE01
:10C090008846643E483358BD405AFE3C42F4E0BCFA
:10C0A00001B5263DAD60ED3A28191EBD20F36BBCED
:10C0B000CF100ABEE0F730BD1758F2BDDC9773BD54
:10C0C000248024BD83939A3C668CC03C03CD43BD41
:10C0D00016C226BDC2D06B3E598A4D3D1979BABCF5
:10C0E000B784103EDFDA6EBDBF0C913EF241933D46
:10C0F00070E835BE9EB317BE6C7DCB3DF242D63C98
:10C10000A6D6DDBB0F8B5BBD75EF913CF51DA6BBC5
:10C11000EDD4BB3A86BD3B3E6C77723DCCCD0CBEB8
:10C120005AAC8C3DD76C20BD970E06BD49FC4BBC6C
:10C130004FEDF6BC4ED884BDBE60A83E329C0D3D8E
:10C140003730513DB4160ABDBD5D233D318BA33E52
:10C15000AE7ABA3DE8969EBDAA4023BEA709993D96
:10C160004511A0BB18516D3D5A55FBBD8BB2BCBBF0
:10C170003B474F3DE398DB3C16D68B3E65215F3D48
:10C1800066042F3D85FEC23D29C9B6BD071AA7BD6D
:10C19000CB20C23BCB97DDBB4BA9B9BC2FE4B53E4E
:10C1A0002CB180BE38BDE9BC946B883D3B181BBEEA
:10C1B000A15470BE60642F3DD17A123CDC10C23EA7
:10C1C0000842FDBDA2D010BD93789E3DCD40CABCB3
:10C1D0003BA928BDD73A6B3BCD74253D1446DE3BC9
:10C1E00013D62ABE218FAB3D19E428BE79AF74BEA9
:10C1F0002DD18F3DEC8574BDCF1D623CA53425BD8E
:10C20000F02D733E1026533E3D84A9BECC1BA7BE25
:10C2100014C7E5BE0B6373BC397579BD9DF9833EC8
:10C22000FB7C19BDAA82CA3D183FBE3BC3ED163D3B
:10C23000DB935B3D971326BDDD9B193C8E97453DF7
:10C240008C0CBCBD8DCE773D3C6623BD58393BBEC2
:10C2500074DC95BE980F363DD3F338BD66F7ADBD9F
:10C26000A68DA2BD8D12BC3DAD7D303EDB8490BE5F
:10C270007D0DAEBEFB73B5BE31F69CBD912A40BEAE
:10C28000D992893EFCCB72BCD0DE193D09B24BBDC0
:10C29000CACD53BD40DC9CBC366E06BDC441A9BDB1
:10C2A00093040F3C2EA891BED279F13CC61989BDEA
:10C2B00034FE68BEAA378EBECE6E47BC9A8A9EBB3D
:10C2C00062A62E3DCCA8AE3C9693383C7B5D903D5B
:10C2D000BE578BBEC49725BE875195BE20431EBE58
:10C2E0000E5A0BBDD70E1B3ECBB4C73D5D12273D8A
:10C2F000189FCDBB0626F63BA8D92EBB5624FFBC03
:10C30000EBD156BD45E93B3DA7C378BE106A5C3E04
:10C3100066013CBE783E60BE4DB481BEB16F843DC7
:10C320003FC7363C8DDE22BDB429B2BD7FF801BEC9
:10C3300060FEBD3D8FF9D2BDC258A0BE633785BE39
:10C34000A993893D77F1CFBC2945A13D1666B4BEBE
:10C35000B228C2BCFBF029BC55A387BCF89F8FBB99
:10C36000EA5534BD789049B98BEBD03C6BB633BEFF
:10C3700033C0DB3D4B6906BE2CBE88BE07DD8ABEDE
:10C38000A84DF1BA56E00F3C5D428D3D2F6DD23C79
:10C390003A3984BED5688D3D62EAC33D6D64D1BE35
:10C3A00054DE7FBEFAFEF63D58ABDABC8CB1E63DFA
:10C3B0002EA34ABEB85396BDB9BE623D72A748BC13
:10C3C0005E30833C09A9873B5280483CE482053DAE
:10C3D000E6812B3EFF8FBE3CBA19DB3DE9D44FBE50
:10C3E000EC16DDBA0F9A12BC245C3B3DBA85843D45
:10C3F00035A4DA3B50554B3E03CE073EE5FA01BE6D
:10C400005E3339BE50500D3ED85A7E3CD474B3BD15
:10C410002FC843BD3C83F53B62F8C93CC4E44DBD25
:10C420002086283CE865F33C86E29D3C85030D3B75
:10C4300033F244BC72C300BEC9568BBC8153FA3D73
:10C440003EF07ABEF2766C3CFDA1C3BD9F94983B52
:10C45000B4503EBB9F29703DF259F33D150C2F3E61
:10C460004F1E36BE6AA423BE46CF393ED8AF083E23
:10C470007B4D47BE01A3F43BC32B63BD487ECF3D3C
:10C4800043228DBD7357AFBCE6F9693DDD09E93C38
:10C4900026F7923C5EC542BC033379BE98AF803D1F
:10C4A000122E243ED3225FBED6A1A43CCF356BBB57
:10C4B000DB41563CC9F372BD1EFA6ABC605AE03DCE
:10C4C0002F8FB13DB9D2F5BD765E9ABC5F29643E2F
:10C4D00033B5F93D01EE3EBEB52949BDF712BCBDED
:10C4E00033FF503D7046E0BD575334BBDCA94C3D93
:10C4F000299B8C3D691A6FBA7C34A4BC502BACBE0E
:10C500004E3F943E81AB2E3DAE2EC8BD8B12BB3B41
:10C51000898D293DB412B33DB60850BD6E8C423DA5
:10C52000C0D1BA3D230698BD1992A6BD4AA7AD3D1C
:10C53000548FB03E2FBB683D351309BEF27466BE02
:10C540008EF4433DA681D03C741F04BE1D7B18BDF4
:10C550007504043E282FB33DA7E48BBC3A7DAEBCE6
:10C5600050E092BD12A01EBE3A023C3D81B855BEBD
:10C57000975A1A3D12F4433CF4C0ACBD4BF0413D18
:10C58000CEBE853CAFC9853ECFC69BBEB7D84FBE99
:10C590001A309F3E212F073ECC77FFBD5CF63C3E14
:10C5A000F18616BE3D2EA13CEF5404BCC597ABBC32
:10C5B0003DAA22BC30AA1A3E8F5286BC7FBDEE3CFB
:10C5C00074D296BDE55932BBD73F0FBE13E7B6BD57
:10C5D0003F9C49BD698232BD22D6BEBD7C140FBDD1
:10C5E0009E8C32BDBDD0E0BC2B2D353EFDB2813DD1
:10C5F000AE1AB5BE84F130BE5C0D30BE9AE202BE0A
:10C6000079C600BD99888B3E1F07AC3D50C3F33DF2
:10C61000937AB83C9F4CEA3BFD76783B2229DDBCFF
:10C620009F01B83C6914F63B45ABC8BD1CD771BD32
:10C630004BB2A5BD983507BD0DCD91BD21CA65BCD6
:10C6400038F49FBD72B791BDB6C15BBC3D21823E3F
:10C650007670F43D839B4FBE7B5371BE242059BE40
:10C660009978113C06FD31BD1DFB323E334D253E10
:10C67000DAF6503C7BF8A43AA47D58BCE2B7BFBBC5
:10C68000A43E393C950A9BBB99A2043DC8F4FE3DEB
:10C6900053AA503D113D9EBD4970E23C58CCA2BD0D
:10C6A000356EEA3C865EAF3B3CA31BBD5D96B03D5C
:10C6B0003847543E10643B3DA3867DBE2BA711BE78
:10C6C0009D8E78BE4A37243DCC8E5C3D2EF9023ECD
:10C6D0008061103DC8C130BC9D6E563C990D9CBC1C
:10C6E00016F103BD3A54293D1B5F0F3C2DA67DBCBE
:10C6F0000A82623ABE9EB23D53DCCBBB0B10C33DF7
:10C70000D2B6B1BCA53C36BD05ADAF3D389F09BD25
:10C710002082B7BCE3811B3CA112793D5F07B7BD06
:10C72000E19A2ABE75E58BBEB3EC993C6A847F3DE5
:10C73000B245B73EE31F923D2192463D3C3E00BBD1
:10C74000A3578D3B54BEE8BC35C779BC96F4373D42
:10C75000BF0070BC1B0A57BD9720BD3D4722293E34
:10C76000BB90F43C086A93BD158A54BDFFD0873D49
:10C77000425B683C9EDE053E6AB449BB42E8123E1D
:10C780006D5BD03D9948C5BEEDC6C5BE99B3053CAD
:10C79000F4BF673C8704FB3EEA92163D5528303CC7
:10C7A000CA5EBCBCA78B353C3D2E6BBBDAB8BEBCA9
:10C7B0008740063CD614B3BC32030DBF548B62BE17
:10C7C0000AC92DBEEA59243D21D4B0BDE24F9B3D9C
:10C7D000D60823BD63EFB6BD33C26E3D84E6F1BD1E
:10C7E00017D4A8BD843C573E25AE98BC40309E3C33
:10C7F000E92E82BE14231C3EA9DBBD3D2F11373E1E
:10C8000064C16BBD08D545BC71EB37BD20F8953CC4
:10C81000008DEDBB004A423CCDFE18BD7B3E5CBCAA
:10C82000976FA33D61DAE5BD3DCAA0BC1C37E4BDEE
:10C83000515F483D7A0163BD0C8C83BD7EEC9B3D0E
:10C8400012CEDE3C15B027BD6777503EAC961E3D3C
:10C85000E117B9BD69C6F5BD27E70CBE5148553D86
:10C86000F2C3293DBB1ADC3D251080BC3FDC703B88
:10C870006AD4CF3B063F273DB67B34BC7CC335BD75
:10C880008AAC7F3E53B4D9BD6BC99FBE886108BDD9
:10C89000624722BEA2CB6DBDA5047C3D58BB853C42
:10C8A00066342E3D611EF43D75E21BBEE817853DE2
:10C8B000B935C23DFA9AA1BDABE7C53D6288C73D17
:10C8C000BE0306BD9351DCBCDC4B603D4FF7A5BAFF
:10C8D0005CFCE2BCDBB0743D2CDB0DBDE30A4A3BE3
:10C8E000F07E66BDCEF5983F2522ABBE04055EBF47
:10C8F0006822603D3C1711BEA0E3EABCD0A584BD10
:10C90000912EA5BD9EAEF6BC9FCD903EB42FEEBC41
:10C9100045296DBC82FA62BCA1C5B1BEA7119E3E7D
:10C92000E559673E88E9A13DB0859CBDB375B6BEAB
:10C93000BC8CC43B00E569BC8CCB693D83FDCBBDA1
:10C94000D28D7C3DCFF3DB3CDB74163FEA6F2E3E8D
:10C95000F761DBBE843A0CBDC1120CBE5F47E7BC79
:10C96000E3EB9ABD290CA73D0B6D9F3D6AD77B3E3B
:10C970009633E23D9FD925BE3A25323DFC13C0BD1A
:10C9800090EADC3EF779A53D269E1B3DC0BD22BE48
:10C99000E16A66BE05A304BC6CAB1DBDCEB64C3CC3
:10C9A000166F183CDF3C8F3CBE4DDABC704752BE60
:10C9B000CB82263EF66436BEFD9356BEB6551BBEF0
:10C9C000A6D848BD0ABD8DBD4121233DECD4F03D24
:10C9D000011806BDC3EA1FBEDEAC9ABD8D5CD7BA96
:10C9E000E94231BD025335BE5C95153E8D0C63BCEA
:10C9F00099ACA03EFBB6BFBC3C9BBC3B42113BBDCF
:10CA0000B9F040BC0B5AF13C43CF34BC329CA73C3C
:10CA10006852D2BDA331553D0BC26EBE895414BEBF
:10CA20001E5509BE1B7BA8BC47B28F3D528085BDF9
:10CA300008EFE4BBD299F53D599B3B3BB5570CBE83
:10CA400038AB6ABDED291ABEB51EA7BDB3908B3DAC
:10CA5000D4CE2BBDBDE84D3E824691BCFB144A3C72
:10CA600080A768BC74FFFEBC5877F1BCAC17233CB0
:10CA7000CEC6083DBBD8CE3E82BECC3D20DC7EBEBD
:10CA8000489859BE4E573FBE0682BC3B5F5F683C2C
:10CA9000187A9BBD3A083A3DC10BC43DF9BF0BBEA5
:10CAA000CCF89BBE26830EBD0CBD28BE0EABB2BC1F
:10CAB0006F9C24BEA2E07BBD877DA03D4D790C3CE0
:10CAC0009409553D7843B33CDAE0E1BB2209E539EE
:10CAD00054A8A8BC16F9863C7A200B3F3E8A0FBEAC
:10CAE00072D78EBD4A934BBE203A28BEA9A5A73B5C
:10CAF000C5D2693D49EF3EBD458C15BD83D4F33D9C
:10CB0000D4A38EBBABA795BEB7CB09BE790138BE07
:10CB1000679DA83DEF10DBBC435E9BBB3383033EA8
:10CB2000FBFFB4BC05F8DF3C26533D3CACBDA03C4C
:10CB30006EA44DBDD75092BCC659753D393E053FD8
:10CB400093C827BEBCDDF8BD5B15AABD594183BEA5
:10CB500043A0A6BCC86BB5BC4EF183BC253ED33CFC
:10CB6000800E3D3E6596893EDF68B5BE27A3ADBE0B
:10CB7000E42BB4BD87800DBD237BA2BDA2DAD3BD5B
:10CB80001C87553E43470A3E505676BCE607203D7B
:10CB90002ABC23BC5FAB113DCB281EBD7C4CF53BB2
:10CBA000B20EED3CB65CC4BCA30D093EA2CA24BDC6
:10CBB00038E50C3D6CE4F7BD984EDC3BB78EE53BA9
:10CBC000869FD63D1D119D3DB84C233E2205DEBCFF
:10CBD000E1D48D3C847B08BE09FAA63DF57C9EBB62
:10CBE000BBA522BCB8872ABDD7DF5C3D8F4CBBBB41
:10CBF0008C1B3EBE0678233DE163ACBCFE4B44BDBE
:10CC000058954ABDDD91773B7194E63B84A4DBBD2A
:10CC1000E8B74ABD8AE1043D7156E5BD6AF2743D4C
:10CC2000F6BF31BDF2E8EC3DB89D2A3C7AE99BBDE8
:10CC3000B78B4DBD448196BC191A73BCAEB914BDF7
:10CC4000D04B733AE7D29CBD18939A3D35970C3C74
:10CC50005663CEBD00E2593DF6EA473D784A593D5C
:10CC600028322A3DB70CCABD52701D3ECD6828BE81
:10CC7000A7CBADBDC5C5F0BC109D193D829C443D00
:10CC8000DC4083BC203F24BDB4227ABCD131B6BD88
:10CC9000D04A143DF22AA7BD88D6263E3C21B0BC1E
:10CCA0003DC2C9BD399E093C32350FBC0292243CBD
:10CCB000E248E23CF3F4A73DEBA693BD94383EBCBA
:10CCC000A6396CBD3C42F7BD7564F23BD4958B3DF3
:10CCD000EAB62D3E0E12EBBCBB1C083EB998143BC5
:10CCE0003BC9963CE9BF263E3F26B53DBF43723D5A
:10CCF000B4709BBDBABF8ABDCA00F8BC93F9BA3BF9
:10CD0000B2CE06BD471F853D22B304BDA43305BE88
:10CD1000CA99AB3D33B22E3D8C0DC33B404CA43D74
:10CD20005FA789BBF562AABD10EA4BBDF12E71BCAD
:10CD300097ADF0BC9CC2BD3D320388BDC779F43CC1
:10CD40006294643D7A59C0BD7E10213D1F620CBDC6
:10CD50008444F0BD131F0E3E0E1BA33C359F823D45
:10CD6000697E133E209EF83DC0083DBD21120EBDD8
:10CD7000091385BD9B45453D90B337BDBCE4993D46
:10CD8000C9FC97BD605E05BE2DB9E4BCC193B3BDBF
:10CD9000BFD718BD9465B83D1E99DCBC8D4439BD24
:10CDA000D717BEBA2324953D690979BB3652E3BB38
:10CDB00013C96E3D9013823DD1FC02BD471BA4BD3B
:10CDC000B6D2ADBD8F0B473E997F50BD49EEA3BD96
:10CDD0007D99D93AFBEFC53D87CBBC3C971D4EBD35
:10CDE000220030BE442C5C3BDE77A23C1FC6803D57
:10CDF0008038003C920943BE4D839EBB21928ABD80
:10CE000091AD2EBDCC0DB33A3D7AA23C98FCB23B1D
:10CE1000168574BE3D95B0BD64C93D3E50C19C3D74
:10CE2000523BD9B92BE59FBD19BCD2BD89F6513D06
:10CE30001B51463CC966AA3D8BEF85BD46020FBD1E
:10CE4000FE689E3CB1B310BEEAF7A2BC084126BC06
:10CE5000A24A9C3D0F33E2BB85309CBC4242873DD9
:10CE6000614EA53D677D6C3C4690EBBC6FB2583D72
:10CE70000EC88ABD9276CBBA63C0F8BDB473A03C2D
:10CE800072B5903C3186973D1F25973C987CFCBD40
:10CE9000D26F1ABC70C4153D7270CEBC48B88DB943
:10CEA000E61B823DEE39C43CB237B63DBAEF08BE50
:10CEB00023CCFA3C60733ABCCD1A0BBD6D47E3BD81
:10CEC00016AE793D8DADF0BC8DFA893D5EEB023E2C
:10CED0008A8AA43DD739263D9056773D875B4D3DE4
:10CEE0007F0A313C7B24763D9236D73DDF208B3D57
:10CEF000B48ED5B81EFB11BB439146BDD37A84BC1A
:10CF0000F9B828BD52DDBD3CE0F20BBE34027A3CDC
:10CF10003A6285BD8A5C60BEEBBEA9BD6F3EED3D49
:10CF2000A4271F3D48A4BBBD80EE7F3DAFB39CBC92
:10CF30001B3CC03C93179EBD83E780BD5BF9673CFB
:10CF40004DA190BD35BBA13B4C37A6BD641FB13D83
:10CF500050A564BD4B3284BD31FFBA3C6C08B63D70
:10CF600002D8F3BDE3BC1BBD93D28FBD4D2D46BE91
:10CF700065D2A23D1F4F833D432A0C3D5DFD493ED6
:10CF8000BBF0D838FDB8AD3D7D3BD8BB30D021BE1D
:10CF900052E2573D935F82BDD89A29BDC7BFA1BD5C
:10CFA0009D7C693D6EFD683D8FA8CBBD0878C53D71
:10CFB000BB92E8BDD09BEC3DA865EDBC3D95153D11
:10CFC0007AC1243DCB4017BE05C8873D2FEF223ED6
:10CFD000AF2FFC3CBD1783BD153D76BBAC7B903CB1
:10CFE00054A46D3DA338B43D17481DBD1C21E9BCB8
:10CFF0006C18E03DA26087BDD058A2BD3DB3A13DF5
:10D00000324329BE874829BD6E5B6A3D1A4E09BD71
:10D010000692DEBDF1623E3DB4C459BD9750093E53
:10D020001DDCC23D789DE23CA6AE723D0FA990BDCD
:10D03000222906BE2181FE3DFCE5EB3D944035BD35
:10D04000C0CB6ABEB6F0A0BC2CFAAA3C09F962BCFF
:10D05000138792BC9E7254BD8EAEAEBDCF9162BDA1
:10D0600099058BBD4F661BBD5DD6F43DBBEE0FBE73
:10D070009CDDB03D1EB1363E6EBA33BEC99BE13D6C
:10D0800027CD28BD0CEB18BD70C8CB3C5629173EE8
:10D090007601DC3D75D3C2BD45841F3E8F4D843D76
:10D0A000DDA8BA3D723131BE5DDD3ABE546F3BBE84
:10D0B00098CAF8BD17519EBD8130BBBDD724B23D83
:10D0C000994280BD455BCF3D6E6A83BE7F8D62BD58
:10D0D000B35FD73C3AEE1FBBD6D3E23B4EE70C3DE5
:10D0E000819B8CBD71B047BD610DA9BD86890E3C89
:10D0F000377B303D2A16AD3D54858DBDD23ABC3DBF
:10D10000D8D439BAD1593E3DBAC6A63DCA290FBEB8
:10D110002ED3C3BD9443CD3D21E1233D0EE0C9BDD7
:10D1200018AC6FBD27B88FBE934C10BD79802A3DD7
:10D13000FECA1EBD4D6A75BD1BA4B9BD83C05EBBD2
:10D14000E696B13C78D527BE9DF40B3D19790A3D92
:10D15000764BEF3D25052DBD43555CBD54A00BBD61
:10D1600008B46F3D98EBD0BD18767F3C010080BDC0
:10D17000EAA3503EE99A86BE01A4FA3D47A88CBDB9
:10D180000281B03DF160D43CAE187E3DFCC365BD6C
:10D1900092EFB4BD7C74B1BC9309A4BD7FC9A63D18
:10D1A00029B381BBDB4A13BEC78BEB3B1485D83C4C
:10D1B0003A95EABDCAA56C3C16BF7B3DFB79203E83
:10D1C00061735F3E63C20D3DDCCE8C3D36E41D3E97
:10D1D000B60C2A3B4986203DFBCF53BB086856BDA1
:10D1E000A844A63D3D71B33D3A7C84BE075C80BD3A
:10D1F000EE041DBCFC20BEBCC000D6BD4AADDF3C69
:10D20000A6C96B3DFED10FBD54454FBD0D67C4BDD2
:10D21000E1487EBD94CDC8BC91CF20BE603C663E47
:10D220006C9C2CBD0F861F3A6151CA3DA4190A3E61
:10D23000073D253EF17D693E4498583EAB7AB73CA8
:10D240004DAE423D7D7C7CBCFB00DA3DDCA8C43D9C
:10D25000FA2D86BD09BD0A3D696E72BE8D82F53D0F
:10D26000072D94BDC14D32BD3A7A13BD91C8923D90
:10D27000A50907BED540DA3DB0A278BC22CBB93CA7
:10D28000BBA6E8BC2D91E13DB4F2E9BC3AAD6C3DE2
:10D29000C59D123DC4B9F63D2825123EA2F5943C29
:10D2A00003A53C3D08F0393D7953663DCB0CDE3D8E
:10D2B000B1B6463DA3331BBCCD5C313ECF5C9C3D3B
:10D2C0008442BCBD4D29A0BD1A528B3DF1F00F3CEC
:10D2D00070D68A3D2587423D5F9E0FBC6712A73DF1
:10D2E000C15000BD6ABED6BD531F723C78A7063E32
:10D2F0007E2B053DE63BB6BC3F953F3CA3DD88BC9D
:10D300004F30DBBDD3605EBD1D0C623DB5120DBE5E
:10D31000284D46BD931A7F3DE035963DA4218A3DB8
:10D32000B886F6BDE66EDF3D569A8E3D1AC9273E99
:10D33000FB3782BC7C049B3D58D369BE75CE353E1D
:10D34000D22543BD75A31CBE7A7C383DF8AE573D4F
:10D350006F9DF73C213E853D1391C13DC11001BD3C
:10D360007D498A3852B7F33CE7F2A4BD8CAAE1BCF0
:10D3700024293FBE0FBEEFBCB15A2ABD2CE2DFBD4F
:10D38000B2F0FA3DADD8DABCDFACBFBDF94DECBCB4
:10D39000E9A5D3BDCFCD81BC2BC799BD1228133DC4
:10D3A0003A2F4CBE330382BE11889ABC701983BDDC
:10D3B000C649DABD758978BD23802B3E88BAB3BDD6
:10D3C0003DFA1F3E0908AD3DFB4D023E088E17BDDC
:10D3D000513C8ABB876D35BCC4C9853D2411C33D12
:10D3E000B69F333E997E4F3D6940E93D5610B63DAC
:10D3F000B56559BA2F63AD3DBC7F7D3D59D3F4BDB2
:10D40000FD3949BC1D8E68BB5751B1BD159D72BD1C
:10D41000DC3B903D190C8BBD502131BE205E6D3C34
:10D4200092BB1B3E32CD05BE788B003DD5165EBC4F
:10D43000DC83503E7801F63A6F05C83D8D54DEBD61
:10D44000CB1DC8BD1F97C4BD88973C3E04240E3C2D
:10D450007F5BCE3D7680D63C7D6FE2BD51B00A3E0B
:10D46000B6AE633DCDC462BD0B4F863EF91EE4BD32
:10D47000FEDBE2BD95A71DBE8610B13D2AA108BE08
:10D480009FDF86BE95436A3D72FF68BCC146E03DA2
:10D490001C1F99BCE92319BE970B813DA2ECC5BDA9
:10D4A0002FDE84BD4F950D3D4138D33D019053BDD6
:10D4B000CCB2E4BB1D3661BDCAF83D3EAE02C83DEC
:10D4C000B33B993D09ED703D55533FBEFE34D2BD8F
:10D4D000F98AE43D9D4A063ED7A608BD6E2BB63DAF
:10D4E00022F1DCBB947A593D0D113CBD7F78373C6D
:10D4F00091948A3D04285C3D6D6606BE281BD1BD13
:10D5000000F21E3C3C0B52BD5B79DF3DFC2033BE7C
:10D5100064CA3B3DE38EEA3C82767F3CEBC86ABD41
:10D520000A2006BE1BE6E43B6F2C223D19A2123CEA
:10D530005E1DE2BB17F0F63B78BFB63C4840C4BC6A
:10D540007B49183ECEB00BBE8468E0BDA7B0C13C9D
:10D55000D32EC0BD6BF7AB3C26B72DBDB8639F3D46
:10D5600083111E3E6417453DFA99E93D652B39BE8E
:10D57000C957603D95C49A3C4E80B5BDCA0307BEED
:10D580009D2C06BE6A54923C1359E5BD0DCCD2BD0C
:10D59000888ECB3B619D09BC3796453DDD1593BC1C
:10D5A0006D052B3C05F63F3D006FCBBDE5BF323D21
:10D5B000B803A13D4F0BEF3C7B07393D5743A1BD5D
:10D5C000BC8FCABD4E1945BCD59BF9BD799104BE2F
:10D5D000D6601F3CED97003E668FDCBD0C541F3DAE
:10D5E000D9B085BD00515BBDBF94273C45AF9F3D81
:10D5F000C0E2133E8ACFFFBD195105BE569ADE3DEB
:10D60000F836893C4D26FB3CDAD2083E1BD9BDBC1E
:10D610007416783DD6E5153E7E70C83D8E0FD3BD9D
:10D620009C6ECD3DD2FA883D67CD4E3DEA7F643D8C
:10D63000728EF0BCBAABA8BD730AD2BCEDF512BEB7
:10D64000E1C5C03CF8B92CBD894BB7BD38E56F3D8D
:10D650006388783D578DFA3D41D2143DF9D736BDE8
:10D66000D8102B3D3F50B73B524433BE6AB6343DD1
:10D6700096E0A63D0488EFBDCF95BE3DCC148EBC90
:10D6800067C0933D02D24BBE27A3013E89A5CD3D85
:10D690000E17843D3B264BBAA8EB81BD9200E1BD3D
:10D6A000B085603DECFFFDBDE2D9203B854FDCBC81
:10D6B000B31480BD448F02BD3ED08C3BBE1F7BBEE9
:10D6C000ADC3B53D6691383DF301B63BE91EA1BC43
:10D6D0009AF9433B36340D3EA0ED06BED43B32BC36
:10D6E0004DF296BC43B520BE6C2835BDD3F7BB3B8D
:10D6F000FF5561BDD58ACF3D59CCB03C23563D3D49
:10D70000FF5A203DE16D603D3C877ABD2B549D3D25
:10D7100086FC8FBD7A9315BE2E8E98BC777C89BC13
:10D7200030BD5B3D1A6449BDE15DC63CADB9B03D5D
:10D730000B3241BC968398BDD55E693E70DEAE3D2E
:10D7400029BF8DBD8620063E6B2136BD4EC504BD6A
:10D75000BC8E8BBC365332BE1F16AA3DE1413CBE87
:10D76000D57629BD19232DBEFDAB303C0235013CD9
:10D77000F6EDCF3DB6FB9ABD7C49AE3D75DFAC3DC5
:10D780002E76FCBD5C468F3DCEDF5E3D57B111BEAF
:10D79000B13E013C77478EBE2CDF313D6691843D22
:10D7A000DC55F83C4A61E03C4FD4AB3D431CE6BC41
:10D7B000849889BD2C7EC03DCCE3C53CE1BDC1BD94
:10D7C0008B4C283E7B141B3E0D261F3DBCC1D43D17
:10D7D00002B5153DF32160BD39F156BD1C3D86BD36
:10D7E000008E543DA45F003D3304BB3D7C9CB8BD1E
:10D7F00070FC923DF6CE6C3D24CAC33D88891CBDA9
:10D80000F23C9F3D47D76A3DA904C2BD1593B83B82
:10D81000F645DEBCF701B3BDB2D782BDBD86A93CDB
:10D820007F6C593C8CADE8BD95931DBE1AC4393D43
:10D830006B01BBBD50488E3DE4592C3D8E63ACBCA2
:10D84000E22A8BBD2A84AD3C83B9913D117B95BD05
:10D85000CCA6043AC9134E3DBE697F3CEE85843D9B
:10D860007424753B5F73403D3FCE10BD5CFBA83C0C
:10D870008C59113D1958E73C34C83D3D1C8AB6BC53
:10D88000E91EA9BD1F64603ED906A73C20FBD23D1E
:10D89000CEB198BDB16FEB3C2D4E653D4AEE15BD46
:10D8A000B509EB3D5A875C3C8608BB3A3F5CE13CDE
:10D8B000465AE53DCC388B3DEEA4373DE4C31D3ED2
:10D8C000155B69BD2B6A87BEB06E56BD32B310BE04
:10D8D00099B2E7BDF74C433E64F798BD39922FBB30
:10D8E000C5F53BBDD48FED3D40F79C3D9C410BBD44
:10D8F0003A3499BDAE1616BE3FB577BD3A40063DE7
:10D90000174A9BBD5514CBBD24581E3D75083B3CA2
:10D91000DDE023BB8A9031BBFB4928B9607D8CBD1B
:10D92000666CA73C48FFDF3DDB938D3D663549BD06
:10D930000C552EBD1A8B97BD3464AA3DE7E306BE95
:10D94000E05F64BD9ED6843DBF855FBDABC396BD21
:10D95000BAB483BD67F967BDF9B646BDD6F4203EBB
:10D960007DD332BC12B58B3D3E36E2BD601E833B9B
:10D97000AD7EB2BCF6EDEFBC407EDE3D652AF4BD67
:10D98000636380BCA420B33D0B6FA6BD524F103E15
:10D990003606E83CF30B31BC9ECB653D32BC0E3DF8
:10D9A0004248EC3C11716BBB12EA41BC50798CBD12
:10D9B000010C12BD365E95BDBDADBFBD3E9C923D16
:10D9C00036881A3D67BA373D21089BBC6E631C3E02
:10D9D00005260EBD18C4EE3805070B3D2455BEBD07
:10D9E0004D4F12BD0623ACBD148D973CF762ADBC04
:10D9F00094D5853C9CDC7CBD165BBFBDFEDA973CB4
:10DA0000D6206F3D72A918BDDA27F73D2F4C44BBD5
:10DA1000945A04BD64D0D63BCEB3C2BD436C9A3D8C
:10DA200091A2EF3DC8E6323D31E767BC0DE23D3DD6
:10DA3000FEB5493B7844F13DBE8109BEDB2DFA3D80
:10DA4000149A583DA5BF0FBE87BC0FBD4756483D31
:10DA5000803E4FBE1356923DE091CFBC746828BD06
:10DA60001A370C3EE9CD06BE1C172ABCA34EA3BC38
:10DA70005B348B3AC968C03C6BD3203B58618E3B0A
:10DA8000979DDD3DA82D433EACD1B53B7AB57A3D9F
:10DA900046DD0F3E5DAFFF3DD88018BE3C546D3D66
:10DAA0004141533DD74044BC4611A5BD5AEB043E0D
:10DAB000D3C944BE8421563DFF16973D1E6C79BCE8
:10DAC000EB7E833D21AC193D68F836BD3E8DEB3DC4
:10DAD000B5F2483EC01474BEC3AB1EBDF58EDA3A33
:10DAE000FFD5FBBDD4F610BCB3DC93BCC544D7BC9A
:10DAF000D259713DFA6D3A3EAA8B293CA610F83CEA
:10DB00001443633D186A19BEF96BDCBA32761CBD4A
:10DB1000E1E80C3B8757EBBD0568FBBD9A6E013D04
:10DB200077A2783C67A2833D2A6DFE3D43D8A6BD0F
:10DB3000A526113DE38C713D77F5AABE16742DBC68
:10DB40000A47823DA63A77BD80C299BDE52CDBBD70
:10DB500025EE673CBA932A3DE5D801BE2B1C833DD8
:10DB60000E98F7BBC1EABE3D53CC4B3EDEFC8CBDEC
:10DB70009CACB03CD0C0DABC8719393E3CF8BF3D04
:10DB8000992846BD242D9EBDABC053BE4EB6593D0F
:10DB9000F06C833D961477BD6564463E0D12A33D3F
:10DBA00098A1E83D4954353D43698E3D6601DE3D0F
:10DBB000948EAFBC913C313DCAEED8BD4EB18FBD05
:10DBC00023C427BD70F994BD36AE79BDDB0349BDD2
:10DBD0006DAE2F3E4F01AEBD2E6DD9BC628C1DBE09
:10DBE0005E9AD43CFA3300BB7BFC2EBEC53B0CBE18
:10DBF0000272973D79C285BDEBCBBE3D25A5B0BD78
:10DC00005E1DC5BB7BC954BCBF31313D111DC5BBB9
:10DC1000C217C7BCC9D7D33CD942A33D392ABD3DA1
:10DC2000FA62823D344D733C590E103EF7C0683D98
:10DC3000892B47BED22D163D741526BE3E1007BD5A
:10DC4000E3BF09BE71CF40BE6FF5123E03900FBE19
:10DC50007B529CBD87DC42BDC271C63BFD85F7BCD3
:10DC6000BE26003E70F6A33D12A150BE953C083D75
:10DC70007611EF3DE5C879BC9523C4BD7A718B3C24
:10DC80003CDA5DBE03AEEB3C071C363D5171BABCBD
:10DC9000819DE63C5DAA81BD046697BD1A9B083D47
:10DCA000173EC43D1083F03C61E2B9BD6CE70FBE86
:10DCB0008FC562BDCED0ACBDBDFF1BBDBEE38DBD6B
:10DCC0001027E7BDE595B03C99F9653DEE54303D30
:10DCD000D9600BBE6DCDF13CFF5A303DDDB687BD3E
:10DCE000756627BDADD1A5BC1B210A3EF7D5BEBCCC
:10DCF00078A8523D643BC5BD2E9311BDC7F9A83C21
:10DD000045A8CF3BA513BF3D717755BDEF28953B87
:10DD1000D798533D3545713D2790BD3DACFD10BEB4
:10DD20009355CE3DE8EE65BD941A8ABCFA6EA73DC8
:10DD30004A3E11BE1058483D98E8E83C6ADCAFBB4B
:10DD400081BA52BDC51538BD05F768BD584370BCD2
:10DD5000DE3D0ABE6B6EE33C58993FBEC5713CBECA
:10DD600080C5FDBBD07AD23DB6A386BB57369F3D5A
:10DD7000809B13BE4AAE28BC06E606BD48330EBDE6
:10DD800041DFE4BD0CE7133E36F17EBDF1E0323DEC
:10DD90005C09323DD0921EBED63D0BBDAB52FDBDDF
:10DDA0008B5F6DBEBE7421BD616334BE3E8F4ABDC4
:10DDB00030C79FBD9CBCDC3B4629263D7D6C89BDA0
:10DDC0004ACC7CBD9C98123D77140EBD65778FBC04
:10DDD0006D5414BBD3C8223E345943BD7EAD893D3A
:10DDE000D1F2C43D19E6503E8707EEBC2FD4873DE3
:10DDF0003998823DAB371CBDA46186BCFDA7373E78
:10DE000076EA18BE107783BDE69B143CEC819FBD7B
:10DE1000684A4ABEDBB9A23DF56284BD5D29CB3CB0
:10DE2000C7E1163EAA9A003D835BF33D3554113D90
:10DE3000A120D03C95E5CFBDAC818DBC853A223C7C
:10DE400097EA5D3D6CD13ABB3D2A1D3E26B3E9BD44
:10DE50007D569B3D0524EBBDEC3C09BE2D26613D66
:10DE60004E57E63DBCB72DBDB796283E060B84BD88
:10DE7000CC9E4ABEEAE4C33D4FE57B3BE0AB2B3E84
:10DE800057A8DCBDE9AAAF3D7B4B313EAD4D2CBD63
:10DE9000522BCABD606692BDAAE2553C6E79333DF5
:10DEA000DD8D6DBDE64F82BE6C6945BD189318BD12
:10DEB00012BC803DB1A98BBC36BD9B3C8A12F73B9E
:10DEC0003DBF983DFFF9CB3D57BFD43CF7BA2ABCC4
:10DED0003056B7BDFF2B43BD2251DABDC6DE893BAC
:10DEE0009F28BA3D0BCD69BC87691A3EE4BC183D3A
:10DEF0009F7740BD5139853C641D8DBD6EDB02BEF0
:10DF000046C175BE73D780BC78BA5DBDD40B72BAFA
:10DF10003723163C8945B53D2CA2773D469F113DE0
:10DF20000629CD3D9277253CC1528A3D2785E03DAB
:10DF3000E2EF263CD1AF9A3D492A6FBDDB36EBBDFF
:10DF40008B07EFBD0A9535BE090ABA3DF2742CBDA8
:10DF500043A120BD56DFF5BD11BDAF3DAD56163E08
:10DF600050FA8EBC2650B43C3AA297BB3F43813D49
:10DF700019BAE8BCACF4A93DCF025ABAF3A2263DC7
:10DF8000D4C76E3D6351F4BDFAC32C3BE35B48BD7F
:10DF900031DA733C94952F3D92201CBEAE5AE83D79
:10DFA000C8257EBD78D1B43D7906AD3DA244F03D93
:10DFB0009A6B883C1DA2DD3C847E56BDB0BA6F3D95
:10DFC0004C9DC63DBB468A3CA1BD10BE8CDBBCBB94
:10DFD00066926DBA2C3310BCD289773DC49A963DB7
:10DFE000B08C89BD78D0A5BD98FEBB3BD0FE60BD8E
:10DFF000895A203D1903E33DF577A4BD062486BD6B
:10E00000F77204BDC091403D7423B73DD477973D6E
:10E01000EE3AEA3DDF770EBEAF2499BDBD03D83D91
:10E02000ED91233CC1B2033E81DEDF3DD88CAE3C96
:10E030003A858CBC5B84CE3D579D6A3DF8008F3C91
:10E040007FF355BDF36658BD2C50CAB88BEEC83B64
:10E050000FAEDCBDB5ABE53DB6DE5BBC3AAC0BBE8E
:10E06000DA00493D35F134BD7C0A0DBE0347B33DAE
:10E07000864721BD0697223DF8B1343DDDD08DBDE8
:10E0800058E04FBD963F37BDEC183DBDBB4B313E10
:10E0900088F96C3D67B6813B4DAC7D3DB9FE113DC5
:10E0A000B733FC3D328586BCF698A23D4DA9AC3D08
:10E0B000A08B133C0B05913DEF0DA7BC324F62BD09
:10E0C000BD731DBD7A0936BD1EF56FBC8F6743BD9C
:10E0D0002F4C253D52FFCABD2225C8BD7DB404BDCD
:10E0E0004EDF41BDFF0E0BBDA43DE3BDEA921EBC59
:10E0F000B6A3DDBDBFCFA83D09FDA4BCDEFCCCBDF1
:10E10000A6A9F33D2066463DBB04E43CA078BABD19
:10E11000733A9F3D4C2C27BD46F2A53DACD1B63D90
:10E1200073CDA5BD8295943D6DCF91B8F5BB453CAF
:10E1300079BFE23D8FA8F73C52B179BEF642A53DCA
:10E14000EFE95E3D7369523DA4FDD13D398FD1BCED
:10E150007466123D0B67C4BDB6B1933C9E04563D38
:10E16000A0F11F3D8318223C30E8173C69A3103D05
:10E1700024CBF2BDCCAE1EBD851A0D3EEB32ADBB3D
:10E180000C3D613C81A0CABCB57356BDA344433C61
:10E19000BF04A63CB939CA3D88B7183EE84E1A3DBF
:10E1A000667B23BDF2674F3CA6DAB43C959DE9BD82
:10E1B00041E5D13CD30F89BBBFD0583D0E86FD3D14
:10E1C000FC60083DAB40DA3D415D673E0F4DDE3DF2
:10E1D000BC29173E70AF8BBCD53941BDC06199BD1C
:10E1E000D752073E005724BC18BE983D582E3B3DE1
:10E1F0006591C4BC1D97A93D8BADB43DE175FFBDD4
:10E200005104A0BC1A47C7BC40800DBE62BD3F3C54
:10E210002FEB80BD964529BDC286483D49363B3E21
:10E22000F509FA3BB20B0CBE9F9750BBC23A02BE37
:10E230001CEC1FBD6B268E3DFC49933DBD78DCBCBC
:10E24000E8CC003DC4F7D63D6AD0CABD293E9ABD90
:10E2500000DBBFBD90076ABBD036983C395C41BE3D
:10E26000B5CB433DFF82FB3D0830233EE91BFF3C1D
:10E270007C0781BD2DA2E43BE1CB623B21D740BEB0
:10E28000598C19BE5F30BD3D005B19BED8864ABEB1
:10E2900043EF83BD23FAA0BDB38ACF3DAEE8803DF6
:10E2A000CD9146BD8AA1023E961341BD9F62DDBD60
:10E2B00072C1A33D80A807BDC7A9493CAC08743E04
:10E2C00094D64ABE671899BD6CD5A4BC55C0D7BDBD
:10E2D0006B5F86BCEF0B35BDC3CB01BD7284F1BD56
:10E2E000E2E83D3E61A53A3D54363EBC9C29D0BD96
:10E2F000B96F97BC9A20B0BDEFBB6D3D58D045BCFF
:10E300004169DABC217671BD0C51EEBC7603FDBCCF
:10E31000737F79BD6FE9DF3B3316903D13C4913DA8
:10E320000B349B3C296607BE8EECB1BD4E820FBDFF
:10E33000EDF13ABD169D16BE6CD272BD01CD1DBE6B
:10E340000F2043BBA105193E79D71FBDE0E542BCB4
:10E35000BA7BE6BD712FDC3D3F0119BEFC51AC3EDE
:10E36000C9A7D93DCACF043EDF39AEBD7A9FFCBCF8
:10E370005E942FBE6D2F92BC665F2CBCB8DF18BDBB
:10E3800099C5703DB00FDFBD8610AB3C5307103E02
:10E39000FF6D233EA646AD3D1E2747BECE09ABBD51
:10E3A0009E2398BC76DD8FBD63C1D2BD971B143E02
:10E3B00022F98CBDB0012B3E834F353E8A70A5BD3E
:10E3C0003884D63D79C9F13DEBB4FC3D7B9F983C48
:10E3D00060B9873D7BC74B3EA00C19BE3BA9123EDE
:10E3E0002BA1673EDFCB1EBDA22B0D3EF5E7CCBDBA
:10E3F0003DBD02BC0520073EB03C37BC958371BED5
:10E4000048CD9FBCC95EF0BDFDEED33C4A948EBEA4
:10E4100079AD1D3D04CE5BBDA2FC323D2E5A643D5C
:10E420001D9E2EBE5FBF3BBD76A0173ED2EC4CBBFF
:10E430004E94F3BC4DF5FE3D881D773C60760BBDD8
:10E44000D409323E31F4A83DF1B2CEBCBE2B34BD6E
:10E450008CEB10BE45BFC33CC2CD553D5EAEA23D68
:10E460002223923D4810303ED40DA9BD51802D3C51
:10E4700097E2143E6E46AB3D82D20C3E4971BFBD61
:10E48000E5B035BE5F12E43C45E7A63C97C3FA3CD5
:10E49000A95D8E3DE221E1BDF80D863DF8D700BEB5
:10E4A00065063EBEB0FF993CCCE9BE3DD77280BD4B
:10E4B0003C37213E412AE9BCAAA8A1BD3D0CE33D61
:10E4C0003A4B0BBE0909C53D359191BEE6AE6ABD1A
:10E4D0000255BA3DE5DF92BDB6E1EDBD48A2B13DC2
:10E4E0009F83EC3D9FE5E83D8C22C83D621808BE45
:10E4F000369BFBBDF83C3BBCDB4104BE1FFB953C9F
:10E5000013149F3D32F5583DB0AB343D64A3293E12
:10E51000107EC83D752FE4BCE21D8F3DF056D13C06
:10E520005C5AB0BB192E833C5CCC91BDA505813CE7
:10E530001D6501BE3DEBDFBD31CC21BDA79D40BDBA
:10E54000741A32BE9204BE3C2A5804BE58B52B3C05
:10E55000296A833C1956D5BD8F9013BDEDB4A53DF6
:10E56000FFE24F3EA893133ED71A623BBD6270BDD7
:10E57000F45FFEBD27429F3C1C97903B8AEBEABDAF
:10E58000A2857C3DCB568D3DEB789C3EF52FBE3D64
:10E590001A542B3EEEB61E3CECD5B9BDFD07803DAE
:10E5A00013B20F3E21B622BE5AA48DBECAE3233B4E
:10E5B000892F8ABD8228F13D93A3003EE3739ABD63
:10E5C000D656A4BE132A65BD5238D53D25490E3D09
:10E5D000A7EA1D3EDAB9043DB30F5ABE4C7F693D30
:10E5E0006E6B0EBE7FBC86BD828E0CBEF0C84B3DEE
:10E5F0004EE9383DC7E6C8BDB585D0BD2A3CDA3DF9
:10E60000FB6FA23D537EA4BDFB8F333E4DE4073C20
:10E61000C213ABBEEE7722BDDFA26F3EFA861D3B72
:10E62000652A92BB2E60173D2DB735BDC78CBEBC89
:10E6300001C2D23DAB64B4BD9AB108BE8C86893D9F
:10E640004750E13DE7FD13BEFEC30DBE2BAFDDBD60
:10E65000A5E511BD6D3D93BD75CE15BE4DAFCF3C4B
:10E660002D8CD1BC421A813D063E98BD531E4A3DB9
:10E670002534683B3207CD3D19A230BE7F358EBDB3
:10E680004E8E0D3C40AC2FBB4F80EE3CBA36DFBC0B
:10E69000DFF04DBD3FB8903D50FE6EBDBDCBECBC34
:10E6A000ADA445BEA1AC22BEB07B5A3D4DF888BD9D
:10E6B000175D0D3EBB09A2BD8270EBBCFA314ABDAD
:10E6C00068DF03BE8312F0BB8B01DC3DBAD3A2BD71
:10E6D0001C7B4ABE57B1F43B38E94EBE0063BEBC5A
:10E6E0008450933D3E4EB8BDDBD4BD3D852C793D75
:10E6F000841CA93D481A95BC5486BABD37AE1BBDD3
:10E7000017953FBEF7CC183D7D6290BDD2A3A33DC7
:10E71000304F35BE6F081D3E560BE93DB1FC9D3CA8
:10E720007F7B88BD66194EBEADED70BEE618E6BDB6
:10E730004D6B16BE6EB0AA3BEAE3943CEF4BD1BDE5
:10E74000823173BD78805D3CFCAC6C3CDF6AFC3D83
:10E75000045393BDC7DE8FBCE2EC12BE9AD16D3E6E
:10E76000F07260BD315F9CBDC325C6BC6952073ED7
:10E770004992E2BDF1E6D83C4BB340BDAFD73B3E3A
:10E78000C441D5BB89E9B33D217A82BDABFC0BBD49
:10E790004B6955BDD0F4D1BD4933B4BD54B41A3D15
:10E7A0006A86123DA193F63AB94D3CBD0492403DB4
:10E7B000B8835ABDE9EFA5BD9BDDB3BD382AD1BCF6
:10E7C0003B9BF2BDA74D10BEE98D03BE70CDF63C5C
:10E7D0000332FABD06D9BEBDDC8A58BC96C9FEBD5F
:10E7E0008D130CBD2DF573BDB7260ABD203E0B3D24
:10E7F0003D2F70BDB4B274BD73D3063DB5D44DBDCD
:10E8000042AE3C3D9425CDBCE07CD1BD877D003E31
:10E81000CAF64C3DE3D389BC7D01B5BCFC15D53DA2
:10E820009B86FDBD5B5820BE128C193CE8E93BBDC0
:10E830009726A03D7EB8FBBDF2D9573D36CF7CBDB3
:10E840005BE7C93CB629A2BDE94CA9BC66298DBDD0
:10E85000F1DB663DA0EA753D6DBA2D3DF58E97BDA5
:10E86000C71D6A3DCF3E293C0C7839BE524F213E30
:10E87000A0CC863D1195F7BDF24E30BEB243473C69
:10E88000804E8DBDDB0187BDCCD062BD58DA0E3E17
:10E89000235AC83C0EE4353C44E703BED81AA3BD56
:10E8A000C937F7BCCE3FA33D40103B3D40D3AEBD82
:10E8B000EE8F153EF12DBEBCBB7158BDF59E32BE2C
:10E8C000B2564E3D08F2C53D25A3603D965C44BD61
:10E8D000EDC834BEBFE683BD3F2C003D2B2918BDDB
:10E8E0003D1123BDCC9CA4BD45C5843C07C5C6BC19
:10E8F000F7C5BFBD9B7AC03D6E41C0BCFBE51FBDE7
:10E90000054A0BBD047B05BE71A995BD30EE913D56
:10E9100046A4D3BCCD60E8BD8679CABD9441443DD0
:10E92000CA53C43D2A2B33BD21A385BD822EF7BD1A
:10E93000CE4F0E3CE286D0BC77C156BDBF4FDBBD8B
:10E940009B8D0CBE2515BF3C27CE07BD5C46EDBD9B
:10E95000366C1D3D9277623D91040EBD9FF071BDF6
:10E9600040B4E9BD332F203D8D37CCBDD98D3B3D23
:10E970004536323DDB48DF3DFE8C5CBC644DE0BD7E
:10E98000796CC03D52F9D6BCA2C725B9A7E3A63D14
:10E990008F1001BB7B41EDBDD85D79BD9A3F79BC3D
:10E9A000305A03BE195DCC3D1F14FB3BAAA5F93DAF
:10E9B0006F6AAB3D616A37BD334E9DBD23A082BDFA
:10E9C000C18F0BBE9654D33D4EBE2FBE20884D3D09
:10E9D0005CC2843D9D2B973D7BE5ECBCC3D3CCBD95
:10E9E000EB230DBB0CD25F3D656272BCBA80CB3CA1
:10E9F000B5E95B3DBF251F3DA01DCABD2ACFBBBDEC
:10EA00006DBEE2BBAC340B3EB470DC3D56A8AA3DF3
:10EA10002F15B93C3546EEBDB14E8CBE699CB4BDD8
:10EA200003CF9E3D159C41BED258ED3D3273B1BD22
:10EA30000B397FBCAE682FBE0C6C813B88ECC5BD2A
:10EA4000287619BB1730FE3D35F8BEBD845F403CCB
:10EA5000DCBC0E3E1F826ABD865437BD1C3EA1BD84
:10EA60007A9F213EFD5B863A84E5F5BDA86003BD33
:10EA70003D84DDBD0E942D3EFF6F95BDC7AF37BE03
:10EA8000BC25E1BD492E3F3DE7E8FCBD2F2D0D3EE5
:10EA900004E44DBE85CFFE3D8C33043E5A3440BD68
:10EAA00034522B3E7C23C5BD3DC12F3DC389C739A0
:10EAB000AA95123E9BC894BC9FD30E3D4C8D1DBEA3
:10EAC0008C5687BDF0BF3BBD0EBD653DE88759BE86
:10EAD00011260EBD4C6DFC3D2292ABBDA7D0ACBC47
:10EAE0001E51B9BC56181FBE0A3C89BDFE9FD43AC0
:10EAF000B2E371BD7745723DE476E73CB838E4BDDA
:10EB000015FD1CBED01109BEECBC51BD79236FBDF3
:10EB1000940674BD911F18BD8CB3613D4FA8B33DE1
:10EB2000323494BD2611D1BD2CFDF7BCDC932B3DB6
:10EB3000CD47E8BC46AFFABD6C7439BEC07F75BD29
:10EB4000C781A1BC7875C53D486A493E336181BE25
:10EB50001D7FC9BD8F9847BD589F95BDB24EE73DFB
:10EB60003C11FB3CE5DDC7BDCE5F38BE9036F1BC45
:10EB70002B979CBDF178443E006499BDE56A30BC9A
:10EB80006131853D010A88BCF5D6C2BDA1A9F73D1A
:10EB90001BF89F3D2289063ED8AC4ABE5D6EC2BDC1
:10EBA000DCAD863DA7B5D83C10410DBD933A903DF4
:10EBB000BD0EF5BBC3E1943DF20E00BE51E1C7BDF1
:10EBC000ED5D0BBE2CB9F2BC1EC9EB3A9F8FB5BCF4
:10EBD000DE2928BC94FC80BC0DC0E0BD4A3FBCBD12
:10EBE000976A2EBE2A792BBDCA0099BD471DB03D3C
:10EBF000BEF9863DD714903BF8A591BDA87F8CBC8B
:10EC000092EB503DF9126A3D96239A3D3BEFA1BD30
:10EC1000649113BD14FBF1BC95BB313DC257A6BD39
:10EC20005F4B98BDD78D7DBD0BC459BDAB2601BDD3
:10EC30004FB21E3E363A10BE875E5B3D85E6B93C5C
:10EC400075D313BDD123BF3DD85D493DEC335ABBCD
:10EC50004DCEEC3BA120123EE6774F3DC8E8F13C9B
:10EC6000F8582A3E2E69F43D0D2724BEAFBC943CD3
:10EC7000B614453E2D047EBD61DFAE3A0B4B8C3D94
:10EC800028CC2E3EF7DB9ABE5C12853D13214F3D0A
:10EC9000FDE414BE2B59C53D8958E23C5BC12D3DB6
:10ECA000BAF7763D7B2ED1BC5767143D27840E3EC4
:10ECB000ABB05ABC906FB9BD424DD5BD01F959BE3C
:10ECC000B7FE693DB23489BECE3F2CBD311CAD3D8F
:10ECD0007924043E316B00BDE4B316BD7829263E8D
:10ECE00005430B3EA1ACD4BC99FD9BBB103A043E3E
:10ECF000B700473EF9C77C3D2D609F3CACFB183EFA
:10ED0000B0B8883D71510D3B592F41BD3F13B53C03
:10ED1000BCF40CBD8C3FC83C9F8415BDC33E3D3D3B
:10ED20003D77D2BCC42D243ECC8E20BD0FB4ACBDEB
:10ED30007CA4963DBDA6003D87083DBA68AE503C18
:10ED40002A97753D66A7043EBD9379BC9A8C7E3D9B
:10ED50003829633D43DD6CBC71DF393DF790EABD76
:10ED600075384BBC5F8616BD0F95EC3D2C0C4FBD26
:10ED700016D0403CCB11903D731DB93C8ECA03BEEA
:10ED8000875D73BD85CE033D1AC40CBDABEF7FBC60
:10ED9000426CF8BC140555BE705FD03D77A2183E9A
:10EDA00025866BBD5BB0BA3D35332ABD4066C63D96
:10EDB0004E14613C9B1F7CBCF7605DBD6A93E6BC52
:10EDC000EDB8CD3C8DEA633D4829503CAFA6C1BDAE
:10EDD000097E05BC01CE743C2653A8BD127B80BCC5
:10EDE0002E4E1DBCE88407BE942B4F3ED074283EA7
:10EDF000770613BCB4A6323DD6AB07BDB95FE1BD03
:10EE00007CA268BCA4F42BBD062444BD785B52BD33
:10EE1000FBF0B4BD6BB2DABD6A4B113D44A5D23BE9
:10EE2000A9D8FABDDC72123E0EE4F23C48D4B63DDD
:10EE3000D6A0C03DF06FFF3D1229133E18654E3D30
:10EE4000A1B0613C05B5E33C1F517A3CC5754DBD91
:10EE5000E6ACE13C331B42BDF4AB863D15B63D3E0E
:10EE60004F7E8DBC19A5043CCCEDA13C7DEA31BDA3
:10EE7000AA01CF3CB862A63C576034BDA1127B3DCD
:10EE80000F03323D474451BE0637B33D13A0E9BBE3
:10EE900033454B3E7294673C67083F3E4F73C13D1C
:10EEA00065533F3D698052BB7033973BD56F533EEE
:10EEB0004F9866BD5DDAF2BC2FEA863D57F2823C80
:10EEC000ACA66A3CBAA11D3E0DDCF7BC6472353BB2
:10EED000704524BE10C05ABD6E63D43CBD8FBD3D8D
:10EEE00065783239C9C2723E6681AA3DAD304A3D6D
:10EEF0003C739B3D12ABD7BB76A3643D819C083E1F
:10EF00005C589C3DADD4813E2868893D62E6153E43
:10EF10006B0216BD26B5BBBD53CF00BECF072D3E3D
:10EF20004800D33DF92E86BE143CA13C8B1C173EF5
:10EF300018EA29BD50565A3EBEBBEFBCCB428C3DB1
:10EF4000A939F9BD04779FBD7693863D71D2623EA3
:10EF50000D859FBB825356BC389B083E6A3383BCE9
:10EF6000F5127B3C36CAE8BDF984003E7CFCFDBD51
:10EF700095447C3EAA2024BD37E7ADBD1C9682BDDA
:10EF80006CBFE53D31CE1D3E9DFE1D3E9B7D9FBC71
:10EF900070851FBDDBC70F3CB9F5D73DB2C294BD2C
:10EFA0006F56A6BD6EEDCE3CA6D315BD88220BBE16
:10EFB0008B9F46BC07E7893DAA7742BDEF417F3D65
:10EFC0008A9D553CC9AE2EBDCC0AC13D0C7AB53DDB
:10EFD00012B0E7BD5B2CF7BD5F3B09BEBEC1953DDE
:10EFE0009D932FBD1C748FBCEC9001BE4AC1603C48
:10EFF000BD6D8EBD79B2C7BD33C6DBBB7242FFBBF0
:10F00000487DE6BC7C0297BD7889D0BCB59609BE28
:10F0100097A32FBE14CEBDBD3380213BA8E399BD7D
:10F0200029A0CF3DD85F3E3BE89FD0BDE99E01BD02
:10F03000818349BEE76AD8BD46B4F8BDBBED35BD96
:10F04000CF6E3BBEB8791CBD4E7508BD14DF4FBEF8
:10F05000E84E753E6B3A5FBEF79C22BEE49E3DBE15
:10F0600067450FBE632030BC7FE346BBC9658EBEDB
:10F07000CF5FE7BCC0C65A3E9D57DF3DCDAB8FBCCE
:10F0800063F516BE6C1B393E4C387FBE6B43D3BD57
:10F0900055CA51BEB9A06ABD78D7493D9C8ADE3DAC
:10F0A000F06CEBBD7659993C9DA854BE1F7CA4BD65
:10F0B000360937BD4CEF43BE225A33BDC48A13BD57
:10F0C000935954BEA53CA63D0C6EFE3CACD66EBD1D
:10F0D0002AEFA53D0031853E35F68FBD1E115FBE7E
:10F0E000D89EEEBDF2085FBE8FE1B7BD309BD9BCA4
:10F0F0005B8CAFBDD05E91BDF71980BD839D11BE05
:10F100009DFC2CBC65FE323E235AF0BC0097BA3DF4
:10F11000BAD748BDC89AC2BD1131183E32EDC7BD3D
:10F12000351387BD29F0F03DCA979C3DF5B7273EC2
:10F13000093133BED57366BE9670483D3C1F1CBC7A
:10F14000727B1E3E0D488EBD1A96A53DC946F73D01
:10F150005907153E74F585BDDB50A53D8A5B583DCA
:10F16000103463BDA223D3BC86BB293BB928AE3D76
:10F1700040345ABEF29DDB3D0113043E0A5503BDE7
:10F18000925BFABD1C2868BDFE598E3DE2DAD7BD00
:10F190000044A3BC09313BBE001D673DA791EDBDF6
:10F1A00086BBA9BD3FCF2DBE4B26FE3DCC70343C67
:10F1B00048AD3CBEC270C8BD69C6183EB7DAC8BD0E
:10F1C0003B1BD53D831937BE570BF63D2E595D3D90
:10F1D000BDC7133EAE7C7C3D925E3ABE42530A3DB3
:10F1E0005E04383EEE8BB33D893655BC1AEB203DAC
:10F1F0000215603BE459363C90580F3CB245DDBDEA
:10F2000026E7E43CED277CBDE329B8BDB87B06BE0C
:10F21000FCB151BE3158933DAB81F8BDB92A2C3EAB
:10F2200048D5F23D4636C1BD6BAA393EB44320BC39
:10F23000677D30BE3349053DCC1EF53CA773A8BCA5
:10F24000A884A6BD7170F73D0A62AA3E32F537BEAA
:10F250006B766C3E1D62DA3D9804EDBDBE0180BD4B
:10F26000E04A613B5791973DB5CAD23D1FC3143D5B
:10F270007A2C28BC5062CA3C933F103E733FD2BDEB
:10F280000E9D953C2DE168BC52B39A3D2D630A3E1C
:10F290000B4946BDED6E1EBE9FC6613E32224EBE7C
:10F2A000F79D74BE8702B8BD4EE4033C2D528CBD61
:10F2B0009C45043E84BF5A3DC453C7BD9BC0E0BCBF
:10F2C000AA023A3D9E4B763D77A101BE4D168A3D7E
:10F2D000FE9D813E85FEDCBDC868293D97A3603E4A
:10F2E000EC5A5A3DA4FD9BBD5109263D12F2B3BC18
:10F2F000D4E4D03CD7C7333E0E8C9EBD5182023E33
:10F3000005B0A93D85D7473D60CF313ED907473D80
:10F31000B30C2B3DA377513E46D0573E2226E23D0B
:10F3200082FD783C0D2429BE9008633D546EB1BD2A
:10F33000B63C88BCAB2007BE2C2E31BD3E08FEBCBF
:10F340006D521F3DCE12233E6E23763C231BBC3DE7
:10F35000B04BC03D5C1802BEDB2364BCF362BB3D16
:10F36000CDE8853ED615E7BDC7CCE93DB94D6C3C2F
:10F37000B2CB9B3D1C9D4BBC86CDFBBD4D4C7FBD98
:10F380008A89F33D8E704EBE77EFFCBCE6370A3EAD
:10F390007827CD3DA7B936BD2EE8CB3DE0CF113D56
:10F3A000CAFFE53CBBB7393BEA7B41BED63374BDEF
:10F3B0005FF3183E73C88F3C3D2FBBBC7A66C9BD56
:10F3C000FFDDC3BD7521FE3CAE2053BD19AC57BC5B
:10F3D000A29AD3BD5C01AB3D2FFD8C3DBEDF0F3D3E
:10F3E000D3295BBD3FA59E3CF1002C3DF38330BD8E
:10F3F000A7C5BE3D16FA44BD14B7ABBD9E68883C98
:10F400004A8DA23D74E1353D266196BDE3F10C3D88
:10F41000F163DBBDA02105BEA0D07B3CD2EC0ABECF
:10F4200015B685BDACA5B73B2BD376BD8B7A86BD13
:10F4300048F0403E67E1F43DD8D60BBD8A57253DE4
:10F4400019E3A7BD57AAF33CB68FFB3D272F243DF8
:10F4500015D4F83DC45162BD59310C3E0509A2BC1A
:10F460005DC9D93DB8F521BD3CD8703D5EAE1F3EAB
:10F470007F2E03BE2A8D59BE8EA0683D52A729BD9E
:10F480004B0AA5BC9FCD37BE37AEA63D5D01A33D5F
:10F49000D0A75D3D6673B63D9903E63D457422BD38
:10F4A000BCDD08BCC0618A3D9A6D803C10EA843C9A
:10F4B000E15C80BDBFD1D2BC0D085CBDADFC43BDDD
:10F4C00068E9F93C409E133CDD15B73DFC99D33DFE
:10F4D0004605483DBEAB80BA4AEC1F3DD7DA763DC3
:10F4E0000002883D11444A3CF6692B3DB72F3C3D54
:10F4F000462C353C994E143E6E9B36BD045729BDB3
:10F500007E3AF4BD4B1FB3BD7CA559BE4EB157BC6E
:10F51000F51A473DF49A173DF7F892BC780DA93CCF
:10F5200065AE6ABD35DA52BB70FFC33D0DBA5ABC39
:10F53000BECD5A3CE67C8A3D23F3303E61E5F43D86
:10F54000E65092BD1DD956BD58BCBE3C75E50ABEFD
:10F55000A4BE12BE0EA92FBD0F86813D037F03BE40
:10F56000CBEFD93DBE5560BD2CCF213DB366D53D17
:10F5700079E4EE3D763688BD8A35C5BC55CA823DF4
:10F58000FEE15BBDBAFB143D1467A73DCC1F89BDEE
:10F59000D1D1D4BDCC75E7BD1488DA3D8DCA30BD5C
:10F5A0003C021DBD703571BED65E0C3EB67335BED5
:10F5B000445958BE8D4B2B3DE3ABE4BCB31B69BE35
:10F5C000EBD15DBDC63BAA3C8771A93EA0EA163CC3
:10F5D000B9BD573ECA7C9C3D983A79BD258FD4BDB4
:10F5E000C55D993C0DA3D83D536D8BBECEE503BEE2
:10F5F000A83A24BEC28F7EBDFC6F023D081D803B31
:10F60000E7B6AFBC4E62CBBD20547F3E882A03BE16
:10F610000A5ED93EDABE163D8D61C13D62C895BC19
:10F6200040F5473E854C9A3E00A9603E25B88C3D8A
:10F6300091F969BD4F5DC93DC81DCEBD2A15383D44
:10F6400013B84F3EFFE1413E3D77CF3D7A1B65BD8C
:10F65000EA69103C9D7F9ABEA5020B3B4AA4F5BB0C
:10F66000EC7232BEC95DA2BD163BBA3D318C2ABEDA
:10F67000A81FBA3D455EA43E5B4FDC3CED50943C78
:10F68000D2F4043E3D00A33D31C77DBE150D44BDFF
:10F6900020E80CBE3E32F9BC50B2B3BD675503BE84
:10F6A000BA110BBE814E3ABE39C5763D1B7DB93EBF
:10F6B0000CB43CBE0B1F933D2CC8313EED440DBE37
:10F6C00085F63FBDCA26E13D2BD7BDBC818AFEBC75
:10F6D00049D5C53D013C19BDECD20C3E79BB1EBEDF
:10F6E000B27BE3BDA9DCB0BDF0B9EFBDC92B4D3D88
:10F6F00098EC9FBDC569403DD0307B3CDD86CABBE0
:10F700003DE3803E2967823ED05612BE2FDFEC3D9E
:10F71000787BB4BDE410D43E3F2D35BDDC890B3E73
:10F72000303CA3BEDE46F83D609F45BE3CCD70BE7A
:10F730005A8181BDE173E7BC5DF7A3BE029058BC5E
:10F74000A1CD1E3C64778F3D07E4D33E951F0C3D51
:10F75000C25BD3BD0A5C87BDBE8E10BED87AEFBD3A
:10F760002BA76C3D3DD1D23C44F7C33E6A55223EA7
:10F77000876B6EBD77EC543D23B7593DB573733E2F
:10F78000D7E69DBDFAA707BF1812B3BD0C460CBB48
:10F79000564CE9BC1F33C3BC64FDA1BC163951BE35
:10F7A0009B063A3DE01B273AF76C8EBD73587D3CB3
:10F7B000A6B1F73DE9E284BC777EE73C2DC36FBC80
:10F7C000E0FE7E3D38A98DBC7C4674BDB87954BE40
:10F7D000EC3E0C3DBD230EBE9BB3AFBCC2EC73BD73
:10F7E00060CE0BBD454C0DBDAA997B3D2BD2163E7C
:10F7F0009CE19A3D091B923DDCF7B2BD5343C53DE8
:10F800003838103D2A8914BDF271CF3D38F611BE4B
:10F810008703E73DDB3AE73CCCDD9D3CCBDD803C1C
:10F820003F9DF9BD43091A3E5F0DB33E4A3E643C1D
:10F83000F79B0FBEE3AE03BD940E33BECAC3D53CE7
:10F84000DC60353D92DE1DBED316643D6752A23C9E
:10F85000B65330BD1610A83DDC7C9B3D81A6D9BDBA
:10F86000B6B499BD45E692BD1878893D49D049BDE9
:10F870007EE6263C8A9902BD34CA113EE4D2203E7F
:10F88000E3EAA2BD1F4F30BE9B8D6E3D5E5491BD1D
:10F89000DCA6903E3A69F1BD406418BD72DA51BEF3
:10F8A000856976BD099D053E4526D13CABCC65BE3C
:10F8B00040BB65BD0D65DBBDA7D974BEBB9306BE5D
:10F8C000FDD62E3C3747673EE86312BEE24409BED0
:10F8D000A4EFF9BDFB092ABD51DA25BE0B0EC13AD2
:10F8E000CADC203E97E439BED6313EBDB60B58BDCA
:10F8F000221AA33A1692DD3D83D6A3BC927426B891
:10F90000472D423C9DDF18BDDC0C9F3DC3A9A63DA1
:10F9100000C1C1BD5FA31BBDC88D0E3E0C4A0DBD0D
:10F920001E1F453E23DB3C3E3BDA703EB18911BDD4
:10F93000A0F5DFBC24F133BD3D51033D8C818CBD6E
:10F94000DC161DBED64977BCAB7485BED917FD3D0C
:10F95000F8CC173EDC01D63D5BD84BBD95C50BBC42
:10F96000098F933DC97221BC2ECE36BE9D12823EB8
:10F9700081A78ABEF1C18EBDDAD12E3C082C3D3E56
:10F980003041D4BD59825A3E2A0482BDBFBB94BDCA
:10F99000DDCAEABD8B057CBCED7BCFBDA290553E98
:10F9A0005CCDE63C4CFA2BBE5FE3A63D5F48933C42
:10F9B0007D2FD1BD428B11BD8462B9BD55651ABE84
:10F9C00045B6EBBD60F8FCBD6838A43D75EC3E3E25
:10F9D00065E5AE3BBE88823D03F6ECBDAD408B3D98
:10F9E000D9AC59BC94C38FBC1F2319BDC6EDD0BD83
:10F9F000AE77AD3BFB4FB0BD6C832F3DE76BFB3D5E
:10FA00004E25653EA0BA2BBD8373213DBDDFC9BD28
:10FA10006610C13D803B1D3EFE9C9DBDBA43FABDB4
:10FA2000A48458BD34F4173E8F7921BD529F223DE6
:10FA300020CDAC3D22B786BD7C12DFBD139307BE3F
:10FA4000D4B8323D1AF2FBBD3DC366BC7A0AE73D2D
:10FA500012D9463C24C1B3BDA69367BC64C7933D8D
:10FA6000F2B10BBE6054C8BDFFEDEEBD97BF5BBDEC
:10FA7000BD7495BD94D89ABB46E4F7BD7BC0E43D08
:10FA8000E6B56E3E05DC86BD5E3D83BD90CB25BEF2
:10FA9000A7B041BE6F83263D73E897BD2EDE91BCB3
:10FAA0001E2996BC432367BCCF25FB3D65766FBC02
:10FAB000BEC8DA3CBC414BBD5291A83DB980BABD2D
:10FAC0001536EC3D2654083EEC00A5BD0BA8C73CFE
:10FAD00070CE33BDA3459F3E7CF1C33DBD50CABD32
:10FAE0005B0B5A3DA695D53DB809053E5B38B23D46
:10FAF000E515F93BBD6A4BBEF4C4233C108A943D26
:10FB00000AB3053D33271DBD5F644CBDE80263BAEF
:10FB1000BDA6153EEE27033C4E3BCF3C91702DBE5B
:10FB200061DC273E508C46BE0DC393BDC8C72A3E3C
:10FB3000988034BD5A4EF9BCA5CECC3D274792BD26
:10FB40009412BABD46E6BDBDDACDB8BD3604D63C8A
:10FB50007530AC3C827C0ABEC03C0C3E4BD278BEB9
:10FB6000614E5EBC90788BBD6BF9C73DBF41443D93
:10FB7000A463B33C137C893C3FD4E2BBEEFF35BEAB
:10FB8000F11299BEBE4A4FBD8D542E3D29CC91BE77
:10FB90008745D0BDCEE14FBC8A0ECF3D1CDFE6BD10
:10FBA000B6D37F3DFC37F53C075D94BD013D1BBDE1
:10FBB000631CDBBD93B029BDBE3E81BD962A4BBD03
:10FBC0004DA6FDBDF1823DBEBA2F35BE0F26F5BD57
:10FBD0007C3429BE0065023DA87B74BB2B2A76BE0F
:10FBE000E5551B3E2985133D52F5D0BDCCF8D73DD8
:10FBF000B26F77BD3E699B3DD484B8BC62957F3EB1
:10FC0000EBA0123D5378DFBBFB060F3E339BE73C76
:10FC1000F61E733DE38D1D3CE17B9D3D6D1C33BBAA
:10FC200072932EBEFB8652BDA76E02BEBC65923D8E
:10FC3000FB2D5CBDEC3390BDB13B88BE031A023D89
:10FC4000D3ADCFBD62E8883D23FFFD3DC2CF1ABDD5
:10FC50009959793D3CBD673E075DD2BD10C8703DE6
:10FC6000C8E5C838550CCC3B805709BD42E4683C18
:10FC70000567AF3D9562093D84472B3E12C1143E96
:10FC8000A5CF183D8BEB90BE600E513E2A9CD73C11
:10FC9000F77C133E7F9DC73D04D9B03C4F9A86BD8B
:10FCA0009B0F813E1F864FBD2EDA69BE8BD917BED2
:10FCB000C9EFA53DB3AF7DBE47AB9FBEA9751FBEC3
:10FCC000471C88BD28DA34BD2500133D18007DBED1
:10FCD0002404813C05420B3ED6BA293DA19143BD87
:10FCE0007395A93B320E833C4AFD96BB4C52383C7F
:10FCF000A976993DF34D963D7918B7BD37D6CB3CE3
:10FD00002F120E3D6C2C53BE35749C3C2B0A853D46
:10FD1000514A3A3D3A0C4D3EA65408BE9A8F9C3B40
:10FD200097981D3E1E8919BE4A2684BC9E174E3EDA
:10FD3000EFF8EDBC3FFD063E89FF27BE9624DC3D73
:10FD40006639603B819C23BD2E8B23BED1E8843D68
:10FD50009D3DAB3DF13E10BECDF689BCB137C73DF0
:10FD60002F41FA3CEFCDE3BDBFB12D3D97E5E63D18
:10FD7000330D1ABC4B93C9BDF6260A3D5F600738A8
:10FD800054C10BBE46D6DD3A7E1FB4BDCA97F43CC3
:10FD9000DFF03D3E34EE4EBEDADF0F3E0687143E06
:10FDA0002282383E8CC3C33C384010BD21DDE13C8B
:10FDB000F8ED8B3CA0262BBDF25FC83B556F843C11
:10FDC0000105AE3D71F3DA3CED53CA3D7A48C3BD3F
:10FDD00097FEECBDB97F29BDEB9088BCAC0CB73D5C
:10FDE000666C6D3DBB177CBCC942E4BC75BFA5BD4C
:10FDF0003B816E3DAE84723C82AB0DBDC40C253E92
:10FE0000A09193BDC0C8F23D52CA89BD741DC13DC9
:10FE1000CA9EDE3D9F5966BD16470BBB039FA83D9A
:10FE2000591E77BDEEA5A03D655CDA3DCB65CC3DA6
:10FE30002894D0BDC00FDF3D77C7E53C3837DDBD26
:10FE400035A4153E6AF6DD3D186245BD01AB673E3F
:10FE50007FBDCBBD073E9BBD6621BB3D21582E3DDE
:10FE6000E597F5BD6C92883DD1FC88BD51E38EBD10
:10FE7000C4D1C7BD7AD6963CD11E08BE44FC933D82
:10FE800068F4473D3C8A03BE2B1050BD87D79A3C8F
:10FE9000F1E63A3D19E3973D450D813D80452B3D07
:10FEA000DB6A423E1D31083D2187423E2268063E04
:10FEB000ACB2233D62EA67BCEFD11B3EDA93DDBDF5
:10FEC000167D1FBD693812BE952BF33D7933AF3DCA
:10FED000C0A0F53D2EBFB4BD84CD20BD283A47BE9D
:10FEE000DE7E86BD3665C33D2E20C5BDF99B263D11
:10FEF0007D82A83D4626A43DBE60C5BC63911DBC65
:10FF0000C4C29A3E90D923BE8B09D33D8A30973D17
:10FF10007655493E5DBC5F3DDF02F5BD1D4DB03DF0
:10FF2000756EA9BD4D24F4BDC237A23DA605C6BD60
:10FF30003571B83CF48136BD5275923C12E154BD26
:10FF40005B5885BD6FACB83C30A7353DDAE1B53DB7
:10FF500082D049BE03F5733D0AB907BED3D7F33D3E
:10FF600097CD10BEAE0C24BDF7AEFA3D8401703DB6
:10FF700009AD4D3ED34A253EDF6FEB3D18ADC53C84
:10FF80003273133DBC42CF3DC5082CBD9A24A93D18
:10FF90009F511BBD98D7AABBE2DF223E013904BDA9
:10FFA0007354E53A98BF82BE95624C3CCF9FB9BD71
:10FFB00017BC27BE289941BDA652CC3D771747BE36
:10FFC000DE36793C897E2ABEE4E8B7BDAEED38BAAC
:10FFD000226505BD2641233B1AC3A0BD0BDA5E3C5A
:10FFE0000B62FBBD8E7250BDB2D3823DA5B7FF3D03
:10FFF000C697493DED88B53D5A6ABCBD8C45933DD9
:020000040803EF
:1000000035C5D73A4350C5BD78435FBD8EA382BD89
:1000100039E2533DC6CF143D86DF463D6D2E743D1B
:1000200051F71CBEC466DABD291319BED7C38D3B78
:1000300005392FBE19AA54BDA03ED4BD17212DBD30
:10004000FDCB75BE4C86A7BDFC56143EAAAD26BEA0
:10005000D335D0BDAEAAA43C40491B3E104474BD6C
:1000600012AE113DBAF0F6BC6956E43D1082C2BC36
:1000700012C08DBDBDCB9DBCDA71733DF7DAED3D8D
:10008000D5E825BE265DBDBEC9E2153EF0F446BDED
:10009000B9E7D03C6103CFBDD1BD79BBA0EB8D3DAD
:1000A0001812113E7BF66D3D2686C03A02C767BD29
:1000B0005F13523DDB531EBE68F1CBBD113C7BBDCF
:1000C000AECDF83D110DE3BB66CD5BBE4DC639BE6E
:1000D000D96FBE3D72E0263D5DB871394923ABBD95
:1000E00048DF3FBE636093BD76DEE2BD66E482BD5D
:1000F00094389F3CB80535BE1E719E3CFCAADABD03
:100100003E11BD3DB2DAEDBBD0FD06BB7280ED3DC8
:10011000DDE3F6BDBB8B833DA2F3773D21570ABEDD
:10012000510EB4BD1101DEBA02673EBBEE3EF8BD12
:100130007ED0CFBDF622C73CF4692F3EA8F6E6BDBF
:10014000BDD735BD3FAD14BDD2B160BE80E0973C98
:10015000A8DF2E3E58FFE1BD070965BDDCE68D3CFA
:1001600035F9773D7F2769B96DDDFD3CF09D1B3D7D
:10017000425E26BDD78E1DBEF1871C3D5217FA3C4C
:10018000DD0018BE9D096BBDA83A97BDAF1DAABC86
:10019000ACD05BBC4ED95BBE80C0A93D2544883D38
:1001A000329ADF3D48F60CBCDDD2EDBC8559CDBDA1
:1001B00049A33ABCD8E4813BF296A1BCE3C1E0BDBF
:1001C00052B2003D4695E63CB02F82BD7692A83DE6
:1001D00005900BBEA2A3353D8C6FDD3D9E10373ED2
:1001E00085DFD4BD16181C3DE91AA13DD18E343EE1
:1001F0005D6E83BDA355BDBDE41123BCDE47033E48
:100200004AE383BD48E0A23D6F4CDBBD98CBABBD5C
:100210003F6A893CC79CBD3DAE598C3D5ABF0E3DDF
:10022000A57BD63D0387CA3D8917AE3CC14ADC3C5D
:100230002F7F04BE5356323E70C5A8BDF819FBBBD4
:10024000666CB03C5B9501BD70B0C83D8F49C7BEC0
:10025000F596663DA12519BEA860133EBE9CBF3D24
:1002600019D835BD9A50CD3D7DFE073E3B428DBE2F
:100270006B250B3D8021073D60E5683EB982A7BD37
:10028000204F00BEC49D5CBEC9AE913DB3D9C0BB7A
:10029000604D24BD41D5C7BD8C76633DDE56883D9B
:1002A0004326A2BDF27C293ECA73983C2890403E6A
:1002B00075ED17BE6C5AADBDBB1B6ABD0438B53DAC
:1002C0002EC671BDA1AC7EBD985EAABD8426223B20
:1002D000F56FF03D11043B3AF9FD173ECE00E7BD46
:1002E000470EB8BA2D0E46BEA665DB3D1CB0A8BDB4
:1002F000E52518BD2CE33FBB15A8143DC94C993C1E
:10030000ADD72ABDCE50663C7BBD303DF937533E5C
:10031000960ED1BDD217DA3D8FCC1D3EEE9529BE8B
:10032000EB441F3D654E173CDE27CABC53E8EBBDCE
:100330009620D5BDD2175E3DC960803E9697D8BC49
:1003400011CE85BDDB2FCD3B399B953D314C273DF3
:10035000C71CCC3DF612AA3D3FC7E0381A8EAE3C12
:1003600000D6063DB9B84BBCB1800F3E069879BDAA
:10037000E62CC3BD90049C3BC5FC91BD80A2133EFE
:1003800055E4273DFFD7F63CEB4057BC6B2A803D38
:100390003C8093BC5D9338BC569A99BE8DEF793CF6
:1003A0009B5BEE3C1885C93D0D996A3CAA0AA9BD24
:1003B0008AAEC3BADC9D07BDE121B6BC2527A8BC27
:1003C0009365963C362BB0BD5BB25B3D4D424ABC5B
:1003D000B5BBA0BE49F65F3D543F73BD325B49BD1E
:1003E000DF8C79BD1EE48F3D05BF2C3E5ED5773C8A
:1003F0009B171B3E533063BC64690EBE0B05FF3C6C
:1004000074EBAE3D8DA0C73D8FE9313D99C09FBDD6
:100410006B1D0B3ED81C68BD06BABC3D739467BE0D
:1004200097B1DCBDE909DFBB61BD3C3D88828C3DF5
:100430001C8D9C3D464B13BEA02A4F3E1422B3BDDB
:1004400026050A3E7B29DA3D259D093D72B2CA3D4B
:10045000EADA353E900033BEA0FBA93DD234373DE9
:1004600006406A3DFCB1273C702A133EB7AEEC3D16
:100470008E9FA43DC32DB0BCA91A333E7835F33D01
:10048000E10AD93CAC8D1E3D3E5A29BEB4D0F43DA4
:1004900026FE15BEC02FB43DA3FCA33CEFEF883D64
:1004A000C68B3F3DB0EFE13BC57F97BC96A22D3E8A
:1004B00065A9EBBD5A689DBDFE5BDD3CE6A808BDA5
:1004C000533B573D0392D3BDFF8BAB3CC86849BD3E
:1004D000DF846FBE931D54BD514AACBDDE4F07BED5
:1004E000ECCF04BE72C89E3A0AD6AF3CF774D63D34
:1004F0006A921C3E12C7AEBD7D78F63D492CB0BD58
:100500005C5C03BEA1B5103D451319BD8F23A43D0E
:10051000C7BA393E1A620B3D32C730BCAE498E3D78
:100520006680DABD000615BB1A85B93D5D312C3CED
:10053000FA7666BD730C80BC86C788BD2A10D53D8F
:100540001F44083D0337D8BDE83D433ED6CCE63DC9
:10055000A7EB60BD5FAB80BD273A2B3E66952F3E73
:1005600013DF42BE22CA80BDAB6CB63D7BB243BD39
:10057000D983453E65F5DE3D97C3723D8D0699BD35
:10058000F9D8363E8E4CE9BD7BCAF3BD8750803D1D
:100590005EF6003C78E44B3DD715C5BA237CD1BC50
:1005A000370EB3BB68C4233DA763863D8A0FF13D78
:1005B000074B03BC982989BCF6D43B3DC7FBDABD89
:1005C000FA8586BD6988C53BE2D46ABD6F4962BEC3
:1005D0002CFB043DD7EA823DC8DA9DBCF8E0673DBC
:1005E00044367DBD81AE1F3C518981BBAB2ABE3DE7
:1005F0003EC4BBBC04778BBCD36039BDB7B810BD5B
:100600004E51343C81EC3F3D16EB2FBDC6914C3D25
:100610000A9DC73CA8B481BC7C503E3D9FE9843C08
:1006200008C32C3DDCAC4DBD3426E1BBA55F9EBDAF
:10063000C9E7EFBD254FD1BD180A76BC68E087BD7C
:10064000C52716BECA10E0BD771D393D8DF567BDC3
:10065000A6EC7FBD4C87BE3CF718E8B7C01E9ABD1C
:100660009E9FCB3D71C8FD3C21A404BD24923FBD9B
:100670006DC2AEBA9A15D8BD03EDBF3B1B0A333C21
:10068000E3DE9D3C625AB2BD747885BD9140103E58
:100690009DC0CBBD280FC0BDDCE3493D03625B3D7F
:1006A00015132BBD3B08A3BC61FE2F3D90A304BDD9
:1006B0006F67A93B1455FFBC9EE8FEBD09158CBEB3
:1006C000BFD2263DD6EF4DBDDFC70B3E03BDBBBD40
:1006D0003CAE51BDC93E803B900D89BD3B71843D10
:1006E00079FC1E3CC52924BEF4675CBD50A8A43D1E
:1006F000A03C7A3D03F2353EDAA1D83C4776E73D8F
:10070000139E9E3DA4C11DBE00A0313D3BDAB33D0A
:10071000C4F4D53DB03DDFBD46B2463DE9C04DBC59
:100720009003343DC1CDA0BD18AB1DBEAFEC523D12
:100730006952DC3D2EC72A3D372C17BC132A19BD40
:10074000B244FBBDED83683DC49F623B05CB2ABC30
:10075000262622BE81DCAEBD224F413DEB051ABDEF
:100760007E058C3D8C5BD63D6F1DECBDB05A01BE45
:10077000469B9E3C329EF4BC7273BE3DDA4CDEBD9D
:1007800057B6E53D7CCA373D6F2FE5BDA5C95A3D3B
:10079000F2794ABD1C794ABE9448DB3CBE79E7BD7C
:1007A0009565093E4526573EEF6C0ABE660D2C3D09
:1007B000E32BDA3CDDCD9C3D7650C03DBCD22A3ED9
:1007C0006758F73C95CB75BC3579563DF5D74B3D11
:1007D0002D3788BD7FF280BE0207823D36F12DBDE8
:1007E00054E1293D6F21C33BFA45A2BE977D19BC58
:1007F0009238E13CC139583D1A70C23D88402EBE46
:10080000DB390D3DDA782BBB742BB0BD1A85ED3C7E
:10081000F5F5E9BD51CD7CBE761B423E484E9E3D6E
:10082000919F0D3DC80F1F3ED2ECDBBDA6FE573C8D
:100830005F4033BEB547A73D8BD5BBBDB6B3DC3DEE
:100840005ABF2A3EB5BE413D3658FDBD7D294839C7
:10085000D44D7F3DA113C0BDB5E4973DE05B4E3C58
:10086000DBE83D3DAB9ABF3D390EAF3D4DCA23BCE1
:100870009C9AAE3D928AED3D04C0583DA8D395BCEC
:10088000F4A6FABD887A94BDFC752BBD3385E4BD12
:10089000ACDC5CBDA6BE47BDE6D79BBC4ACA57BD13
:1008A000D948F9BD457C81BD4D07B6BD0DB7783D32
:1008B000B0A3143EC0DD34BD5D685F3D1C0DA13D9D
:1008C000BB89F1BD81298EBDB93CF03DCA4F37BD12
:1008D000917AF3BDD9EB8F3AD43E73BD9132993EF4
:1008E000F0158E3DEC1102BE18DEE73DB67463BD17
:1008F000417DB3BAB851E33D1ACBBDBC2E44A43BF5
:10090000665378BDC75D3B3D5814C53DBB1E6E3D6B
:100910003A6269BE69F23A3ECB1E943CC014B9BC3F
:10092000424C193E8730EFBC5F2711BEC2FE81BD2D
:1009300026BAB9BDCE172DBE28AA9F3D236B0C3C0D
:100940008BAB023ED08FCB3C0F243DBD8F4AA23DE6
:1009500014FCB73D83ED603D25D717BD1F9A18BE27
:100960007218DABD850A88BDB9C2643CF1BB77BD97
:100970007CAA9FBE17531A3D8C8D5CBD8CE3C4BC12
:10098000B4DC83BC7F5F0F3E5F73C13D5EDE8FBD15
:10099000365410BD9F90AE3C8B8BF6BDA394D2BD58
:1009A000C3D9DDBB355FBF3C153586BDBF76DABD2B
:1009B00083AE42BE1A8C213DB9CC13BC38C23ABEBC
:1009C000190914BE809EBABCDC8C3FBD5C71F0BBC3
:1009D00067A26DBD2C263D3D9A919ABC0C2C433DDF
:1009E0003790CC3C1F43D43D8630993DE07ED13DCD
:1009F000D40D32BCE3A3B0BE2F499F3D3D69973C67
:100A000081B0733E659809BBCE1E1ABE89B5253DDF
:100A100058016A3D8903F43D377CF23CC54A6C3D80
:100A20008EDB983C8CF46DBD9E0DF03D4D60C7BCD7
:100A3000258DB1BD8E4D5C3E272D94BD306708BE1F
:100A4000303D6ABD9CE958BD987FD43D8B08FBBD05
:100A500077505EBE5F6D403E4982043E00CE1EBCB4
:100A6000B0F925BE52FC82BD47E0EA3D7D4EFB3C1D
:100A7000BFD8813D8C5F7F3DB7CF1B3D1F2FE1BDB0
:100A8000DE68A7BCC51503BEA889363DAD7E25BD71
:100A9000F8E3953DC472FDBC9035C8BD620D26BE1D
:100AA00060DE61BEAA77B3BDD7F30C3E01ACAABD30
:100AB000BB99DF3DA3851EBE424524BCB6E68E3DF4
:100AC000E033A93B1889CD3C98E53FBE56FC213E5A
:100AD000207E763D0D1B613EC9572B3EECD1D43DA7
:100AE000BC7A41BEF576283DE21B5C3DD9DA57BDA4
:100AF000796EDCBC8C699DBD59CDFB3D6F39ADBDB8
:100B00006E6F68BA10EE29BE4C73003EA6B0D13DA0
:100B1000EB26ECBC10FEC83DED29863C334EE1BD12
:100B20004E4C60BDD9C5163EA31116BED83345BD87
:100B30005ACD35BD0DA1CCBD99FB943D372447BDA1
:100B40005742EDBD84E527BD951BC5BBB63204BD3C
:100B5000A446CF3DF1DB353D23B542BD4F5396BC96
:100B6000A46FE33D1D1B893CD77D8A3D0BFDC83D2D
:100B70009BCFE03C0323B9BDFA3B2ABEC8C293BD5C
:100B800014E002BE64271FBEE1C51BBE6EA6A0BC5A
:100B90008B0A1ABE9CF757BD91CE123DB6B0F53DFB
:100BA00026718EBC9DDB9B3D1EFE78BE2695243BA8
:100BB00067A7B2BC505D96BC45CBBABD84B5873D36
:100BC000364C36BE8564AABDF18B5FBDF72D303C37
:100BD000CCA21E3EBFFAD0BD54D105BE93F58FBD49
:100BE00065482C3D236D903DC5AB1BBE6695C2BCD0
:100BF00012E5A63D1FC2BE3D1CE545BE6919A33DD9
:100C00009CF18CBC135002BEA0B656BE8C778FBD33
:100C1000BB04493EC55573BD34B0F23BDF77F33DAD
:100C20006C84833C589E40BC31808B3D1608863EC8
:100C30005C2161BEAFAB833CBEE81DBDBE6EC93D4D
:100C400091CAF2BD9AF015BE5CC71F3EE009F73DA0
:100C5000CB46C2BDF00277BDB2A2CEBDF0F0B23D30
:100C6000E30CAE3C5447A6BDF368E6BAD9A484BCF5
:100C700052E0933E5F1146BC764F5ABE6D7D253ED5
:100C80006BA992BD1BDE35BD7AEF03BE2E6D5DBE36
:100C9000ECAB1F3D4E1443BDD28622BDC6B4313DE0
:100CA0006B43073DE2A64E3EE3A386BDD6D9F5BD14
:100CB00043CAFD3DBB017DBD344C10BD78BB75BD45
:100CC00007E3F6BDD05D00BE6D4B0BBD2B2E84BD82
:100CD000BA2085BB2E70BA3D187957BD5CE3BB3D89
:100CE000FE96A73C63AA67BEA72E3CBB4AF7CCBCC6
:100CF000B14D4C3D8DDC0D3EB78CB23D0B5B203DC4
:100D00006220EC3C9C15DC3CD9AE003C713804BE42
:100D1000154DD6BCE327333D38697DBD1C66E5BD66
:100D200021E0583DFCE86EBD5589FFBD58A6AD3D9C
:100D3000D961FF3A0832773D1F6086BD2B2B2BBE51
:100D4000EE2DADBCE22F663DD49C113D9DB96A3DB0
:100D50001D43A63C308CF9BDF0A3F9BDFB4D063E0A
:100D6000DD59B23DDA8C3CBD1B01F53D2E0F6F3CC9
:100D70004DF905BD0C53F63CD6CC69BDCC6258BECE
:100D8000DE060B3E9B4E72BD4039E7BD5BCCB93DE4
:100D9000FA854E3D58D505BED154DEBDD788A4BDD9
:100DA0003DFDB8BDE99C2ABED848203D590ADFBDAB
:100DB0003813C1BD668C34BD71AC31BC7B8533BD8D
:100DC0008602AD3D7E2D4F3DF9BE743CE36EA33DE2
:100DD0006B6C9D3D6639943D7558D3BDEE07883BDD
:100DE0004B7664BD9134993DD449CA3C692DD2BD3E
:100DF00098A58C3D0C2103BE1B61513D347E1CBE69
:100E000023AC5B3E30E097BD1D0DB7BD97C3D93D08
:100E10008860B7BDD4C50DBD6B14C93D60D166BD3A
:100E2000A44E71BC7ACD11BE6800B83CEDA27B3DEA
:100E3000ED9AE63C7F57833B7E436BBD6E3859BDD0
:100E4000449B4ABD51FB793DABDEC03D8F94B8BD9C
:100E5000029DC73D91FDE7BD1A4E49BD53A8973D80
:100E60004600B73D5F458A3DFC973EBCD4F78D3DBB
:100E7000BE4E013E9372253D9ECC3DBC481817BD29
:100E800061BB14BD181A583D070190BD415C63BC9D
:100E90006F7954BD89E96D3BAC30493D64FF823DBB
:100EA000445509BC74319FBD1C31E3BDD355D4BD3D
:100EB000900485BDE733B03C5970193D93F8803CF0
:100EC000C2E1E53DDA89ECBDFC1973BC279A48BC48
:100ED000EF1767BDB07F0E3EF7EAAF3D271CB2BCEF
:100EE0009B25553A7428E6BC60B702BD24A818BDFE
:100EF0003BDF24BD659D4CBDFF2D1ABD99426CBDE5
:100F0000C9E5E6BCEA73013D6E57B2BD61FB44BD65
:100F100041EE41BD3279FB3DF31DD8BCDA526CBDC8
:100F2000B06BA6BD4BC0DA3ACD27813DABE795BD8E
:100F3000612C02BE810E5CBD912EC5BDAAE1413C73
:100F40007D83AF3DE3C700BEC1622E3EBE0E0DBD28
:100F500045E1053E4445A7BD852E283C826507BD79
:100F60004463AA3DAE13DE3A435C0CBDA74CC33CC0
:100F700005E21F3D66AE1B3E3EBA083D01DFCBBD1C
:100F8000FECD823DBD36AC3C066921BEB3C82DBD49
:100F90003EB307BE1EE5DBBDFB8E1A3D5E90C43D31
:100FA000F03DCE3DEC578C3B28B4F53DE762C0BD2B
:100FB00061648F3D8A4D633C13D558BE2DDBA53D42
:100FC000E75E8D3CFE0F013ECDF6783C259463BD77
:100FD0001B4CF13D03FD033D5B73163DC1764ABEDC
:100FE00053942A3EA72F7FBD5E209E3D3295453DFE
:100FF0008148253C3497B33D0C51C3BC29EE543D88
:101000009A8715BB2E7A10BD23224ABDE5A9BFBD24
:101010008696AEBC8207DC3CC91EDA3C7E09C03D28
:101020004092EE3C7A4A2FBAB3EA88BD23CF14BD72
:10103000653DA8BB9E977EBB17D313BE1BE259BC70
:10104000E5E4A6BBDACED5BD047EEDBC0C320E3D88
:101050007EBA1EBB5C24F53D8BE3C03CE380133EAF
:10106000D96350BDC90D283B5E6D9A3DD8F10FBDC7
:10107000E4C4973D5EFC94BBD355383E0CD2943DFE
:10108000AB36CABD03CD8F3B2CB85E3E455448BE3F
:1010900052FBAD3D3689E3BC0CC8073D3F2B5C3DA0
:1010A00079E898BD5CBC593EBB9CA1BDC70F74BD1F
:1010B000976091BC142CC03C91D452BE4411CD3DDC
:1010C000DE00ACBC6F091ABE327CFC3C3D49E4BC7E
:1010D000AC270DBA76CC0D3C015CFCBBD9E765BCF6
:1010E000E95539BD9B188A3DD9DDB03DB2DD513D92
:1010F000B5A8AB3D98CCA03B82DC87BD3D4522BC6A
:10110000A3335A3D1B048FBD8D719D3BFA9B3BBDA4
:10111000A811B6BDBA2DE13DBA6AA13D840F61BEEA
:101120003EEAE13D692AFB3B8ACC04BD74DE733D97
:1011300059CACB3C9AAB5BBD3D10B93DBFBC483DE5
:10114000460782BA397E63BDA6F93DBD21DD6D3DFE
:10115000B87E20BD22CAF63CBA5B0EBEF716A23E90
:101160001FA9613D0C8E163DD8A53ABD46F5E83C59
:101170001FD3E0BD354238BEE310293D644BCBBCE4
:10118000BAC76EBE0B42C53CDF9B573D65D30A3CD8
:1011900005EB3B3EEC001E3E8B2683BD29F68DBD44
:1011A000FE0618BD4512D43D1806B7BD80A1D8BDB6
:1011B000D8EA24BE30122C3D6AE8A5BDB82B20BE6B
:1011C00068039D3D19B5DFBBC3EA8E3D3263C1BCE8
:1011D000E10BB1BB49F8A73D6FCCA53DFFEB833DCB
:1011E000558B263DB9EFCE3C523DAF3EFC8A8D3D3E
:1011F00080B6343D611E893DF0DA1D3D81CDEEBCE7
:10120000835AC2BC6BA48ABD9AAB1C3D7930BEBD6B
:101210004C631E3EFA17EEBDD6910CBE2BFD853EEB
:10122000E97D0CBC2229703DE2809ABCE477DF3D69
:10123000FB63F43B01421BBE9D011A3E7028CBBDEF
:101240008A37B1BBD4FEFC3CF0CC4B3C4C67B23D82
:101250004C6BF13CD025153D646F783DCEBC77BD1D
:10126000629C57BD2ACD0B3D60C5E33B0814BF3CD3
:1012700055A3F3BC40547B3E6B39DF3DD38B2EBE70
:101280006957EABDB954D0BD957E923D6EB3B13C6D
:10129000779A453EEDD3C3BDBB719E3DAB62BCBCEE
:1012A000DCBAAB3DA1876FBCF92067BC616D22BE83
:1012B000366137BD871D993C995D683D07BAAD3DE4
:1012C00081C2A33D05B0E7BC614CA9BE51D900BEA7
:1012D000A361DB3D4E8E333D60D122B96D3E98BE99
:1012E0005A56B9BDCF9DAB3C2A3BC7BD45568FBAB8
:1012F000F71F89BDA07205BE469CDB3D6EA8BD3DB3
:1013000093F1213D3631A43DBD30F7BB8E04A6BC20
:1013100025674B3D09504C3D0308923D52FB2A3D49
:1013200093FB4FBE8A075ABE45B6333D4CBF903D36
:10133000C83188BD71E0EB3A9C5D6CBEBE6BF7BDF9
:101340000E15EABD8143A53DDE11133E008F343DED
:1013500095C2393EBDBCA63D4F61C53DF41F9A3DC7
:101360005BBC26BDB4A50BBD1AD97BBB7F6CE83B2B
:1013700048FB263DBE54E9BCBECD033EE83B56BC0F
:101380000789DB3A766328BCD5D3F13CA019843EAB
:101390002C06B23C75F22EBD876C44BDF444713D01
:1013A000B15F173E10CF6CBD030DECBDCD339ABDC0
:1013B000B133C03C07B4C23DC4D4BBBC42E87E3D9F
:1013C0009C5D0F3E5DD924BC27A530BE2A1703BD06
:1013D0001F03483EE39E14BE5B9BDFBC4CFF283ED0
:1013E0000609393DBA89EEBD201F4F3DA1198FBDB9
:1013F000FCF8FEBD36B927BC4BAE133DD06000BE35
:101400001C06C4BC26B406BE82C4B7BD725AE2BD77
:101410008C25323EFA9E9DBDE381B03DB2970FBE52
:1014200000E820BECF47123ECAA519BE68EA2B3E8F
:10143000FC716DBD61706A3D7B0E323EF2D98D3D0F
:1014400090CC94BDF5C7283E2BC1893D4B8FCA3D3A
:1014500043B6F93C73A9D43C4A2A3FBC8EFB833C7B
:10146000112C71BDB517B13D15B3023E1C6690BD80
:10147000AD90743D501FBCBD8DC64BBE0DAAE1BDE5
:10148000E0610ABE099C2CBDC2818EBD7B362DBE9B
:101490007C05003E582C8A3BB836103EDD42943D18
:1014A00058CB48BC72684E3DBAC25ABDD9A666BB7D
:1014B000A6C39ABD923EB0BDC0FAA0BD019C8F3DAF
:1014C0008B2D70BD59EBC63DD7015DBCF448E9BD1D
:1014D00086F8CFBD7B2994BD09185E3DB1CE07BD0E
:1014E000C309F03BE85170BC0DA2B03CFA0EEBBC56
:1014F00011E4C63A73EA323D58CA20BD184B59BDB3
:10150000AD7356BE1E1120BD868E38BDB729CC3CAA
:1015100056B6C4BD4AA1843D4A6C93BDE53461BD55
:1015200033E3F93D239D31BE0B9A273E2214713DD2
:10153000C5E695BDF27D9FBD51CE343D8A760DBE88
:10154000922E4DBD0E7623BE4210F63DBC911C3E40
:10155000F0CC993D64A3F63B67F23F3D891C7EBE0B
:101560006E04193E19DF593C0793123EE326EF3D06
:101570008C27B23D42227EBE8F7C763C5067753D03
:101580000FEA573EF6AFD23D70124CBD4D70463E4D
:1015900004AE40BE30D8343E51E76D3A5EE0AF3D18
:1015A000F1DA03BC7B3B973D55382F3C72CCC33DF1
:1015B00080BE18BEF642C3BD914B28BD2D30F9BB8D
:1015C000C5FC133E6E973B3BAE10EB3D839D12BEB8
:1015D000FF51013EB49BB43D25D2BA3C61ED993D2B
:1015E000F7920FBCCF74C2BC088605BC3BF6593CD1
:1015F0009B309BBD473FFA3D8CFF14BD98C1D5BBC6
:101600000044B1BC7A7C753D5DAF4F3DE078EE3D66
:101610005676193DB900083C75F330BDFE38553C8F
:101620002B58AB3CF062913D84D5C43D2DB8D93ADE
:101630006FAE2B3D0D19073EB555B8BB11FE123DDF
:10164000570397BAA35889BD582E673D3F8556BCAE
:10165000116747BE2303113D159BED3DE43D48BC9A
:1016600076EC793D87439D3C14809C3DFAF4343CF4
:10167000A3B56C3BD4FB88BB514D203DF790153C86
:101680009BF913BD21A9403B056B053ED9DD4C3EBE
:1016900089620F3ED804F3BC8D3DB6BB307262BD8B
:1016A00028AEC03BBF0F0FBDBE8404BD5B1ECD3C4A
:1016B000E1F2E53CA8B8B33D30F4F83CCD1C8BBD5D
:1016C0005E302CBD2BCE82BB0B68C03CAFF577BD26
:1016D000036B203E5F1F8A3DCB659E3D8EB0EF3C85
:1016E0008EF9BBBD85FE6B3C3D078DBD61B705BD69
:1016F000CE8430BDDE739ABDDBCCBB3D1A420CBD3F
:101700008D018D3D8EA6863D6978E53D106ACFBC82
:1017100085DA263D6551953CBAA46EBB7328B4BDED
:10172000A1905EBDA6F0133EFE13BB3DEB442C3CE6
:101730009BE1BC3C8667993C4A2A97BDAC78CF3C7C
:10174000E97A453DF8DE503C51041ABEF18294BD61
:10175000D6CE00BD9494E2BC62C1AB3D8A7A703CA7
:1017600096FE28BD8EEC44BD2C448BBCFBE196BCA0
:10177000C0A72ABD15B2A9BD9A849D3DDB4EAE3DE2
:10178000EF3DB9BB2329C1BC832193BD67CE21BDE9
:1017900090646A3CE7C86EBD7416923BBC7DFD3D0B
:1017A0003A231E3EA71E4BBE3E15F43D4E813A3CE9
:1017B000EA34F8BDAD98113C5A2152BE9C23F4BCCA
:1017C000C42226BD5044BABD6955723D080C4D3C3B
:1017D000A1AE393C5694193E3943CF3DD9DFD2BD35
:1017E0001F683D3E2FB6143E6F91EB3D0EA487BDA2
:1017F000C2F2F03DF348D23C978143BDD5DEE9BC4F
:10180000516C0E3EB78BD9BDE8C69C3CFB49A53D4B
:10181000F878043CB9AB023CF80AF43CE3B061BD93
:10182000B2DD143D8DCBD63A579617BD52A2F3BB0D
:10183000EE12483C70ED49BED7A646BE588A5F3DC1
:10184000C93B33BEFD94DF3D55AC123E06A9033DB6
:10185000CB4D58BC3950B9BDD50E043D87E396BC7D
:10186000A385E73D0B53E43C1FDBD0BC1E021CBD2F
:1018700037CF213E6707E73D1740E3BD86A5F4BC9F
:10188000E3AF4E3DA603273E5B0E933DEC5D1DBED0
:1018900074806F3C698F78BD835DE73DCA14673DF6
:1018A000CCC4E1BD96CEA83D4072633DE99280BDB7
:1018B0009639F03CCA68A1BD8A9C8FBE3DDF423C90
:1018C00067A7AEBD9CE696BD130184BD2481B53DDE
:1018D00050F03C3EAB7E243EEECFBF3C6B0A0F3E49
:1018E0002254D2BC9C2E80BD9F27B63D815505BE9B
:1018F0004D5CF13DA2ECC6BC2362493EE41963BED7
:10190000CFFED83DA983BA3D3A6A30BE70FB8D3E0A
:1019100013DFEFBC813EFC3D1B42D9BD331E933D1E
:10192000539B84BD128D2C3ED32C1DBEC0CA4B3D93
:1019300045FB8BBC4C77BCBD860F0B3EFE3A053D8C
:1019400061B6A63DCEDE8BBDCCC72A3EBC2FD1BC36
:10195000FF6DE5BD9D132F3E875435BDC073BC3D63
:101960005355643E9B13293DCD7BF5BDC843413E95
:1019700014C2CABC4AB6D9BC221662BCE7DE963D88
:1019800074390BBEE2DB39BE5FA22DBD196C8B3DF5
:101990002DD3083E2B86053E2E639BBD26AA93BD04
:1019A000DE9CCCBD4E8B1ABE89E264BDCB50ACBB75
:1019B000277275BE5B8D473DAB6A1A3D11F7ABBD13
:1019C000C4879A3CB30A46BE8540CC3D5068293E48
:1019D000A8CCEABDADA8C53D43AD56BC51D9CBBCE2
:1019E000A401843DC29401BEC33AB7BD9E0A873D9F
:1019F0008AF8943D0F9AB1BDAC79E6BD4257A9BDB6
:101A000026A5F7BDAE2FA7BD3BE343BEC7E11EBE73
:101A10003105CD3D350AA23CEE483C3E76451A3EA6
:101A20008F44B3BD321CBABCD5D228BC7AA5CB3DFD
:101A30000FCA90BE1088863E8CB7D53DE8B4C03C36
:101A40008CA03BBD8B7281BD7B690EBEBCD686BEB1
:101A5000F03C57BE55EABCBB682CB8BC9E7F3CBB73
:101A6000D1A60ABE5F9C503E963831BEC5C985BD21
:101A7000FDC86FBD2A0A20BE78CDCA3C00100BBD40
:101A8000294D9A3DFB080ABD0C35CF3D4AB41BBD1C
:101A900090E44D3DCA1099BCD731A4BDF2B4843C4A
:101AA000F37D47BEA97350BDC7F4A33D5C5CCF3D39
:101AB0009627AB3DC757A1BDE03E18BDDA801C3E5E
:101AC00054AE073D65851E3DD9475F3D8199373E40
:101AD000439903BC4C1AF43DA3688DBC785D5E3E0F
:101AE0006B85FE3C6FBF8FBD3678143E15DB01BEA3
:101AF000C7B1953DAF134ABDE5175A3B88C3AEBC8D
:101B0000D96860BE0835553DD01228BD225F553ECC
:101B10005A83A23C6806953CD853323D3DE58C3C47
:101B2000118236BD09877BBE070FD8BDA12ECABD65
:101B3000D0A5BCBB37CB2F3D0490763E3F15D5BD1D
:101B4000FD8838BC72173ABD6E65D93C80262ABD27
:101B5000FEB3D53C2C22FB3C6AF53D3DE7ECC03D95
:101B60005895C3BD3FAA97BD156B133E7B2706BE94
:101B70005A93283D698A77BE3017D6BD518CECBD8B
:101B8000280D32BD84BEA13D8942313E18E0143D8E
:101B9000A7D9BA3DEF1108BD48DA28BEF9CC4EBD31
:101BA00007434E3EB11638BE2B35BF3D52B469BE19
:101BB000ACD942BEFB1CC2BD3E1BA5BDE4409A3E53
:101BC000EBB8FE3DC84470BE9CFB9B3E9FA906BE81
:101BD0008939A43D49456CBD4EBCC03D2EDE08BED2
:101BE000FFC9B0BDA17ED4BDADCB72BE874EBB3D9B
:101BF0001051CA3D347B9B3DBCDEB03D4857573D3C
:101C0000E48F683E5D3C94BED81F1CBE49E59DBB79
:101C100046C184BDB889463E6E9C7A3D9AFDA43A81
:101C200091FA893D757AED3E6A07633ED740363DAD
:101C30006F8C783CD1CD8C3CDBC1233DE08AC73D25
:101C4000CC531A3B0C6349BD51440E3EF3D7E63CDE
:101C500017324D3C181217BE9A953B3E2A03773D2A
:101C6000C1F92CBEF7B723BE0BE2003ED4C118BDAC
:101C700004DC68BD851A643ECBB8C2BDAA724D3B78
:101C8000F031E53D8036FD3D719604BE6C0EC8BE58
:101C900056E5003DBA87783E3F3E863CCA73BD3D5F
:101CA00058EA223E79B4EBBD1119A13DD5929B3E75
:101CB000BE25853B804151BD6C971E3E236704BC09
:101CC00077E9B53D3CA2A6BCBBE48F3D7C816D3E6F
:101CD00037100D3EFCF48A3D106B2ABC98DF8E3D18
:101CE000F12BF13D30EE9A3DDC9D923E3C7911BDE9
:101CF00057C4233E88A2263DA843C23B156D32BE81
:101D0000D17EB5BD78D3C13D2433DBBD5CE6683EF2
:101D100004F98F3C0E338EBD84B0103EEAF34BBC09
:101D20004C82FABC9DF36CBD678077BEAE8080BDEF
:101D3000DF4146BEDD3305BE58F584BD77E175BD94
:101D40000BE6C83CBFB37A3CCB251A3E4AA09EBDE9
:101D500093497F3E726DA63E544984BD67170A3E83
:101D60002CD010BEE57B34BDBE829BBCC99125BD85
:101D700023C40DBEF390153FE00CD2BCA13D44BE80
:101D80004EB618BEBD95C73D20F63D3E9593B9BCF5
:101D9000CBE192BEA4913ABEDEA4B73D4ABE263D39
:101DA000EFB3093EEDF4A73DFCCEB7BD03C8DF3C61
:101DB0002D6E553C79D4A53D013A41BEEE20713DD2
:101DC000DB9B1ABEFE1094BCAE8EDABDD572A0BDF0
:101DD000494708BD358D00BD169C5C3DB06B313E5A
:101DE0008B06BDBD06A1833DA3A1ECBB48B234BCAC
:101DF000769A773DE055D93DC6621BBE5F93033EA0
:101E0000C54044BDC1365BBC20662D3B898A773D09
:101E1000785D223DD2E94A3E3C40703DA2D99FBC4C
:101E2000D81881BD0D4B943D1F36AABD757DC3BC2E
:101E300074062B3DCC33AE3C32ACC23D756C2FBE2C
:101E4000839173BDCEE4F6BDF92DACBD0FC9973CAF
:101E5000BE9BDE3DA35FBE3D0C4794BD1E0414BE79
:101E600016417F3C9872EBBDD58E35BE6390CA3B60
:101E7000E90C823EA9F5D7BB74F031BE1041A73DF5
:101E8000F03EA53DE87B46BECB3B58BDF1611CBE94
:101E9000A6140D3E3CCB5B3DEB301CBC19D4D7BD2A
:101EA0000E5A9A3DA23A6E3DA7AEC43D2DA9CFBDB4
:101EB00068EDE0BC9BA92BBE91B082BD1836BEBDBB
:101EC0007D00F53C139401BDFA5981BD1E6C07BE1F
:101ED000800A523D3FABCA3DD628B3BC92D8263EBD
:101EE000E37E9D3DDD72843DB0B105BDC2721DBD76
:101EF000840D203D435F70BB2CA609BC13E7083E50
:101F00003321D23CB5E3F63B63A399BD4502A63B22
:101F10007CC6CBBDE14965BD7060053D661D5E3B7D
:101F2000F092DE3DD1F439BE70B8663DCE94FD3CF2
:101F30008E64173D6B55543CD667A83D4A851EBD3F
:101F4000FA0E7A3EBAAE353D94539EBD48E470BD5C
:101F5000EA4C85BD27713D3C7C21C63D430D21BE29
:101F60002BCAEBBC9A1C203DC81042BDFE23EF3BA0
:101F7000115D4BBDF46798BD629C613D7B9B2EBE9D
:101F8000CDDB95BDFECF5539D9834E3D170121BD1F
:101F900065F4EE3DAADA04BE4A5A4E3DDEBDA13CD0
:101FA000051261BD5D48C2BD5AE451BD80BA403DD5
:101FB0006D4720BD65DBBE3DF4FD06BDB8A1BEBBCF
:101FC00041782F3D1C3FCA3DDA361BBD0C12C4BD03
:101FD000DC44B1BDA2E7C43D1F6D013C690A3F3C32
:101FE000DC6CF33CF3447CBDE04E143E4987553C29
:101FF0006B967E3D78EED33C9858AF3D74A3A4BC5D
:10200000D54F3F3D27E1AD3D56CA83BCD52EB53DEA
:1020100053A81ABD286FA33DB2ED633CD83DD5BD92
:1020200035764DBDDB9988BDB8FAA43CB341C93CB7
:10203000A9BAAEBD909DB8BC053C09BEDAA8B0BC3B
:102040005FC027BB6DAE1BBE51DC013C11A03C3D07
:102050007D4C323D67B9413C52B9C53CE21FAB3DB6
:1020600037F3D1BC0FAA4FBDB3FD9D3D33DA953C8C
:10207000AAEC56BDC691D2BDED0FE33DD3824EBD55
:102080004EEB8CBBEBAE1F3E2F5C92BD88733CBC0D
:10209000800265BD33421CBD9123A23DD75B793CD4
:1020A0004296133C9158EABC03E697BDBB3060BD35
:1020B000878D4C3D3667833DEEFF2A3CC9195C3B5A
:1020C0003EBA8BBDE1EC073D791A5D3C51CAC53C77
:1020D0004168A03CFCC4863D83CD613D798EA5BDA1
:1020E000D07AAA3BAEACACBD850ED3BC68E5A43DAE
:1020F000670A03BCC510813C3A55F5BC8818BEBCC4
:102100001CAA9C3C6A3B133DE7D4313D9C29063D0B
:1021100002501BBDF107AC3D92F04B3EC989BDBDDD
:10212000AF940CBD948B9FBD0368DC3D1D99C9BC69
:102130004C1BD7BAC832D13D3D773F3D68B0883C93
:10214000CD49AFBDFE19AEBC52E0DCBDD451ADBC33
:102150005B84CEBD42F8F4BC9CAA543D03E2D33D5F
:1021600077134ABD78EC0E3DDBD4FDBC513162BD26
:10217000D79EFABDD584403C99691FBCBBC9A6BD9A
:102180007582F53C532DFCBD9E2EAB3D295D46BDB1
:10219000719FAB3D9769053D3DFC08BD60B813BD1F
:1021A000D81CB73C7BE49BBD1FFE763ED7B907BE6B
:1021B0006ABD05BEF1022D3D5D1E59BC122D653E66
:1021C000ABB0B83D63568A3A557E6F3D70FF9E3D79
:1021D00052BEB13D865AAEBD5E234A3D3A693D3D91
:1021E000430900BD2BD2933B390727BE47D1193C89
:1021F000DB2181BC9032A93CF508D03D8FB266BC92
:10220000D13518BC37152BBD4B3BC4BDA3E707BC6C
:10221000D4017FBE297CC53DD482ACBD51E578BDDB
:102220003DBCC63DF67365BC9DD971BC06C4B9BD45
:10223000CD6BF03D7639C83D001A66BCB7CB3ABDD0
:10224000302D58BBB0CE833DA2E4C8BD7D6EE1BD4C
:10225000C71449BD014E05BDA38FD73D20D0213DF8
:10226000076B1C3DD5D508BC7ED5F83CE01F17BEDA
:10227000FC0EC63D2E2E103D522E83BD9BBC8EBD46
:1022800018F3A73CE1BA3C3EA1500BBE3E96EEBD12
:10229000D6FDE63CBED50B3D80BEE23C24384D3E2B
:1022A0007F5A19BDE089B7BD5720A5BD5CF2D6BAEB
:1022B0009C8D2ABDCE18963DCB87033D2905323E25
:1022C000BEEF09BD3556B63D0F45DCBC9839BB3D68
:1022D000706C3E3DC6D8BD3C9541223E108803BE81
:1022E000BCDA41BDD39CB03D8D09BE3DC9438FBD15
:1022F000EA8B223DA0A98D3C3C2A37BC4A4CFCBD50
:10230000315FC8BDC5DED83DDA3141BE7245AE3C55
:10231000B606A43DD84C413C4023BA3D0FBEE33C39
:102320000C322EBC15D45B3DC305983DB455D3BCCF
:1023300010E7F8BDEC55AB3DE67FB1BDA7E0483DE9
:10234000AD96A53DF7CB893B04CF2C3EF952363CE8
:10235000A9B16D3D471DC13D3EE2BCBC25D105BEC6
:10236000AA3A21BDFED90B3B744C66BD6CD599BC15
:10237000B6D787BDA4EF3ABD793F6C3C2C02F3BBC6
:10238000F68C6ABD19B352BE401E8A3D52458F3D40
:1023900078A923BD13C9AB3D02D5823C5C89B9BD88
:1023A0004B8390BDD50928BE0915EF3C3221B43CC2
:1023B0007F91A6BDB246213D7A2F63BE491BBC3D2D
:1023C000C059B23D2077A0BD213024BE7731CABDAF
:1023D000E7E7C83EA1DFBB3E08FDB4BC8058E63D40
:1023E00095AF80BEB0EA993DE47F67BD2D780EBE03
:1023F000937C8A3D027E8FBD2936893C05787CBD61
:10240000C75FBF3DB215AD3B6A8FBA3CB82B783C75
:10241000E47B1C3D70EE2FBC0B5F39BE3CB0CB3D66
:1024200098123ABE72AD20BD4E69253E51FEAFBD39
:102430003C040DBE5DEBDABC39B3CDBDB81F2ABD7F
:102440009E375F3E6B05763C33C15B3CBF96F4BC68
:1024500059CD11BD98959BBC8D67CB3D778955BDF6
:1024600024C0D43D2DBC06B95E951FBEFD2E89BD8E
:10247000D53FD9BD9B9365BD3960E53D3BEC9ABD29
:10248000B3E603BE25D8A13C19F9433EE344B53C6D
:102490001384C53D410069BDBDAD873D3DA2FCBD76
:1024A0005479D93C2C91EDBD84FE813DE8FB8EBD75
:1024B00080ADB13D832B4ABD897F933C266144BCEE
:1024C000B5DFBCBD6B8E8F3D064037BD8F9B74BEA4
:1024D0005E86623EADABBD3CAAA1303DF28F413C71
:1024E000D17E63BD5AF21EBE3220B13C23DFC0BC98
:1024F000B99007BEB559B0BDC03FC0BDDC99E4BDC1
:10250000ABB619BDD64B0CBE8C809F3CB9AFE93D34
:1025100072BE7C3DC08E273EEF13023E7B6B8ABCB1
:102520001C72053E18726B3EC04678BCBA160ABED5
:1025300062068ABD963EC43DB63276BC1B1A003E8A
:10254000F122E63C447B8BBDB72096BC8A61323CCD
:1025500037C5283DCB1873BD7BB71E3DB387C6BBBF
:10256000B147C43B1EDB083EED5C43BD81F4A13C9A
:102570000DD522BE7821983C15EB38BC9B84473E94
:102580007906ACBDDFD7E23C309BF63C7A4C06BE08
:1025900060973BBD709538BD16B0013BDB173B3EE5
:1025A00003379F3DA671383D7850783D2DA755BB28
:1025B0006119F93C65D9E73DD607AB3DCB62663E74
:1025C0007A7D92BD35CD653B06CC163D510AAB3DBB
:1025D000FF62DABD0F02B93D136C593D311E1B3E3F
:1025E000B7AD673D6023903DCCF907BD4A589DBC0F
:1025F000EFAA0FBDE9B5D93C0541EB3D69B388BDF4
:102600000EEF30BE82ACB5BB4E28B1BC4CBB70BD2A
:10261000764ABB3E7B48C43D2B24D0BBDC797ABCD8
:10262000E09A49BDB93315BEDCAE143ED4A343BE17
:102630004CCDDB3D774E053E8731FE3DC85399BDFD
:10264000AB22FEBD2DE152BE370376BDA64B6CBD5D
:102650007B8D553C07D381BD77E304BC69E69FBD04
:1026600064EDE03CB9D03D3D24450D3E1AEEA7BDDA
:1026700064B6B7BD21B6883DC48AEDBD7E250C3E4B
:1026800051F4C7BDC604643E039D2F3CD9CE6B3DBB
:10269000F996EBBBA15E0DBEC1571CBD91AA433C90
:1026A00082038A3DE88940BD1C0295BD06F700BE45
:1026B0007A67993D52E5623DD9ECE0BD21090D3EB6
:1026C000AB6EDC3BE94A553EFDE5FFBDBFC971BDC0
:1026D0008C174EBD1E34903D2D0FAEBDA3F96F3D3E
:1026E000FDAFE03DB793F5BD443A293D36A46BBC40
:1026F00080BD393D6604033E4E6E513D5AB94FBD13
:102700007CEFF6BD5B834A3D7A140F3E01BC00BEF0
:1027100098672EBD1E6998BD5B20A93C334C20BD37
:1027200087BC6C3CE468DFBDD42464BD44A1093D92
:1027300008ABF03CD92C5ABD22D9B23C6849033DC4
:1027400040C91F3D75C02C3D5188743D3247BA3D8C
:10275000CA4CDDBCC908BA3C2EC173BD5B5ED8BC97
:10276000BD6FCB3C6F281ABD60A4ABBDA86B183DF4
:10277000077240BDE468FDBCBBF0E83C3297F33B18
:10278000111D293ED294803DACDF8B3B8001FD3D85
:10279000CB16E33DF63A3B3E247227BE760F49BD89
:1027A00060AF9FBDE09CEBBD3A63863D82B60ABD3B
:1027B000918612BE08504C3DBFC273BD92344F3E4D
:1027C000CB941A3B2AEA8ABD0B4F36BEBD3CD3BD23
:1027D000AF22B4BD963D19BE22430FBEAA09B9BDB2
:1027E0007DE4D1BCD8B6C83C41CECDBDF48E47BD4A
:1027F0009688703C411AB4BD4A40D7BC4A3F98BD48
:102800000B2150BDA8BC53BD48368BBC3B38793D2D
:10281000A8F1C2BD72C8E73CCB040CBB2022DFBDCF
:10282000A4ED993B6AF1EFBD6AB290BD1940163E26
:10283000D4783D3DFFA088BDDF15603C327D73BD7F
:10284000A9C1A2BEAE46FEBDE182A3BCD848A9BCC8
:102850008305CCBCA7A49EBDD001663B0BA2283E3D
:10286000D93A873D14BA913CDB43B8BC8C2E023D6B
:102870000237453D48D502BE1668FDBD8E4A073C6D
:10288000CAEE1E3C35590B3DB9B495BDB5F7FFBB3B
:10289000D379F6BD7CC9BEBCF662E23BEFF2473DA0
:1028A0004B91A6BDF405C6BCF88222BD5994AF3D3C
:1028B000C65460BB401E39BD23FC0BBC4B1B3BBE4A
:1028C0002C7B3EBD0625843D1DB0CC3BBFDF163DB5
:1028D000310CE3BD21AFE83DC33FEB3D609FB93D07
:1028E0008E3F94BA2A5440BCC57E083C89916D3C09
:1028F0005BF7603E70F2A73D8CCA213D67F820BDB2
:102900001165413D15158C3CAFB3F83DE502D7BDCF
:10291000312FC53C6DB56BBEFB950E3EBE91423C62
:102920003FAD693CF1EA933DF218563D45346EBD2A
:10293000DDD729BE79A3CABD19E44F3E0D6518BE87
:10294000208A2A3C8233F6BD997497BDC9BF8D3A5F
:1029500084B6BBBC705EDA3DD80EBD3DDC443BBDE9
:10296000D4C406BE738919BE6C98D4BDA1EAD2BC8A
:102970005DA7D53B7C110A3E951C0C3D2294DCBA28
:1029800078F383BD89EDC0BE172DFD3D7C1142BE9D
:10299000BFF142BDF4CB9ABCC793A13D126B24BDDD
:1029A000135F67BD62DE8A3D135A823DC83DA63D76
:1029B000828D9D3CDB35223D28851C3DF8A838BE24
:1029C000E4ADA03D1EA789BDAF2BDCBD01B3A33B89
:1029D000C09D8F3CCB5E0A3DFB50D23BD86E16BEED
:1029E00047C683BC8124093E2B7BCC3DBCC6943CAE
:1029F000766DBF3CA750F43C303F653D396BCD3C14
:102A0000339ACFBCD3676BBD5FE4583C71BBD43DF8
:102A1000C2ED94BD98D99B3D07274E3E2CB1B6BD63
:102A2000432B793DA2B5E23DED7B113E828D2CBE5C
:102A30009F84A03ED8949BBDDE89F2BD5AC4B2BA31
:102A40000A4CDD3BD9B6A33DC1D23FBC949E82BCAB
:102A5000FD9794BD5BE9C03C7D79023D92396A3DAA
:102A60005849333DA454113E5F8DA03CA5C6203C7F
:102A7000FCA4853DDA6B513DD677C3BCAC4B0ABE96
:102A800012B5E13CA8F9C3BDE645E43D7C0E073D27
:102A9000E51209BE157D04BDAF39DEBDEF85EFBD82
:102AA0007E7917BE6943B33D5355F2BD42B421BE92
:102AB000CC66793D651D50BDF774B73CE9A511BEE4
:102AC0001EA0CABDEB091E3E6E4BB7BBD701D23B61
:102AD000B3554B3D1713BC3DFC59A1BDB62330BDCA
:102AE000673D043E230F433C812A103EC4252DBE82
:102AF000C44678BD0FAD1BBBC2DCA83DF513CD3D70
:102B00009064903D91C838BD24BCEDBC9BDA193E61
:102B1000015DFBBC50803E3E0117AFBA7A1512BE74
:102B2000778C3E3E17740EBD0ABC383C63E7873D88
:102B3000BB2F8FBDD46037BEAAFA21BD220B3F3D0B
:102B4000467F80BC4D8E40BD493A81BDBA2A793D51
:102B5000AD7190BC728692BC86E26C3DC055ABBD37
:102B60003F5267BDBD2EFA3DC98FE63C5283983D6A
:102B7000BD73C83D8DB3C63D7BB1F7BDBFF1AEBDE2
:102B8000FA4C2BBD58314D3E3DCF6F3C970B5BBB94
:102B900075CF83BB605989BDFFA399BC27C9D03DC0
:102BA00010A3403D23401E3E12D81DBE8AA584BD01
:102BB00066D3413D2518A43D177BADBD86C96DBECA
:102BC000A9F54C3C7752CD3CA3CCC8BCC550DEBC6B
:102BD000E7B564BE1AC22ABD4F70A1BC4A13ACBD92
:102BE000EE8CD73CDD8EBEBBB5F428B7F399D3BDD0
:102BF000DDCCC3BA87277CBDE56A05BE8462A03CF4
:102C0000B1232E3C0146833D40FC8F3CF302363D10
:102C10004756943C4DB8D7BCA6BFACBDCB6C8A3DE3
:102C200060AE1BBD139C843D34FFAABD702FA23A39
:102C3000D949A93C879C29BDC9D8093D79753B3C38
:102C4000F4A0993CA4A42DBDBED1833DF8C2F33DB0
:102C5000FEA6A33D6D0908BD017D043D97B916BDD3
:102C60007CC284BC0891CEBC7CBC903C9C6C11BCEA
:102C70003B628F3DA5A4AF3DFC81853DC67F94BDE1
:102C800079E9293D20AC863D80E88CBDF70F4A3EAE
:102C9000045D06BE826C923DD380FA3D8FA2B63DA4
:102CA000912B8C3DE12B07BE7DA20F3E536353BC9D
:102CB00075BB283DEAA0E53DCC21D9BDA9C52ABEFA
:102CC00079D2E93C64F1BF3D381A7CBD274F12BE72
:102CD0004B61C8BB6AA28A3C89D4FABD9D60FF3BA8
:102CE0000F0244BCEA468ABE5D9CA4BDAF268B3D64
:102CF0006A0A6BBCC2F8813C6237493DAC76CA3C7B
:102D000062FB8ABC7C6608BEB2D69DBD33EA083D34
:102D1000005E133E2E1966BD464B5ABE5BB110BD18
:102D2000D75A5EBDC021F83CAD04C8BDDD4B02BD25
:102D30008C69FABA36146FBD28BF1EBE4C31343EC2
:102D4000E071E6BD2CCCACBD1713DBBCEC3A1ABE6F
:102D500093CF16BD351497BD0275103E79473EBC22
:102D6000237B7E3C50A9F33C8A59A53D34A4883C82
:102D70004AD0F23DD5CDB7BDFFA30D3D6874D9BD96
:102D80004539843D429844BD5CAC36BCDCBD9D3DBC
:102D9000D8F4283DD9FE75BD1B88D3BD4E64A13C37
:102DA000F1BCEABD60E4083EC46DF7BD8B34FABDEA
:102DB000D0309E3A69E4A73D7F6086BD9930C0BCA3
:102DC000A13D743D7305B03DB99FEC3D0CAD77BDA1
:102DD000A719243DA2B899BD2A11AB3CA05C19BC2F
:102DE00066E01E3EE651933C5092683E2509CC3D7C
:102DF000873E993DFB564F3DBE71D63DBF60303D8D
:102E00007E0D463DE99E9EBD7D4B06BEA7CE9DBC78
:102E10000B08203E46E013BDA2C31FBD661A8EBD3F
:102E200006A247BD3B6F053C745B91BD46ED2F3D4F
:102E3000BA5113BDF764503C9AAB36BDE20E1B3D50
:102E4000FA7B82BD9BB975BDF2B45A3DC55D873D25
:102E5000ED2D513DC3CD043DC2498D3D2DED093DC4
:102E6000E53E6B3D8BD97A3DEA2D943D3774EE3DBE
:102E700000CF373DC384C4BD71BEEC3C80770DBE2E
:102E80006EE855BEFEDB153EEC482B3D5F07843DEA
:102E9000A71C9B3D511586BC20A8B0BAB12C0DBD16
:102EA000A4159BBCCEDC4E3DB42C0F3ECD6049BE7C
:102EB00054F0803C91B1C8BDF51AA3BCD7A8ED3D34
:102EC0004073253D30341B3D62F527BEDC6D81BD6E
:102ED0000D3C343D4C788B3E84B60FBD586610BE19
:102EE000A51F9A3DCF9A763DE7F2703CA79C56BC51
:102EF0005DA24ABDD8A679BE6CD6F6BC9A9EE8BC47
:102F0000F69292BD627D68BBB1E1903CC5EFF73DA2
:102F1000708DA13D2941C53DA0352BBD12EFFD3C73
:102F2000DDE764BD40E4C43D581E8A3D98078A3DF4
:102F3000679E343D1F5DAEBDBBB439BD152000BEDC
:102F40005FC600BD22DF02BC6944103ED35F6DBD89
:102F5000250E803D93D8BFBD3054A73DE1BFA33DB2
:102F600066AAE23C0189153C0F31B1BC2B3CC2BDC5
:102F700046619FBDD5B1FABB42255C3DC78CEF3C95
:102F80001FDC203D815578BAA703033D1CE7D03CE8
:102F90000CDE9E3DA5C1123EE25E233E80CCEA3AA5
:102FA00094E1F53DF22F223D87A02B3C16261B3DD8
:102FB00018509E3DF02425BCAEAB4DBE060815BE94
:102FC000CD3FD83DFC6404BD8D0E133EF48077BD2B
:102FD00035B06E3D55DE09BE89C9183D828E033D70
:102FE000652EAE3D880C243E82A9A33DFCED233D19
:102FF00043D7D9BD83B637BC2F3FBA3D0A4D7C3C81
:103000002AE86ABC79F71C3C228612BDDDA78F3DF9
:10301000DDC9213B358757BC2C3464BDAB2D793DD0
:103020004FAAAFB97DCC27BDC55AA03B9D9B5ABCCA
:10303000CCBC33BD1C14B63DCB1724BE30D3E63C0C
:10304000CE5379BD5D87B7BD32D7E23DF97BBABCBF
:1030500074C35CBC5744E0BC37FC123D9B09C33BC6
:103060007C2DF83D8AC8DF3D45499ABDE61B8D3C65
:103070004ABDB43DE10923BCDBE30B3D100B903DA1
:1030800095484E3D4F580FBDB7A4283E432D22BC56
:1030900034F1E1BC7F880EBE45E1BE3D4587C9BC29
:1030A0006AA1B0BCBB8FF43D7F21F4BDD152CABD33
:1030B000DF088A3D262E85BDB16DB5BDBAB1DD3BB9
:1030C000A651363D7399C8BC1BD8B03D3EE0D93CF3
:1030D000C51BDB3D325886BE14B399BC1E00B0BD83
:1030E0005953A83CE96B8B3D522E5DBD7B1607BE44
:1030F000034A8C3DB85F073D6B4B6DBCB37CDE3D36
:1031000087E6413D37139D3DD6D51F3E3758903B4E
:1031100017C99ABD80FEF33DEB9A1A3DA92FD2BD87
:10312000ADBD983D4BBB2DBEF3EA2FBD4148BEBDA2
:10313000A370553D229604BE7856EE3D2D33A5BDB5
:103140005EFB00BE9CDD1BBCDB9C91BD2487D43D97
:103150004EF696BCAA8443BE6DBB73BDB537B93D70
:1031600033C0313BD3EA7DBD6C57593D13EAEE3D88
:10317000C344263D291A40BDC1E32ABE7817283D25
:103180006E4DA9BD41BCC23DCD3E82BD2384BD3D37
:103190006823AB3D360DD3BD278F78BD32DA14BD21
:1031A000A6180D3C2E8DAFBD897E30BDE28821BBB7
:1031B0001E24D83C5B75963D61D4973D76E02CBCCF
:1031C0006A2B1C3D8094523DA30B94BC6FE2ED3DF5
:1031D000A4FC86BAD5189B3C1EF9813D24D5BCBD04
:1031E00087DC68BD2BA2D33D0A6A7FBD5322403CD9
:1031F000EF3E75BC51BCC33C6F47843D746E84BDCB
:1032000077B3073E1768ADBC1B23853B8FEA13BE1F
:1032100075935ABD43E59D3D6E86333E4B3E7A3DE8
:10322000AA31F3BC15579B3DDE27CA3DE6592F3E18
:103230001A75C5BB8825803DB487D03DB053CC3DC1
:10324000FDB8013E32D631BA7405FBBC082B933C65
:10325000D126843DD059BD3D653F613DFBB58DBD57
:10326000A517153C1E068F3D7A0EB43CCFBD0E3E11
:1032700001ADD03D658DBFBC94C8F03D17C5A23DE2
:10328000C2850D3D6F6BA4BD48607C3C846D023DE2
:10329000CD898B3DE1412DBBBB3A89BD448CA3BD9B
:1032A000EF45823D682F763B6DE29A3D4A1AD83C45
:1032B000A47699BC03784ABC4C9301BE8521063E96
:1032C000389D733D60CFCB3DBB604FBDF035903D29
:1032D00055B23A3D6BB3BF3DD642173D4BE8343E45
:1032E0004BE4A53DC231B6BCF331BD3DEFB1B63CB8
:1032F000D46B0F3E59C0433E1AF8313DB42682BD0F
:10330000057E0F3EF5CC203E5BE4C3BDD481C8BB37
:1033100077D4943D3BF6953DA3ED5BBDF983CF3D5E
:103320007231993D7DDFB33D595A4BBDBFF1E33B4F
:103330008F95FB3D04E6683D4EC8FF3DBFFDE13C77
:10334000B24B263B72EEE73C4BCE3CBE6217C13D12
:10335000D2C5933D9F6A0F3E49A800BC483A33BE90
:10336000E330FB3DB1ACDEBC23E6F13D55EB54BD93
:1033700050A288BC1351FE3D25C8EB3C3DA5B6BD0F
:10338000870DA93DB66692BDA7E4C93CCB006FBDD1
:103390001E8574BCCD292EBEB9ED99BC02765B3D6D
:1033A000471BC7BD91F1D5BDCC64DB3D953C9EBCB0
:1033B000D10F073D852A0D3EE36F763B18748ABD19
:1033C000239E55BE87DFC5BD6492E1BD15AA4ABDE7
:1033D0003B0D32BEACA7463E174BC63D03BDDA3DA2
:1033E0003C1237BD6CABA63DC50AAEBD714ECFBC1D
:1033F000A075023E01943CBDA4199FBDF169F5BDC5
:103400003F5D793C7E2BB93CC811B93DA3F607BEA0
:1034100060CBC13C315E46BD37AD283D3E62193EB2
:103420004D9FEB3D96358DBD08B8043ED12610BCAE
:103430004C14483E116C1C3EDF126FBE36C7B93DBE
:103440008921D63D7D907A3D1FD808BDC7F237BE91
:103450007B4153BDA49E743BF77D9FBDB0D170BE30
:1034600027F49D3D1B23693CADCB11BE9782B03C38
:10347000198511BD3321063DB6452CBC828FB9BDDF
:10348000B83C2E3CDD26A83D22408CBDD3504ABD21
:10349000242A62BC53EB35BD4B0D35BE0FB94ABD76
:1034A0002259F7BD4D73993C5C469D3C945C09BE26
:1034B000B62E33BD429E1C3DE98C1ABE5A44183EBE
:1034C00034F584BD7F7DCFBD0800663BBF42FFBDA4
:1034D00079F4FE3C8CBF813EBEC7C3BD6C4D093E36
:1034E000FB8114BEDD8E32BCC45A133E4344E6BD9C
:1034F0009E33DBBCB73D573D0C93E73D183F8CBD79
:103500000C3AA5BD342F1DBE287E0D3D36A5713C5D
:1035100037840BBDD033043E4648033EB377503B5F
:10352000FE6C663D0DB6AF3C6659D7BDAD297A3D00
:10353000F2B196BD6880C3BBAA08F9BCDC4E093E57
:10354000D37DC93DC8809DBC46B5F63CF5011CBD88
:103550005A5F25BDB10FDBBBD261F1BD125039BE40
:1035600034ADB8BCF45991BC69793FBDAA6F203E17
:103570004D6D78BEB64723BE0B7D09BE145662BEA4
:103580006A27F0BA709CE0BC829E063D68F9A83CB0
:103590003C8F5E3D4D44093EC11F1ABEB42C153D03
:1035A00035A5663DAF3DCC3D33292FBDF0C6B8BC37
:1035B000CE1D2CBD6998013DEA231CBE01AE4BBC5B
:1035C000997B64BC90E2DD3CAFF7D83BEEEAD0BC1F
:1035D000C6C57A3DE5DF8B3DA499B7BD2AE592BD0E
:1035E00011BA0F3E435AB2BDF203DCBDB297A63DFD
:1035F000B611003C588AD7BC01FDC73CD2DAE3BD06
:10360000353C93BD8763323DCBCAAD3CE7C18D3DB0
:103610000A3680BD65A05ABDBEDF3F3D173B80BD69
:10362000B0EA41BDE556A7BC8A83CA3DA35901BD96
:10363000F9CD69BD6AD30ABE23A3AFBCBC84AEBCBE
:10364000F7C4E3BC531B05BD9FD2D7BCC5F3DCBD9B
:10365000AAAE2D3DB5CF9DBD9386B2BD68C90EBB48
:103660001FFDC6BD6D35CBBCCC6E093D8FCE603D18
:10367000181E4E3D3722AC3D86BB23BD612211BDD5
:10368000F06501BEBCEA1BBDA98DBB3C91CFFA3DE4
:103690002C9B23BE653C8D3D1A547FBD7714C83AE0
:1036A000A2D944BC6D11943CBDA61D3DD0FE48BDC1
:1036B000ACA5203D5AB044BDADF3573DDC3B5B3D6E
:1036C0001C34D0BD308830BD61014F3DA116AEBD68
:1036D000991E653D3358123E1CEEBE3C0A1E42BD8B
:1036E000A4C76BBCBDAED33C1AED193DF8BD0EBDF1
:1036F000E393CABCA05FA2BD817F0C3D952B53BD57
:10370000DE1F04BD5CB7BE3C58C5D0BCFA71973B08
:10371000EBC054BDF9A58F3DF92FBF3D242BC33D10
:103720000C1CA1BD7E80AABD0F4C52BCD465CD3C03
:10373000AC4279BD75968DBD77868BBCAB6AD83CA3
:103740007160D1BD90A707BD036DF43D45A18FBD4C
:103750003F2CFABD4DBA683C99CD3CBD67FF0B3E8E
:10376000F38F683C0D0DEDBD979B523DB86BA63DA8
:10377000C97327BE9129CEBB6F12B33D3B55323D75
:103780005A8B223EF05DB6BD0A36B7BB489863BD82
:103790005B9E2B3D89670F3C4A698FBC2450DCBD82
:1037A00033F06FBEDE1A29BE233C9ABC77D00CBE24
:1037B00025ACEBBDA7DB8E3D940702BD0A46F43D68
:1037C00086A0613D77FF28BE57C81E3E656D153E39
:1037D0004F2C93BD8EC7483E786CBFBDD644FDBD0F
:1037E0002F8D003E38F14A3D39929D3DBC5E35BD7E
:1037F00044004CBD141DEF3A35D6223D4A99743D24
:10380000E354BBBC58CC56BC3613D7BD2CCA2BBE18
:10381000687016BE248C053D296759BD8745483E12
:1038200052B9CABDEBC529BE03E0C6BE1ACF4ABE17
:103830008737C5BEAA22F93D9BA938BCBD536D3D53
:10384000432F17BACB57A3BC26AB913D537697BDF8
:10385000C1A76CBB68D2B1BDF476C3BDA6AD8D3E29
:10386000F23EE53C244AB43DF47BBFBC54AE8DBD72
:1038700071F09CBD440481BDB250043C5CC9F3BCF2
:103880002056433C07BDB5BCF05B803CB1EB4A3EE3
:1038900088AB1E3EB5ED93BD558CC8BC38958C3DAC
:1038A000D37599BC560F523EDAF7B4BD4C1FB7BD65
:1038B000FD590D3EAEA2B83DDB87BBBD5743373E39
:1038C000621013BE4FAEB2BC1C9542BE23CFC6BD24
:1038D000493FC9BB6B06A23CFF78813C9EED2EBBE5
:1038E000CEDD8CBDB5E1003E416B313DBD852EBEC8
:1038F000DE72C83CE99137BC2CFACBBDC5611FBE56
:10390000251D4CBE5770B63BC72CAE3DEA76CFBDE9
:103910000E42113DB0B39CBCF4DAD63D2234623D78
:10392000F00817BEDD07D3BD49CD453D48B8833B00
:10393000E160D63C95ADCF3C0D81B63D4011433D95
:10394000FF06C9BD12D2FABC9CA48B3DC1AEDFBD3F
:10395000229CD5BD5A0F2F3C13821DBA784C07BD4F
:10396000FB8A6A3D4A3A9DBD08390EBE9772193EE0
:103970000D10273D9F6E103DCB9D4EBCB884093E77
:103980001174FA3D3ACF06BDCDB703BE85021C3D8A
:10399000C984C93C27F7B9BC31A492BD4EA0DDBC97
:1039A00074DD87BB7700ADBCCCEA333D75E206BD64
:1039B0009DB6E8BBE5A63DBDC92086BB0B1838BC4B
:1039C00095E032BD3959A1BDAD606DBE580618BC39
:1039D000F18CCF3C48648C3D949495BD3B35823C42
:1039E000956D16BD1F7788BDB8DA0BBE5C51033EDE
:1039F0004212B6BDBAA1E8BD04296B3C24EF553D87
:103A00007338393DEC6F293D600973BCAABDA43DF4
:103A10002AD057BDB42038BEB793A2BD5EC9D83DE9
:103A2000120649BD77142FBE922685BB01B74DBC47
:103A3000D098033CD2A713BE76E4823CEB1BE5BCD6
:103A400002663F3BA060F0BC1743E4BD88E7643DDD
:103A5000D113E9BCA62ED4BD282415BDC313DBBDEC
:103A600070FFDC3DE1A6DA3D771ED9BDA5FF4B3DD9
:103A70008FF5013D8A7C67BE3C6BD6BD779130BC2B
:103A8000ECA58DBD7993963C7194603D7E6AFA3DBC
:103A9000D9210BBE16D1E03C8655603D96093B3DD1
:103AA0004E7B6D3DD8ECF6BDF8F9B9BA266307BD7B
:103AB000EFFF943D9C07E6BCCD3CEBBCA3EF85BD7E
:103AC000B5363FBDF9C7723D38F4ED3D72010CBE0D
:103AD000ED6F323D49AF813D41F20ABD488B953DC6
:103AE000B64AC8BC1F4B39BEA69621BC3B0CEDBCE8
:103AF000EFAF573D052CA63D6118B73CDDD3FCBCAC
:103B0000B968E6BC2C1F85BD4CFC713B79D8293ABD
:103B1000E6EB7ABB6E5BF5BD6D0F8C3D771E943D79
:103B200084E1B1BC7A11BC3DDA4EA8BD039C29BC2E
:103B300081D94D3DA6944B3DA38D1B3C71B332BD45
:103B40007561EDBC4BEB75BDCD45B8BD0E7DB3BD0C
:103B50006E3A353E220011BCA5B08B3DA3BBE5BC3F
:103B60007CBF1CBD970D4A3D75FBB7BD2F8BE53D56
:103B700079C9DEBC24765F3DCD878E3D8D65A8BDBD
:103B8000630A153ECFD183BD5B891FBEC221513C64
:103B900095225FBD4ED6BDBD2F75BA3DA4078ABD27
:103BA000F57E333D80A32DBEF5BC0DBEBF9DD53C3B
:103BB000592D033EC944CA3C5F52963D3E87D7BC4F
:103BC000A4EF673C29931EBE4ED54B3C6464C6BE31
:103BD0001DE3643CB319B43D190EABBDCCBA1B3E1A
:103BE0004C3CA03D5EF312BDBB06ABBC65560F3C22
:103BF000CEC1A83C1E1306BEB64C44BE2F69A43DE0
:103C0000447757BC429A8BBB168D453E21C1C3BC3D
:103C100018FF133DBC2FDA3D2FBF193E7DB8AFBC56
:103C2000B18DB4BDD4F9143ECB2F80BD86EB933C4F
:103C300045EFD73D2B65E6BD07B0B63D014AD6BD81
:103C40000991273CF9CFC8BDBA7BF53C6F95343E4E
:103C5000B30C563E4B710F3ED85FB8BD971AE4BD0A
:103C6000C42683BD9123283C0DBE4EBEC5D22F3D38
:103C70001D81583E3D0A253DD6768E3C551F0A3E95
:103C80007282CD3DD7207CBE5CE23BBDF7ADBE3D30
:103C90004F83933D9149A23D05BF583DA54311BEB9
:103CA0003FBDC13D96C411BDBDCCC53D0338A43D4B
:103CB000CA8705BE06DF67BD46B6003D8DAF71BE43
:103CC0009DFE463DFC1B73BDCDD4E73DA11DCFBB82
:103CD00076869D3CA45206BDDF97DA3DD8E4543C7D
:103CE000F43C8D3D20746EBDF700EEBDABA181BAF2
:103CF000F180353EDEF9E23D8CA2143D4BBD8D3D99
:103D00001933E33C8A6D363D113021BE516B043EC0
:103D1000665CD1BDC2EABB3DAA0C1A3E294170BD0A
:103D200036DD52BDA8A5DA3D9CBDAE3C24659C3D68
:103D3000E49BE8BC6BD6053E25443A3D51B3AC3D0F
:103D4000F230043C86A0CFBDC88560BE777A173DAF
:103D50007339FDBDA2568BBC1B80683DDB1C8C3DBE
:103D600014D633BD5AC34EBC42EB2B3E2719B93D86
:103D700087524A3DD0D9FEBD7D36CFBCB7B49ABD7F
:103D800057668EBD7AE9933C22E31A3E0B96C4BE79
:103D90006D19FA3D757DE7BEFC701E3CE9A43ABD85
:103DA00056CB913D2F89053E3A9822BEF53E6CBD1B
:103DB00036EACD3D09569F3D005233BD3D9E51BE72
:103DC000CD2735BDA913223C5880183EF480503BC6
:103DD0007C2A2C3BB3ABBB3C6EA4A33DF819ADBD14
:103DE0004353833E42230FBD3647243D458D523D0C
:103DF00018A7713C2F800B3E781596BC66E7AEBEC7
:103E000073641A3D52294CBC8E6791BD6F653CBDF1
:103E10005335F23DD0CA02BD85829BBD7DD5D43DD0
:103E20008E65093E6CEF84BD07AADB3D07790B3D2B
:103E3000E5720CBE0A56E5BC15F2E7BDBD195E3D44
:103E4000233F03BE44F0CCBD7CA5E53DA4E4FFBD0B
:103E50004FED06BD6A44623B9645073E3DE84CBDCA
:103E6000FB7B613DD43CE4BB1F435ABD102121BD07
:103E700051C4113DE15199BDE054CABD91D854BE21
:103E800094B6CEBD3EBA09BE0522A5BC9979D53DF2
:103E9000C4AE583BBE2683BD9756FB3D6252B7BDAC
:103EA0003B9BBDBCFC19633D9AC683BD76A122BE77
:103EB000D9CC293B781D3DBD7341F63C962E3BBDC8
:103EC000A92DD7BD8AB079BE525AB2BDBC1678BDF5
:103ED000D1A3DD3DA0AA263D9C7F75BC43A9A3BD0F
:103EE0006B49D73D4B7E21BEE161FFBD21EFE6BCB2
:103EF000CD7557BA26C5BBBDD01E773DDF8B21BE21
:103F00003F4E883DF655873D0B70BB3DBE7C16BDD0
:103F1000561422BDFEC00ABE76FE93BD74790ABE59
:103F2000676FB93CB95DD2BC3806903CD5C62F3D11
:103F3000C87CFF3D5B4074BE602FD6BDEF0F1ABD3D
:103F40003E2EE5BC1D918D3D0FEEB33973D35FBEA0
:103F500020AD06BE6003E6BC64B949BD3EBA053E6D
:103F6000572C2CBD07212EBDDE81723DD9711C3C22
:103F7000EBB496BEDC0D263DB672CABD811AD63DA5
:103F8000260800BE6B063FBBD8901CBD6652063C9F
:103F900077741A3E1B80583DC9E4D43CA3EA443DE3
:103FA000942F513D51510C3D4BB7093DE6E4ADBD59
:103FB000BC69C33CBAF2C13B3237553D97B4C73CEC
:103FC000E6B86EBCF82A353E3EF6003E6043123E2F
:103FD0005B2AC13DCDA1EDBCD584EF3C4C1AF03D30
:103FE000CC11343D40E325BD506EB93D009B913C62
:103FF000D95103BDC49B0F3DFA29AC3DFE1C053DC4
:1040000080AE5FBC5C6641BDEA8CB3BC28CB52BBC2
:1040100053616BBD52524EBEC387A8BC254E2FBD07
:104020007D8F1BBDF95705BE1BF56FBBB5B76CBDCA
:10403000B30A1E3D00EF5FBDAF37263D8ACA023D81
:10404000B11BE5BC969034BE5463C6BD5D7E1EBEFA
:1040500090B398BDDD4D8BBDB11EDBBC17F749BDDC
:10406000A0D77DBD747AE63C06C0413DD27A79BDC9
:10407000956744BECEB098BDC42BE0BD550C55BD70
:104080007A70EEBD02C21B3C839CB7BDA64FC0BC7C
:1040900031BBE6BDB0541C3D2B83003E5BE6833D47
:1040A0001121AC3D020AA4BDE731FBBD0D2AF0BAD7
:1040B00055B06F3D2A9D02BE271102BB30CDAF3DEA
:1040C00041A5AB3C194C19BDD38636BE2CB0563D2C
:1040D00031E1823D164F203E85B48C3C1D9618BEC2
:1040E0007E1309BCE0AD8F3D9A0892BD57648CBC2D
:1040F000DF3A5EBD553529BEF3F3C8BD07BBDEBD53
:10410000CD88A5BD3AE8723B342A443D700F6FBE9E
:104110000350C43C906C2D3E2B7E0B3CE01FD33DE6
:10412000020ACDBCEDF20D3EF84CC73DBF5EC4BDEA
:10413000187DB73C683F6B3C7AEE68BD0BA7E6BCC8
:104140003B96663D890887BDAB33CC3DE2A5B83CC4
:1041500004B5F1BDDD7C9BBD7F7CBEBD0473BE3E5E
:1041600015ADFA3D62B1A33D3009443BD729663D08
:104170008D5299BD11784BBC63ED7F3DBDB0733D51
:104180002976713EDF67B73C89834CBEE675483EB1
:104190002B39D6BCA69B093E8B5D20BE8BB0793DEA
:1041A0004A29A43C8BAF433E9AC734BB1EA5013EAF
:1041B00079B01EBD245E27BE48D5D7BC6488A2BD99
:1041C000315F563CED58ADBD670FAEBD1C21B93D0A
:1041D000F2DBA03D34E919BC4F2E0A3D56C5F93D2E
:1041E0002B204DBE5D6A383DD596723EC2EC1B3D1C
:1041F0000D0FC9BD19898CBBDBCE373D9977EEBD5C
:1042000080BF093D51217DBD9F0389BDF8F1833CED
:1042100045BA613D7C37813C96D2DA3D7A4FEDBCA0
:10422000770F043E6378E7BCFF4A91BD7AC4BE3D78
:10423000EC8886BD13D5C43D054CE9BD35EDECBB1E
:10424000A765E3BD4BD5363D586FBEBD1F20C1BD30
:104250001AF58ABC96BCA33C1AAB1A3D48089F3D90
:104260006D8AC1BBE907E03DA48BD1BC2F3CA7BE42
:104270009CB27F3DB19381BD57B1DBBCE5B4573DE6
:1042800030893C3D8A1EF8BC78EA443E0EE30EBD00
:10429000FA5126BA9A4697BEBFE4F7BDB8F6AFBC4E
:1042A000E5886BBE0D5D42BEF3438ABEBC3B81BE5A
:1042B0009C83813E798C5ABDC5D51EBEE6FBA8BC49
:1042C0004F99583DF47ECDBDD35087BD16912EBE7B
:1042D0000264C13C060A6A3E6D3C83BB332961BC63
:1042E0001D4FF43DF6FDBDBDAC84FA3D96891ABD67
:1042F0007F1C6D3D90FF55BE9D3118BE905DB33D56
:10430000DFE401BD8E6D1C3D873A983E1CD6D9BCBA
:104310004A6CE63BFCDBC83CA548C9BC5DB173BE3A
:10432000E93D113EE72D8FBD447272BDD6A0C23D5E
:104330005FDEF6BC7A36EC3B2B11143E95DD0DBEEC
:104340003F4231BCF741B3BCA5EAA5BD6D74683DE1
:1043500034AEBA3D37BEA2BE1B836C3DFBB33DBE3F
:104360006A6F3CBA7F9F9C3C32F44E3D560B20BE98
:1043700041C07CBDBC18EF3CA8ED19BE74386BBBC6
:104380005484E9BD126BC6BD5905A8B89E677FBDB0
:10439000962816BEBF4F6EBDFAFDF6BD7E35B03D08
:1043A000239B51BEB0658FBD06F2C3BD25C3163E2B
:1043B0001A169DBD834C123E32987B3D229BEFBB6B
:1043C0006BFB7ABDB958E9BD22AAD9BB6621BFBC37
:1043D000DF774ABEA619633D36E4E6BDB1FA9C3CE0
:1043E000B0664C3D67BD3D3B1D07343D46CD47BEE5
:1043F00003E9503DA83F013A7A8CA1BD8F4794BD97
:10440000D23DEEBD848F7CBEC980C9BCBB35E33CC8
:104410005FEF4BBDB22771BC72E42C3DD9CB90BD90
:10442000EBBEB33D9A346E3EAE1DBCBB6D12AA3CD2
:10443000FEC4983DE607CF3DEE4B87BD66CB783D89
:104440007693CBBD4F808C3DD499F8BC4CF1C9BE5E
:10445000C5A28CBD101C323E333188BD1AC369BD64
:10446000478ED73D58C4A63D79E8CF3DE36822BECC
:10447000F96435BEA959663D3E154DBD1FAE1DBD43
:10448000539D073BED3728BD3C93533E6AA7F83D4B
:10449000FB901C3CA5BF133CC7B4BD3D781C85BD3B
:1044A000969B84BD900DEDBDEB91C6BDAABC39BDF8
:1044B00060C0923E53E5793CCC95AFBD1251C7BD6B
:1044C000FD4A45BD5E7EDFBD0A4935BD27DA8B3C1E
:1044D00037F0C03DAAB7E0BD04A99A3DBA32163EF6
:1044E000A3C94FBE871A43BE28174D3E68E703BED7
:1044F0005A0127BD16717C3DBE869A3CA080F9B951
:10450000E79AF13BAED8463D37EF4EBD5347643E88
:104510003274C1BD4867E23C0E7433BD49E63ABE11
:10452000692AE2BC0E0DE13DEA6F67BE806F033E73
:10453000E8198F3D3D9A09BDB956A43D3834183D60
:104540005F3B0ABE1A4FE4BDAB370FBDEB6D8FBDAD
:1045500090E1833D50D60C3EB3D3D43D09AE383DF7
:10456000EDF65FBD87DCB23BC4B03E3E078AA13D9D
:10457000D7991FBE5B2F8ABDE9061DBD59CA83BDF1
:104580008625E1BD05B1A0BD82DC63BDE6E4933CB8
:104590000973F23D36EE51BE5C5822BE62841C3C6B
:1045A000A68DBF3B79D1323DEAFCF63C7EC3E03BB1
:1045B000E13C8A3C60CA32BEC4C77FBDB1C83DBCC5
:1045C00003224C3DA2DCE73DA665003DBDB9ECBB36
:1045D00061F99F3DF0A5ECBD8B640FBD6ECFCDBDE5
:1045E000E701D23D0521693D9E597ABDF9E4B8BD88
:1045F000F6B6E5BDAE08883D0F53F83DACDD663D2F
:104600001B9064BD884D653C7D45DEBCC8212F3BB9
:10461000E1E2B5BC1E70CBBD4FCE1FBE95E9883C14
:10462000D267F63BC5FDABBC08FB44BE4D14223D32
:10463000351AA3BD05CFBFBCE322133EBE89C43DDE
:104640000C1A3FBD95BFAA3DFC92833EA3F5363DB3
:1046500079350E3D53FD253D6CA50ABD71D1F73D61
:10466000A4CFAF3A5CF0CC3DEC70A43C0978883D17
:10467000B0E052BDAD4BB03D8EBFAE3D479984BD5D
:10468000D5CE82BDBA559B3D58FB343EBDEF563E5C
:104690005CAC43BE02C7C0BCDC91803D8370BB3DB7
:1046A000CDB098B7B7E5483D5652B2BD49600BBD95
:1046B00049A59D3DCBF0B23DD285B03D029F103D56
:1046C00063A9CEBD2982A33D176DD9BC9EFBA2BBB9
:1046D0004C4D833DFEA951BDF79BB13CDC9C8C3D0C
:1046E000E0BD33BD5F5F65B9570E9C3DE713873D65
:1046F0002C2AB33DFB0E8FBD8EB3D8BDA64BDABCC2
:10470000C847AABCCDA00D3E12A5E73C082C15BD9C
:1047100002935F3DEAB57A3E7CE1CB3DB8D592BCD1
:10472000E7BAE7BD067664BEC19387BDE4A1963CB7
:1047300017827CBD68108D3D9F6F1ABD6EA077BD3E
:104740003B0CB63D0D67703DA8A8E33C367ACDBC66
:104750002B32A1BB13777ABD0F87A43C7C446FBC7E
:104760000A61043E17E036BC9CE5E13D0175D43C8E
:104770000901593ED91E673C554822BD7A114ABDF0
:10478000DF49D33D819C03BDE04E8EBC0A05823DCE
:104790007CF96C3D93094BBD66235E3DC69E113D81
:1047A0008EECF9BCB42D25BEDD33503D80191D3D86
:1047B0008EC7D73C8AA0533DAB3425BECCCD0D3E31
:1047C0007396E2BDDA0044BD9B43FDBDDC62903DC3
:1047D000598E3A3D00EC183E270DB0BDE6A31DBB37
:1047E0000F7DA5BD182B203E76351ABEAC8796BD31
:1047F000059FA03C5747AABDBFADA23C5215CE3D78
:10480000127296BD82F4C8BCE200A93D552301BDD9
:1048100053D9553C2A8CD93C42C208BDBE6D103DCF
:1048200068403BBE6F004CBEAC31B6BC2850503E19
:1048300029A6413EBEE3663EDE906ABB2A32CBBD6E
:104840004EDAFEBDB6B1F73D042EEA3D30E7743EC8
:10485000DB6B663EBBF18F3D0AF18CBD07F0C3BD3B
:10486000F5D2523E17FFCBBC76E290BE76245C3E7A
:104870009C6C3A3D804B3FBE45DDB03D48AD563E59
:1048800068856A3E615D1D3E9D9E91BC3BBEFABD42
:10489000855A2CBEDADED23DFAC2D2BD6BB9CCBC91
:1048A000A7A0F03CFDE7E23DDDC7C73D6ACADB3D9E
:1048B0005B13333E999A443B4BACB0BDD75AE13DB4
:1048C000DDD5123ECFD89B3D6465AC3D23A6FD3CB3
:1048D000393FB0BDDA753EBD096CC33D5E64903DA5
:1048E000548D173ED16DDABCED1148BD355E3E3EAC
:1048F0008B3B303E1146DE3EE68F843DD32D823E1B
:10490000599F923CDB84743B3F43A3BD35BDEE3DD4
:10491000C675373BADA8483EBAD582BDF5853E3E4B
:10492000BE53BB3DFCA6CABC57EDD43B71B0963C10
:104930001EE8A13C69A9C73C602F75BD413B553DB0
:104940002A38F53D7E0C52BD0A41AEBC8145613E20
:10495000ACCA1D3D8E51073C7A00BD3D2FEF1DBEF8
:104960008D7C63BCC30026BD0CE3D7BD2004FC3D99
:1049700000E2983DB7513CBD7FF1883D514BA7BD4A
:10498000ABFD313EBE6A823E16A0C73DBCF351BDB1
:10499000F2CA22BEA9FC3D3E012D3EBE99918FBCBC
:1049A00089C88F3D14F9343C3589B93D9A7B1B3D4C
:1049B000860B96BD6239373D7E12CA3D7C64323D1E
:1049C0005697973DF55DF3BD8A0D2E3D541D65BE8E
:1049D000B417853C7EC68A3D7F7D28BD78B488BDEE
:1049E0005F8B593DD4E225BD311914BEBBBD6D3D71
:1049F0005C13FF3DD0B68D3C800B19BED44DFE3903
:104A0000B3F601BE1B7B94BDF331FD3D91E5FD3D49
:104A100046DE233B37386E3B2313E3BD09F8963D52
:104A20000B0C3DBDDFA21B3E40F8D33C84F0453D5E
:104A3000114D1DBD85E10F3E0CDC6BBC5A62353C4F
:104A400051E491BCB53DEABD8A0AD43D12B96D3D31
:104A5000EFE1073C0644963D40C989BDA73F183D9C
:104A6000CE0174BD1EFBAC3DC829CEBD1A873CBD2E
:104A70002CFC363CEFF9E3B9683848BE496DAE3DD1
:104A800084A1853D84731ABE1E30BC3DE74EC83CF0
:104A9000137189BDE1AF7BBAC26AD5BD15235B3DF9
:104AA000EA0C8B3CBFD5E8BD3B4442BDE70DD2BC10
:104AB000E8171CBCC9B8B13D7603ECBD5534C5BD83
:104AC000F8D300BCFB19153DCD8A0F3EE6DB5DBE79
:104AD000825CD3BD2BEA8F3EC81AEEBBF117673C50
:104AE000626F78BD027107BE09B60D3D3E854A3D35
:104AF000DC3DFC3A9226883D525F383D7402883D89
:104B0000A484B0BC86CD2CBEBB5E9DBD038B75BCA2
:104B1000EDA7B3BC18990A3E727E8C3D6211E4BDCC
:104B2000B4240E3D36A722BE2DE918BCE0A8043EF1
:104B30009C12F5BD8CA1593D1F18F63C161D6C3D0D
:104B400010B848BD74FAD23DFF8808BD6F13863C8B
:104B50006320963DD85F823D32C77F3D098D183D69
:104B60008A780BBD1FB74BBDD815DA3CF652EC3D29
:104B700009D0043D87808C3CDC37B63D4386D5BDEB
:104B8000B6AF85BD77DFC8BD9D0221BDEBB12EBE9E
:104B90005BB1083E2A3F9FBE135DCEBCD83B4E3B67
:104BA000CF0B9DBD49BA0ABE71C0BBBD33258CBDBC
:104BB00085D3F2BD4EA17E3D52E0F13CF843123E5A
:104BC000E8F0413D8A297EBDC0A3213D69D7773CED
:104BD000BC3DD8BDC7295CBAF37DB3BD4922A6BB95
:104BE00028F9E13D88E7FF3DEF0045BE5FFD9E3CB3
:104BF00015290C3D7C969CBDEA94F1BD13AD02BD18
:104C0000D5E9573E1AF0A6BDFF56B63D2B6C0F3DB9
:104C1000063613BD6FC02E3CF1AACFBD8E24303DA9
:104C200082EDEFBDDBE66FBEA0F227BC6703AC3CB4
:104C3000FD1FE03DA72B153D2F03273E3CE8A03C80
:104C4000AD3D003D2CA4AB3D89F8003E641C22BD67
:104C500073FEEB3D85825EBD503B05BE36DCB93D43
:104C6000F993B53DE97B453EF2583ABEBF3BA33DC3
:104C70008DF80ABDCFB3A0BCACD5AFBC7FE4033D7B
:104C8000A0442B3D06BFA93DDADAED3C71990A3EFE
:104C9000AEEB24BDF2E5903CCAC4883D035DC63D41
:104CA0002EC916BD4742B93CC8E7D63C361CD23D9A
:104CB000D1341BBE5C4FAA3D0E326D3DFE9B143CB1
:104CC0005203A6BD576F453E829A133ED21C33BD98
:104CD00009671A3D227499BC5BD68738B5D5DBBD10
:104CE00083CFE3BD2EF4583DAFC81DBDEEAE2CBD45
:104CF0009410813D126CFB3DACB6A43D1CFA20BE65
:104D0000296F77BD46B435BD3C5D9DBD521082BD57
:104D1000EEC9D13C99B4833D0BEEAD3D1AD6353E7C
:104D2000D172A4BCD43F403E718E04BE87E90CBE54
:104D30007014CDBDF09142BD128AA8BC08140D3D7F
:104D40007E7806BD37F29ABDA98CB23DAA97843D04
:104D50000464913DF528643DCA72AA3D68C62F3BA4
:104D6000927DD43D1360D9BCDD63183D3DEC2B3EF4
:104D70003DD13BBD356EBA3D806562BD7995AABD1A
:104D8000D716703EE40BCABCD180103BA79F8BBDE9
:104D900006B566BDD6763D3D4C03C23D417DDCBCCB
:104DA000A3A4EDBC3FFD9CBD35559F3D88A19BBD97
:104DB00020D6FBBDCAD0BD3BACD2B6BD555A073BD1
:104DC00087F71BBCD4236DBDBA53773D2AE600BDDF
:104DD000EE6DAEBDE446A5BDFF5CD2BD6194CDBB1A
:104DE000166D3BBD1D90083C9F9E27BD224633BDDE
:104DF000F862CDBD6D1663BD53E5A2BDCE42D2BDF6
:104E000073FC0CBD1B91253D5160B03C2E0E2BBD9B
:104E10006526143D6C33B4BDD7FCD1BD423F8ABD7D
:104E20001D7B423DAD83EF3D387855BC33FE06BD5A
:104E3000541C0DBDA6682CBDEC2962BD2A26C03CC1
:104E4000459092BD028261BAB1A4A2BDB4B993BD2E
:104E5000D7C9CB3C58FE0F3D0A87ED3B6B957BBD18
:104E600019C8813D3E438F3D6B5734BD439451BDBE
:104E70000372303D693F31BCF7D67EBD644E2A3B9C
:104E80007755B43CD7D25DBCF3065E3CD34D5EBBD8
:104E900068086CBC4CD894BC74429DBD8406693CC7
:104EA0008A4312BE839223BE176329BE23352FBEC9
:104EB0005BF5D3BD63474CBB7CCF0B3EE6B6B23C43
:104EC0003A44D1BD1B0F283E35A6903E8F69203E47
:104ED000C282253ED5AEA73D986B253E497AD0BD0E
:104EE0004CEA313EF0E99E3EA4391FBE05CF19BE03
:104EF000405928BE92E894BC67225B3EEEA7B3BE41
:104F000012B92DBD88387FBEF1871A3DD12C1D3EC8
:104F10006C386BBD369C133E919F8F3EB38D2EBE79
:104F2000023942BD7D922BBE0955303E1E8B003E9C
:104F300021DF0E3E1491ECBD8507943E50590EBD05
:104F4000EE5D4DBE10FE423C9DC45C3E9E99743C9D
:104F5000A74993BC2F5211BCCBFB8B3D01F7753D8C
:104F60004C2BF73D4129D8BD2D4A033D6373403D8D
:104F70007EF3923D9D0A8EBD80C0C3BDC01A8B3E9C
:104F8000375B3B3ED1E7F6BB101689BED5271C3EEA
:104F9000A0FA09BE2B4FB53CDDE83ABD200E8DBE10
:104FA000C0A2FD3BB501D83D76EA243CC35B893CF9
:104FB0005A8D6ABDB95440BEA18E1D3DA1C0B73DFA
:104FC00037922EBC9F1DA23CCF4D52BB23A8F33776
:104FD0009364963D1B95F4BB15CE843CE24E61BDB7
:104FE000187FB23DE5D71F3DA59808BA49DDBC3C06
:104FF0005FE55E3DAA3B35BE37931EBD210F9B3B4F
:105000005FEB2ABE1FAF733DA569883DD8AC583D04
:10501000F65A473C26A48EBCB5D9073DC85A30BEC7
:105020004CFB45BEDD1F0D3D9B33F2BC98A030BD4F
:10503000CB3CB8BCDFDFBABCA253423DCE8FB53DFE
:105040007BF2E3BC345D02BDF123DDBCC071053EE3
:10505000C3995B3EE191833BBDF0753E67B70C3E63
:10506000B4B03DBD2C6AD73B939D763B799BFDBD8B
:10507000CF21963D9BB70B3E1862CDBD0606AB3DDA
:10508000694F10BD2A3E883C229A68BDEA8926BE37
:10509000351085BD9F08F7BAE74D653D33FAC3BDAE
:1050A000539E853D4F82A3BDFEC5193CCF0C31BD3B
:1050B0003EBAB73EAD927D3D590ACCBDE6339C3D2C
:1050C0002CF8893DA7E48ABD85F0143D327A953DE0
:1050D0006BF6DCBD4781F5BDAF826DBEFA0D6DBDCF
:1050E00021B50CBEA22422BE0838D33DE010B43C4A
:1050F0006C2A16BE730088BE44E482BE5B3EFB3D54
:1051000014FCC83D216EE2BD2ACB32BE61493B3E54
:10511000D30D2E3EA443C93A6B1E93BEE21F8A3DB7
:10512000954F35BD42FB473C8D0B31BE78974FBD47
:10513000940208BD9C94DF3DB63FA5BDE211533EED
:10514000F74C173EA6997F3DDD1BC7BD2C7C5E3E0C
:10515000510B173D8245563EC7C9E2BD3DDEB13D0C
:105160004A12513CCC68593DC5D980BE9CB13A3EEB
:105170002EC2AB3C8C7D393DDE0F6ABE9EC11B3E0C
:105180001E58AF3DC34F443EF4F310BE89E8133EB2
:1051900008C782BCDA348ABE2D2C5A3ED6B9E8BD87
:1051A0000802803CE8B1BC3D1167EFBCEB4E923E7B
:1051B0008594113E3EA8CABDD95D383E3BDF75BE21
:1051C000918702BD6D6422BED65B5E3DA292CFBDCB
:1051D000EEB4BABD882F6ABEAF4BBD3E20465D3EE1
:1051E000E84A51BEEF8018BEA465383E0A6B463DC2
:1051F0008AB41BBC8D20EF3C16B4B33D158E12BE95
:10520000BCE41ABE9D5ADFBD7B7D153E2E34C9BD60
:10521000A4D0A33E9F6787BC0A91133ECF7D4B3E2F
:105220001762C1BD08FA65BEB89E35BEBF7A553E4D
:10523000F56C82BDB007153E859233BDEF125B3C25
:1052400008E0983DAAC0F93CB89434BEA16F98BE5E
:1052500068C457BD5924893DF2BDF0BDE4BB143D7F
:105260004B680A3E54C62E3EE6AF403EB49F35BE64
:10527000A341243E02D3B33DFBC4463E5D02873CBE
:10528000ED8C103EA2CE28BEB04E8ABE314C223CE0
:105290002B6443BE793089BE96168ABE4A68983E12
:1052A0005FFD18BE606F41BE9028183E3F9A94BCC7
:1052B0008D323A3EC9D8F9BD31CDEEBDE8E053BEDE
:1052C0000770C1BB582B813D86F202BD8CC7F93DEA
:1052D00008536E3D5D29893D0EB304BE47A0DCBD79
:1052E000E1B3E5BDC2B1BF3D1B42F1BDA786FA3CAB
:1052F0006E886BBEAD1572BD9DDA91BEA74DA83DFF
:1053000070CB35BEEB84073C99B614BE7B4C013E96
:10531000017DC53DF063F73D3276AE3D3C8025BE54
:105320009C6DD3BEDCB9D9BB136B95BEB0B9CD3D76
:105330004CFE053D80A5593E117D823DFCF2CDBD60
:10534000CB52EF3D5F6C47BD8311EEBCCA9C0A3E59
:10535000BDB4E1BC0AB1323C016E74BEF2A7BEBD61
:10536000A07B59BEC7909E3D65288CBED10EE33C04
:1053700052CFAB3D45101DBE2C1799BDF76A2ABD13
:10538000DB77C83DFE8355BD19FEB73D79B291BDAF
:105390005366963EC491A33D9C4BC13E8A96413EC6
:1053A000EDCBA03C1528813E71D87E3D297E333E51
:1053B0000966393EF03A103DDE07B0BDFC1485BDEC
:1053C00097691ABD10C300BC52633ABEEE53663CE7
:1053D0002C4B70BE8B48313D29CC813E505734BD9B
:1053E00080397C3EE6AC953E230FDFBD43CDABBBA1
:1053F000BCE7A5BDEFE2443D9CEDB0BCCEE2C2BA35
:10540000DB717DBE8CADA6BDD5E0C3BDBA1E413EED
:10541000D1A3EA3C0E6A0F3DF96DA33D2BAA09BE4C
:10542000BAD4D03D40651D3DF7A13EBEF205DBBBC1
:10543000224D1ABE432DB13DD60A433DE74E80BDF5
:105440003FD7DB3DE1C4B8BD86904C3A4BD1FABCA6
:105450001416A7BDF369813D031228BEAE9730BE76
:10546000DB255BBC05DFB0BD9D440F3E0A7B07BD5D
:105470003820B03E737F633ED4DB2E3E2236B3BD70
:10548000876058BE87571DBEA4A0C8BDCBF13DBDE7
:105490006C18AA3CD3D024BE7DDF643C71861DBE4F
:1054A00018710ABE0ABACEBD6BC2163E8030513D9D
:1054B00078F1B03CB8B116BEA07CCC3D342A0DBD0D
:1054C000CAE683BE1030943EB68B273EA3F3DDBC04
:1054D0001C3A92BE93E3143ECC3E943CD735873DB4
:1054E0007AF0013DAB36483C98D647BD54A24CBC3F
:1054F0009B68843C235104BEB3D838BEA61B21BD93
:10550000C3F3603D7E3118BEE1BD9ABC8314853D76
:1055100058AB053ECBF934BE0A444A3E869E6C3DEC
:1055200054ABD83CA503C43D7AD826BE1161753C66
:10553000B85D4CBE4399B43CDACC16BD40A072BDF8
:10554000110821BD8E3F36BB5D3D20BE790935BEB9
:10555000FA4797BE8A0AA43DB89833BE5A579DBDF4
:105560003D9A83BE03E80CBE2EB57E3B71169CBEF1
:105570002CE81DBEEC865C3DA87C623DD90522BEB0
:105580004232B73CD1E8743E4026EDBD9C23A7BD16
:10559000F1A2283E05DC73BEBC50E2BC16E8F1BDAA
:1055A00092DB863DCA34923DD1399ABEC924223D50
:1055B000516AA2BB52A9F43D6BE7303E9B3A35BE1F
:1055C000E5E6CC3DBAB2573EAFA7E63D0D3B7ABE0D
:1055D000B18113BE780A00BE2593903B09680A3D4D
:1055E000707E75BED58CDCBD987BE83CC75C5F3CAB
:1055F000DFB32B3C8DCE1A3DD9B637BEDABD99BC90
:1056000061D17ABE3AF24FBDE8AA25BE350B373CD0
:105610000EEE2B3EE42E5CBEE98B513E52ED4C3E2D
:105620006BBDEC3D475A79BD1C03DFBC80C19F3D7B
:1056300074224EBEA65A87BEA09A143EA909FA3C0F
:1056400042975ABE161236BE5AD428BE5AF18B3E25
:1056500073923E3E16D721BEF0A5AFBDA91A393EC2
:10566000A824113DCAC512BDC3721FBE16EE10BDDF
:10567000230E1F3DD0A034BD016C0FBED26E31BED3
:10568000C790C7BDCB8F173E3A0C413ED6746BBE58
:10569000B059913C1508ED3D74C2D33C0B4E0E3E03
:1056A0000B7B543DAD6E013DDC54973DBEFEACBC62
:1056B000310A1FBC1EAC35BEE083D03DF71705BDD7
:1056C00071884D3D52371ABEA9CF013E51C4B1BABF
:1056D0003F662E3E19C9FD3DB7D85E3C592CB9BD79
:1056E000D430323E946F0E3E2D82C73CF5E9FCBDAE
:1056F000C5BA92BD5ED67B3E121233BE5AB9D2BC39
:105700003D30353EC6500C3EE0C93C3EA62328BE87
:10571000873B823EB4DF0A3EA263B13E3FC1543EA6
:105720006145093EB8270A3E2D44FF3D61460F3EC4
:10573000905D833B124E8ABEF7E0A0BDDE8C933DA8
:105740008B21D33D7A50103E918316BCE77ABBBDC6
:10575000A60AEBBB8E6BA43E8EF1ADBC96985DBDE8
:10576000B250F93D243EA8BDE938CD3EF8588E3DF3
:1057700076856F3D2070373E34486FBD236289BC0B
:1057800046FD52BD559502BE2694BC3EEF001C3E20
:10579000DC104ABE27D2D33D8C457C3DC3C5043DB9
:1057A000872C4ABEA1BF7FBE0EAE843D7BE03C3E4F
:1057B000F242343E4A3227BE335AEC3DD741183EBE
:1057C000D52468BD90895DBC20E7DB3D8E33A43EC7
:1057D0004399E2BEB3E5613E83348A3D56F414BE7C
:1057E0005641133D0F46403EC191D23D00B79CBD8E
:1057F00019D4B4BEF87FA03E9C092CBEC930FEBCB3
:10580000322A31BE0B3BC63DB4D2EEBD59EF21BEAC
:10581000B39F89BDEBCD18BE1FB3D2BDDA954A3D0B
:105820000780343D5594FFBC10E832BD9C214BBD30
:105830008B93D5BE9886B5BC353A7F3D51B687BEB1
:105840006FC4113EF5E0DF3DE456953E181F9C3EC7
:1058500092AE413EF18ECEBD2DD0443C96A4E53DA6
:1058600040E05CBE62BE84BCB353B23D42372BBD48
:105870002ADA7BBE3B6D0B3E6825DEBDC85E84BD6B
:1058800094BA82BE3EA515BEC623F23D8A676FBD9F
:10589000A3FDAABD6C639A3DCA460ABE587A1C3E57
:1058A000EB8B9C3ED1BC9B3D89E0D6BD16ED4B3EBB
:1058B000B6CBFC3DAB0CD3BD6C60BFBE7251D7BD47
:1058C0009628313EDE9F413DA347653D32283BBED1
:1058D000F12E0DBEBE47133E8A1B2BBE0397CF3D54
:1058E000B09A68BE7F0E063EB858893E6E1D7DBDDB
:1058F0001BBB47BD309D10BEF1610CBD7670933B64
:105900000895E4BDDE5D3F3E2287EB3D5D8DFE3DAB
:10591000FE7E5C3E04827EBEE3D2F73D295557BE33
:105920009F6E8F3D3D449E3E3721793B2C79963BBF
:1059300032930EBE422CB73C692236BEF4962F3EFF
:10594000175DC2BE993E90BE5BEB5FBE11A8F7BC6F
:10595000069702BE9854C6BC3F2F4B3E625121BEF3
:105960004D41EE3D5C54C23C80A3A1BDA8C1DE3CCC
:10597000F8519D3B448A92BDBDAA8F3DCCD61BBD3C
:10598000F86D813E1556383D492594BDDA5843BE21
:10599000BB92B13C8B107C3CBE31FEBDE4F7AC3D0C
:1059A0003EA632BEFF2EB93C7498773C0B5DA93DF4
:1059B000D3208E3EBDE7083CD1378A3EE9A8B93DE9
:1059C0005C6262BE1EB281BCEF1551BE8D667E3C2C
:1059D000C0B7D8BDEA9487BD010AAA3D49D4E33DCA
:1059E000713430BE67873CBE3B8F4F3D4ED27E3D0B
:1059F0000FD0683E4889FD3D1CA7A13DA2D618BE28
:105A0000670E79BBA5F4A33E651C36BE714D913E71
:105A1000DB06503BE55997BA205692BDBCE21C3ECE
:105A2000F8F3CDBDF0252CBE3214F2BDB57947BEDA
:105A3000765B72BE97038B3DB77529BEDFB016BE8D
:105A4000D19B46BE464719BE2DE11DBE7C51893D06
:105A500051C0E9BD9F3F12BE53FFA5BC5522C8BD32
:105A60004BCD803E3F4A83BE415C403DCFDF393E57
:105A7000A535703D950E92BC3AFFA9BE3C4079BE5B
:105A80000663ADBA61E040BD0C4D403D45467BBD6F
:105A9000478D8C3EC52FA63D6729893D32E5E0BD87
:105AA000B7BD4B3D77B506BD2ACE3F3EBC51F83D54
:105AB00062DE8D3E498106BDAE3FE23D41B62DBD61
:105AC00088E0CFBD8648043E0402EA3D1F1E36BE74
:105AD000FA9BB3BE1115B13D0D9118BE6144C93E8C
:105AE000BF7EDF3DD8A116BDE7D8F5BD8427DFBE58
:105AF000D182F7BDB3CC23BCF39924BEE33213BEED
:105B0000C66E90BEA5D3D23DC1BF53BE9FB08C3EE2
:105B1000DD40E0BD89F2193E3ACFA93D943C0DBC71
:105B2000C3EF4A3E61674EBD8FDE093E58346DBDFE
:105B30002E0CE23DB7B0783E7C298EBC9A25B8BDCC
:105B40003B16C4BD41F969BEF4A3653E9426F93DF8
:105B500071F1AD3DF74DD93EDAD5C7BD280C80BEF9
:105B60005669EABD96B81CBEA9A1ABBC0B7A19BE9A
:105B7000D58DA1BEAB9C89BE11E6C5BD969A973D59
:105B800081DCC5BDB0726CBE8C72203D563707BC3F
:105B900081DCB4BCA270A93D728290BD4DFC5A3C20
:105BA00075E5C53A3CB4A73DE796FEBDBEBC7EBCDC
:105BB000A1B651BD6BD3BBBD5821043EBF02613DB0
:105BC0000545CCBC3C85153E10C10A3EF0A186BD02
:105BD000936E65BD66FCBCBD2B1397BC079CA13EB4
:105BE000DC1F4ABE5D6A0A3D0A69BA3D3598093D27
:105BF000781BF43DB6A781BEADEF123E7FEE4E3D61
:105C00003F6D0DBE0D11733DBA89393E891AF5BD40
:105C1000EEE143BE6A89D4BD59CA6E3E3C2FB0BC8A
:105C2000D24A243D914496BE4AA52BBD6CC7C0BE46
:105C3000D68027BEE0E5A23E871D3BBE2FA9E5BD6D
:105C40008AA437BEADFA2FBE650A403EAA9C143E18
:105C500024E116BD6581AC3C7420313EE366A33C73
:105C60008DDCBC3D4EEF84BEE990A13BC275BF3DCB
:105C70008C32F23CFBEB8C3CA428513EA00C0C3E39
:105C800093A0BFBD020CE1BD2C2D8EBDD64422BE1B
:105C900052C4ABBDA80BA83DDF66F13D64B9873D9A
:105CA000B1C6763EE105333EDF66D13D5A32BBBE1A
:105CB0002DCF28BDA305DFBDDB10DBB98D8A80BEEB
:105CC000A0E831BE4739133E4B83033E2D8080BC94
:105CD000827E82BD87D3DC3DAA8FED3DD6FBB93DE8
:105CE000BD1EA83E705F8D3D3ADBFABD77242BBE0A
:105CF00071129BBD3CD56F3BE535C6BD6CDD27BC45
:105D000053D1343E1078033E229B5DBD3068773D11
:105D100031B4893D7A9D00BE199C013F28E0D03EF8
:105D20003F560BBE89CCA63C76F450BCD50EA2BD26
:105D30006F6E86BEBE1D92BDFD2960BE9B8CC33DAD
:105D4000CCAC333ED7A0183E336347BE332FB33DB0
:105D500051AE983D605CE33DBE6292BD24D1C43D2E
:105D600082F7D53D77B51FBDA08F41BEDD62D23C25
:105D7000E0BDA53E7D2D6C3E1BB0CFBD4DEC043E7D
:105D8000A130A43C4AED993E2E7564BE61D6033E17
:105D90000F62EEBD24E5D03DDCC628BEDC5BC63D0F
:105DA000F87FAD3EDC0FA1BD1DBA723EE9D97D3E44
:105DB00082E467BD40BF9CBDC13D3EBD0C37453E42
:105DC00078A49D3D80A436BDF1D0D7BD9BBB1C3EC1
:105DD000FF69223EA6569FBD7A16393E56CB2CBE91
:105DE000D47E15BE6792BFBDC7BCAABB7F0DAB3EBC
:105DF000D837B23DF728B43EE085D7BDE25AA3BC00
:105E0000BAA2133EDCD9B23D8F163A3E90583E3EC0
:105E10002B599DBEEF19A3BEBE8400BEE37D8A3E12
:105E2000296E8C3CED49E9BC88F8F4BDD6D5AEBBF3
:105E300071C6D63D8749AC3C3CE582BBD262E6BC2C
:105E400050EE043E13F9F13D0DCB19BE89E650BC6E
:105E50009EF5253E77B750BDBC552ABDCE45DD3DEC
:105E60004F10E83D072A043BF37CCE3E0ABD10BC30
:105E70001CA322BE8A5515BE7971D7BC962633BDA8
:105E800011F583BE8458D8BD489401BE2DFF2A3E2B
:105E900058685EBEDC7B85BD77669DBD0F14AC3D4A
:105EA00042F05FBB4435B63D9F37C43DA99F113BCF
:105EB0000C439DBC6E8FD5BD8672DF3CBC320CBEE0
:105EC0007EE9593E715B30BEDAEF2D3D97674F3C5E
:105ED000C4D7B4BC260680BE089746BE25B0173F7F
:105EE000BD5109BE304DD93C5085323DBCDDE23D4F
:105EF0005DDFB53B643D343C1B20CDBD1FD18C3DE7
:105F00009491C2BB066DF1BDE7DBEFBD5FE1783B6D
:105F1000B75253BED2B0B23DDE4C943C88F9DABDE4
:105F2000480D66BEC2C6083E6C8C523D2A078DBD28
:105F30009935BCBDD6EEF6BD76DA12BED34D8D3D99
:105F400045F7A8BD9B44C3BDD9E6D33BC653423EEB
:105F5000C79120BDE2E5093E6D1E2EBE2338CDBCA3
:105F6000166A1DBE0104B43D3A02AFBED17985BEAA
:105F700047E5373D757C63BDC37F7C3D6871EA3D75
:105F800016060D3E155CC13D8E4414BDB41E9F3DEA
:105F9000BABB1F3E5FBA03BEF188D93D0967E9BDB0
:105FA000B68D67BEC43F393EF52819BE97A4633E3F
:105FB00046128C3D76212A3D3F63BA3EFD028BBDE1
:105FC000E2D726BEFFCF10BEDF10383E70A447B91F
:105FD000537737BE04E48EBEB1B1D43CD562903D58
:105FE00032663ABE050CE63D449CF9BDCE3259BD41
:105FF00030D4103EE3BD47BEC5D7223E6A08593EA5
:106000000F00EDBCBB922F3EAD9DC23DEEEB0A3EB4
:10601000298D683E179B7CBE8176D0BDD4AEE7BE8D
:10602000921E813DE6AF5FBEB1D56CBE1F2E96BD00
:106030006BD45ABE3BAD2A3EFBF7573DEA7CF63D9A
:10604000B71149BE9A870ABEA83961BE3435ECBD86
:10605000D9B5723C419682BE5C9F9D3BF588883DD8
:10606000EB180BBE5D237DBDA7ADEC3D97ACD3BC5B
:10607000BF07303D4C3F9FBCD5F55BBDCAFADF3D45
:10608000A6482D3DE11631BE38138BBE8DBA9D3E1C
:1060900066121ABE3762D83E81F482BE4A9984BE27
:1060A0005D20B53D95FD393EE574ADBD7BFDE5BD9B
:1060B000DA2C86BD3B60B53DFB2F6BBEA9EFFABD68
:1060C000707EE0BDB6A1FEBB8230243EC1DFC73C7E
:1060D000D9D5BEBC15E322BDBFCB393C51D1803CE4
:1060E00087298EBC3D98EB3D9DD5033E1FB60E3EE5
:1060F000037F79BE22E7823EF34EA1BE1C6A083EB2
:106100005022743E7E4889BE538D5BBEF17992BDAC
:106110001375443EDB82903DE52E293EDEE9023ECA
:1061200082C7F93DE4BF083EAEBF85BE77097BBE9E
:1061300007D4633E725C37BD2E39543EF75FC1BD54
:106140008689473E9B0791BDD55CCBBCD663823D1B
:106150007C06D93DB15A083E779F81BDA8F9D23C53
:10616000EE498FBE224F833CE7DEE7BD706001BE83
:10617000B7307C3DC8A1A8BD701CA3BA05B0213EB4
:106180001EF342BE0861C3BC1C8DCABD0F48AD3CA6
:1061900050DB67BE766E2F3D740254BEC53900BE1B
:1061A000EBDFD3BDE17455BDE8E5AFBDF92C843D0F
:1061B0002EE5E8BD34BD363D158BA4BDE472FD3D32
:1061C000E9A701BE87CE16BD703D17BEFF970C3EF6
:1061D000D0FD94BE471728BEBB0D343E24C9113EE6
:1061E000B7BF733DD87D3EBF510A9A3DC349E43DD8
:1061F000975DDE3C17DBB53D484A61BD6E4A1F3DE9
:1062000022E2213D76536E3D4185813CB1D93A3E33
:10621000036A613E32386C3E9E88883C57718EBD61
:1062200009DD373EEE87463E20F24E3C5292E73C77
:10623000AAA9DE3D8907ABBD075154BCD06BB63D62
:10624000F457883E86671DBE3549553E948B613DA7
:1062500056F499BE5735223E61F9DDBBA9CDB43E57
:1062600034CFE23CCE716F3C21639B3D7C38883C4F
:1062700039465D3ED382B83E744E88BDAA980DBEA5
:1062800095D0133EA07EDCBD3EDC88BD5E5D1CBDAE
:1062900026A80A3D2F05E1BDFE9952BC411B86BED2
:1062A000C1F7AA3CCF3665BEB094243D5B7F47BDA5
:1062B000CA3FF93C21441C3DDD3481BD24B1223E5E
:1062C000AFA62DBE341BE33E146EAEBD306405BEDA
:1062D000A5582CBBEAD830BD10491C3EFF4126BE54
:1062E000A6C9BCBEB49BC3BDCEF644BE1C2C743B39
:1062F000AC192ABE91EC1A3EA9548B3D9785813D7D
:10630000D0BF68BDA0142BBE4666E5BB493A11BE9E
:10631000DE6E36BD6AC5A23B1F6160BBB5D4D63DFB
:10632000BEEEB03DA9F8473E5BE8933DE5DA283E76
:106330002FAFCBBD2DA894BEFCC589BD547644BEFD
:10634000B127773D680466BDBC22B2BB1328AFBD40
:106350002F18B73D4EDBAF3E284F00BC43F769BE58
:106360005B5C35BE6F8CA3BC38E1D03D401A08BDE4
:10637000FE3431BA8D44413ED0D42CBEA90304BEB4
:10638000F946EEBDF85FFC3DCBF5DE3D19768C3D60
:106390003D1E8D3C26B6933D75887BBDD46C96BE64
:1063A000C523CA3DD7AB323E0AF09ABD873BFCBE3F
:1063B00077AB43BEE6CB13BDD87616BE864E4B3EBA
:1063C0000B4A383DC2F33E3ED41DF83D9DF8513E88
:1063D0008EA923BC3DA19B3D171EBBBC89B29A3D33
:1063E00005FDA33DBE6D49BDF6EF2F3E314D873D06
:1063F000327F21BEFD54D23D4273EB3D8838D0BD83
:106400002BEF7D3E2F3902BDFE64D93DFB7B003E64
:10641000FFDB013E438D57BEC6C7E03EFD99ED3C14
:10642000B090963D1D6B883D3155073E3041B63DDD
:10643000A0434BBEDCBD303DDFC1193E1BAC173C59
:10644000628A28BEB08437BE36E7863E955BE8BDDB
:10645000CE9F6BBDA300853CB7B507BEF6E5A03D5A
:10646000B55CEB3D0F1514BC2AB751BE6C2D74BC46
:1064700065DAC73D1B8AA23D2FD5FDBC6714C5BD9B
:10648000927777BEF72A473FB906D63BA558A3BDFA
:10649000DDBE03BEAA75C8BD11C3F9BCA0293B3E31
:1064A0004575163E78DB53BCBA95703E063D04BD7B
:1064B0002A6261BE2DD59FBEC7E60EBCF06F72BDCD
:1064C00024B362BE333BB7BE28541FBEA0DE17BE46
:1064D000C14DFC3C8A6C91BD07F72F3EE1FA10BE1E
:1064E000CF7232BD9CECF9BB41435ABDEF4A553ED9
:1064F000D185843A6AEAAEBDB02777BEC89ABA3D64
:106500008D14963D8C1FC83DD917BEBDA737F1BD70
:10651000E43F513E9C9C133EE6C3833D4B10B73B8A
:10652000C3C1733EBBCCA9BDB0CCD93D2785F7BD57
:106530005AD5613EFD4DCC3CF5B821BD92950E3D3E
:10654000AAF23F3EA6F2D63BBA0491BDA73F02BED7
:1065500083BC0FBE6CA8753E17088A3DAB48773DDB
:10656000C9F32CBE47BD9A3EF2440ABE341B9CBD03
:10657000B18AE6BCE4B807BE9F6DD13D90FAC43D38
:10658000BCA9A3BED791F43A322395BE50C583BDB2
:106590009C10513EF1364B3D529673BDFC22D3BD4B
:1065A0003EFF183E38733EBE5FD1A1BDF085C33DAE
:1065B00061CD413E92C654BDD3C6A53D654BF5BCE9
:1065C00070C073BE3FD733BD8AC08C3DBC25533DE0
:1065D0005FE0393EA11D81BE4078203E80E4223C30
:1065E000D30183BD66B907BEE006D33D530CDE3D43
:1065F0008D330D3EF969BA3DCCD9B93E19A5EC3DB4
:1066000030BC073DE874A33D9A4D513E109E263E96
:10661000BC4B4BBEE59084BE9475183EA87674BC06
:106620000E59FB3D60CE30BCDE08B6BD7C8DCEBDC4
:10663000B054BD3BB3273B3EDF6B11BE357EA1BCE2
:106640007CD39BBD72D1AC3E1F71A6BE1B028DBD1B
:10665000E3D30ABED86F013EC0B72F3E54D4883E64
:10666000DB3248BD597316BE9A3374BE89906F3EB3
:10667000D55847BE50A1CBBD060CD7BDD2C013BE66
:10668000978D81BD299A20BE19A1203E6C6903BE59
:1066900009FB123DB42C013E9B8F643DC7FE8CBCB0
:1066A000AA88713D9075D2BCFE481A3E6501A03D96
:1066B0006C07143EB21EBEBD0F69D33EFE416DBDD8
:1066C00022887DBD5DC6E7BDC934593DBACC7A3D4F
:1066D0009D4122BE223EBC3DFE2E063E6B194C3D26
:1066E0004365E93C998F0FBE177F203E5AEE1DBED1
:1066F000AABA35BECD1314BEFF99EFBC3A81F8BDDE
:10670000BAB037BE9C9B2CBE69EFE23DBEC6B9BD98
:10671000B41C2D3EEB23B3BD1E2A65BD542C5B3E3D
:10672000CF027DBE5CD01A3EFCE597BE145A6C3E8B
:106730003BC431BDF15F293E13C93B3E6E039E3D14
:1067400023FD0DBD9B98B13D8C568DBEE0A2D83D7A
:106750007A7E85BD4D2A0C3D606323BE47919DBD69
:106760002CB6583EBF2D673E39ECB7BD6B872CBDAC
:10677000155169BDF16EB6BD15C547BE35B6CFBD65
:106780009AF6A0BDADEF123EBBD27F3C427093BEE5
:10679000E85593BE7CEA37BEB06DF7BD4C21213F72
:1067A0001B4EA5BD13B3FF3DDDB8E53DC5AE533E61
:1067B000F22E5EBE05CE8FBE670D13BE5B683A3EFD
:1067C000EED8543E5FE08C3D674B993D4503163D46
:1067D000D82C5D3E1AB607BB728F7D3D71084A3ECC
:1067E00017ED86BD99B5ACBD409DBD3D5B642CBD2C
:1067F0003C11883B7245F6BC899F203D1510E3BDD6
:106800001C8C2E3EB197E73E5FCB743E06DFBCBECC
:10681000320CF6BDB3B41B3D06151D3EC8DB743EFD
:106820007E7843BE9DC476BE593A10BE3BC5EA3B56
:106830005A22E5BD8CFE45BE3799423EB35BAE3D64
:106840007CA227BEEE0FB53D71D6D1BBEB6065BC17
:106850005FFA3D3E2C1CF1BDBE9B6DBDD1CA17BE7B
:106860000AD2863E9C63EB3D233DFABD2A1E9D3C29
:10687000BAF20A3E3921D53CE6311E3E285CC83CBE
:10688000C8B964BEA232B93C21B914BE864D7C3E63
:106890000D3233BE24846CBDB7A01FBE9199303D2C
:1068A000DAEF3EBEEA103CBEF0145F3DA8991ABE76
:1068B000770F78BE819B51BE605DB53D54C34B3CA4
:1068C00010E104BE4AC2323ECADA943DDDBD4CBD81
:1068D000B60EAB3DF743AEBC202F403EA8C7D6BD99
:1068E0000206AD3EB1B2713DE908E83E41A2B03EBC
:1068F000DBEEF1BDEB6526BCF2C5AB3D6BFBE83DC5
:10690000E22686BEE9D013BDC9B8143DC5E24DBD2F
:10691000F5B4D53DD0D194BDEDFE47BD4A413FBE53
:106920004EE23FBE4285E03C3AA56CBD6553743DE6
:10693000EF2CFA3D68371EBE362A4B3E42F944BE64
:10694000C3968E3E67FB0BBEE59D3ABE183BAF3E3D
:10695000FC6CB6BC893FCBBDB137C2BE739AAFBE2B
:1069600058B87ABC39D49ABD536E85BDFDEF15BEBB
:1069700015CD49BE3CEBDABDA574DEBD18D6B0BD61
:1069800061FEF8BEA26938BE78EC3D3E1E0A06BD27
:10699000016F1BBD4400813C26C45BBD4FFFFE3D23
:1069A00065DA53BE6FB8853D1024033DF3F7CFBDC4
:1069B0004FED99BE401340BD60C8BFBC5588013A39
:1069C0000AE7AFBC5B50DBBDAB27DA3CEA533EBE07
:1069D00040C81ABDDC74C2BD2100543D869DDABD9D
:1069E000EE0167BEA5A490BE91E8113E651A233E54
:1069F0006C53BFBE808D253EE48AED3DB890B83D16
:106A0000E5573EBEE372CFBDAC922C3DC583B53D8C
:106A100008B489BD0AE6D1BD2B4F8ABDBB62DEBD7D
:106A200013629B3E8E5D2BBE027345BEC92E3B3D5D
:106A30008BF614BDCAC63FBE42626A3D2DB8D3BDB7
:106A4000D90024BC6B4B6BBDDEF519BEC19EE03D89
:106A500046EF9E3D4BC7CABDAF2FB43EE8407B3DDD
:106A6000D257DC3D1E681DBE7318E4BD0C1E6C3C85
:106A70006D02FA3DF9D236BEC86ACFBD8D680C3EB4
:106A80003A45523D3B20343EB6AB87BDF381A93D2C
:106A9000336B23BE0E78FE3D1303903D6FE1833EC2
:106AA000DB3E3CBD02645C3E3AAFD6BE683AFC3C7D
:106AB000F98B853D48D793BB45B2003E74377EBD08
:106AC00048970ABD01004BBB49FC57BE5F0B4DBE4A
:106AD0008000D1BC02F9F13DB26B42BE77F74F3E68
:106AE0005256513BDF5E2C3D2C15963D739F573E11
:106AF000A048B2BD3C271A3E1D64923D8788253DC3
:106B0000DE69A8BE21AE083EBB138ABE5C130D3DF4
:106B100036043C3E4495B2BEC8D55EBE2CF3023E60
:106B200078DBCB3DCAEB21BDF87B213E878083BD5E
:106B3000F7F930BE93DD643EB51F89BE4BCF80BEF2
:106B4000F19DDEBD926B11BE29AE0E3EB7083F3DF2
:106B5000C2DF02BEB95B643ECDABD0BDC163ACBC8D
:106B60008EE7CFBB836FD23C3A67933C604ADBBD74
:106B7000AB59C73D02562EBE6AAF04BEA95A6F3E3E
:106B8000FDA72D3E76A6E03C34718E3E747EBEBEDF
:106B90008C43CD3DF59F113C9B581B3EA6AD8ABD55
:106BA000EF84983D15882E3E7682D43E2E07163E01
:106BB000AAA188BE908517BECD29D53DDF603FBC18
:106BC000A26A3CBD7732393D6513AFBB81BC913CB5
:106BD0000A0AEEBD5FD13EBDDDB8953D8DF4073D9F
:106BE000DBB3F9BD654FC43CAB5D8B3DDBD1D8BD9C
:106BF0008398A7BDCC8F7BBD5D2D5A3ED90C113F2C
:106C00002DBE4EBDE321E63CE64EAC3DCA60D3BB93
:106C1000562171BE85964A3EF2059FBEE8EE56BEED
:106C2000450D1CBD10ADD03D618F03BEBE45D8BC27
:106C30003F9C0ABEBFD7BD3C0673CBBDB3D87BBD5E
:106C4000AB97FEBD4572C23C3E7F0B3EE88C623C7A
:106C5000BB83D1BB2B24943D3B0D98BC67FF6F3C9D
:106C6000D8FAEA3C9712F03DCEE6643E2AFC063F95
:106C7000AD73183E421703BEC75216BEA806663D46
:106C800011FF97BE312001BEF0A1343DFB742DBC35
:106C9000C342B7BDC039353E00E90E3EE001FE3DBE
:106CA000A1C52E3E438E5EBD5ED04E3DDC180FBEAC
:106CB0001AEAE2BD2E24393D3058203D74EDA73D3F
:106CC0000A482C3E6375D83D71E6BB3D6DEC973E9E
:106CD000ECFFB43D55CC8CBDFB8596BE08CFC0BD46
:106CE00037889E3D4696263E5C0F1ABE8AB33BBE51
:106CF000998979BEC08F163EA8708ABE9630F8BDBD
:106D00006A0E103E0BD6E13C1E25C5BC1A881CBD80
:106D1000F14356BE58BB333C8A1F133D1C9A233E99
:106D200099406DBDF63B373EBFEB4A3D9D86EA3D3F
:106D3000A34497BE0449413DE9EEAB3D7FF1033DDD
:106D4000AB17CB3D890CD9BE006615BDA90E733EAD
:106D5000891224BE2E6039BCA136403C81F04BBE66
:106D600032A658BED497DDBDAF57B2BE932D133DAA
:106D70002E1498BDEDBE38BED685A33E12FCC7BA10
:106D80008CE8563D91E0E5BC1BE25CBE6F34F7BC7D
:106D9000483A72BD901C483D89923A3D311550BD2C
:106DA00029A150BD7DB25B3EAE43643E25D69CBD5D
:106DB0009CF9B2BDFD10CD3D5AC37DBEAC65EC3D26
:106DC000F947EC3DB1CCEBBD4B39803DD5E650BE2B
:106DD000911228BD9E5C50BEB7452EBE625B27BE99
:106DE000349EAE3C1C9607BE3FAEE83C1A7B663D27
:106DF000109031BE010EAFBD170436BE9C83B03D6E
:106E000047B9DC3D402731BD4554583E6F3E0BBE6F
:106E1000BFDABDBD9269B93E606D8B3DCCD0603E9E
:106E20001668C53CF06DE8BD097C753E8CECFD3CF8
:106E3000614A833D667A2C3ECCCA0B3E317AE0BD76
:106E40005D7EACBEEE2D093EB88BAF3C5685C53D90
:106E5000CD77D43D7D8ACBBDEAFBA23D535A3D3E62
:106E6000AE56A13D47B7FE3D6A8A42BDAACBD0BD12
:106E7000C0E5CABD7A121D3D7548AE3D61C0A93C52
:106E8000F425C43D9E514CBE4A7B763EB22B9ABE41
:106E900011BA0ABEC66BA13C82ACCE3D6C0BF73D6D
:106EA000EE80AFBDC2EF38BE405FE3BD9409693EDE
:106EB000880CA33D396DE4BD25D0903E19EF283EE6
:106EC000F631FCBDA9F24CBDC4497CBC430E54BE96
:106ED0003657BCBCA2DF64BE54E7073E02135C3BDE
:106EE0008BEF08BE08450BBE9DB7A33D9A322BBD64
:106EF000BE2D08BE02E4DD3CA004883E08EA9D3DAC
:106F0000970D1C3EAA56863C2DE8B6BDDA560ABE41
:106F10008E09B63D9104933D9FD30A3B18722EBD56
:106F2000F3418B3E34AC98B9F3495BBDDE17A2BE8A
:106F3000309A9ABD77E4333B485F1E3D6B439A3DE0
:106F40007630A63DBF09133D7475863D022B8ABC81
:106F5000A1F1E53D79635CBD352288BDD0EA15BE5F
:106F600029D809BEFB8B393E63E50FBE26AF84BE30
:106F7000232E533E223BC53DBD05AB3E39AA073FFC
:106F800026C3AB3DF548253EAC9636BE4098143E30
:106F90008C38E2BEEB42B03C5DF242BE46FACC3CDD
:106FA0006667B1BDAE96E1BDA49E023DD769E5BD61
:106FB0000F75993DEB1CE1BDF831D4BD97105ABB5C
:106FC000FF6932BCB0181A3EFB83F4BD9C9B87BDA1
:106FD0006F5BB53CB670633DF6E64CBD01B41DBEBB
:106FE0004DB3C23CDEA3FCBE0AF6043D10239A3E1C
:106FF00031F4F43C937D903D38BB13BD7124253EA4
:107000001682F53D76117CBD4933AABE7E650BBE66
:10701000B76FF13DF0D7973C5926093EF4EAD3BC4F
:10702000A395A6BDBB2A6D3EAE1DD93A4A3FDEBD33
:107030007063EE3C3D75C2BDC8E613BD30DF6DBA6E
:10704000F51D273E7D4B56BC71F285BCF9DAB8BE02
:10705000A7CFF73D5E87C7BEA80F8C3E25AA423D4D
:10706000B1AD72BE17DBE5BD6E4041BD2B1C613E6C
:10707000F7AAC13B769D12BD67168B3ED974E1BD60
:1070800030424D3DEBBA213D7ED1F2BC567360BD1E
:107090006916CD3C67A268BD09EE063EEC2678BDB8
:1070A000130E4EBD3E8F0BBE3B2281BC6487763DE6
:1070B0003C83A73D11E7A8BD703C573E343C4D3E94
:1070C0003FD4EBBD507AA2BE12AFE0BEB98892BEEB
:1070D0007B68C6BD416A25BE936B1F3E5643A73CE5
:1070E000DEB3A23E99A7103E2CDC183E83AF44BD10
:1070F000EEDE5F3C2D90953D92D07EBEC9D79CBD03
:107100008C5187BE8651633E679AAFBD2BA98C3DDB
:107110001B0969BDAF51163C5E0B853DA78D60BD57
:1071200022761FBE25854B3D9BD0C33DAFE6D9BC23
:1071300098E4213E9DB5C43D552ED83E8F0B1EBE12
:10714000CB7EE93C42B77BBD5CFB6EBD552D06BED8
:1071500033B4373D9AF3A53DA152823E1EF7CDBC14
:10716000BE7C9E3C51FA353D5675A33D7EBF623EC6
:107170007568A23DBA2D31BE65CC1DBDDE05573CFC
:10718000C3FB6EBD3E8142BDEFD341BEB92DBA3DBA
:107190000CE627BD73F336BDDD9287BE2D98483EC1
:1071A00012A2A8BD7D9C803E0E6C2EBDD3E146BED2
:1071B0005F9A373ED675333EB570F3BD5FBF2EBEC6
:1071C000A5BEC8BDF92F30BD96A786BE704129BEA9
:1071D0001AC164BEC98F823C1BAA9B3E4D54CA3C57
:1071E00009F861BDE73F203D812341BEF16381BDC8
:1071F0003C402CBE4A8D703E4ED7263D349BCB3D45
:107200005F14AC3DCF89673E118EA73D7C3F713E38
:107210001C68FDB9BBCFD9BDE9E8C23E84A4E83DF6
:10722000E73A413E2631E0BDF28A953DCF0E59BE88
:107230000AB43A3DC68AD7BD4F5E963B0ACFCD3DD4
:10724000D25896BD29C7563EA80902BDCE6FA63DAD
:10725000EBD7413E3FC6853D0627D83DCD3BAD3DF2
:1072600045F75F3D63F3EFBC2B58EEBD56B7413E8B
:10727000B9923FBDEF998CBD3CB35DBE368E973D54
:10728000729E3C3ED58FB13D20D6273DCCC7EFBE88
:10729000961C0FBD5B33C4BD974DE63D3143D73DD2
:1072A000986282BDBE5E25BEDCE9843E4F778B3E90
:1072B000A33EFFBD88A20ABE94CEB83D373D113B28
:1072C000ACF4113E17A40CBEF820C5BD412212BD7E
:1072D000AC93B43D04745A3DA6B18ABDA1AC243E22
:1072E0002FD6E03C4875E83C20E4A3BC6C3C6F3EE4
:1072F00020D4A03E56CED6BEF63357BC09C9A53E13
:10730000C6D81EBC757B2DBE2D4E96BD6D1E5ABBBC
:10731000F96E973D05137D3E5579B8BDB46456BEF0
:10732000D7DB17BE642A03BE073A3E3EB8E2D73C1D
:10733000A401583EF492103D426AA0BD87C41CBE11
:10734000A1FAA0BD799143BCF61D793E9A21D9BC22
:10735000D48A15BBAF64BEBB250872BE36FC113E95
:1073600079AA103EA141CDBEF795773E09C3B7BEBD
:10737000FCC7D23DFA0D403E24BF36BD3C1C4FBE7B
:10738000B30D8BBED20EA63DDDA8AFBCB558F73D00
:10739000263E903CC847D23D4B80DA3D008C0B3DE9
:1073A0006DB9583CA4B9733D860B49BD6F37E73DB5
:1073B000B0E0AA3D49F87E3D1AC4893C022B3C3E10
:1073C000E59548BC2F83AC3C349653BD23C877BDAC
:1073D000CF4189BDD53AFBBDF3F0D73CDFB329BE21
:1073E0007C1789BE84100B3ECC26043DF8421C3E1F
:1073F000DA6018BDBCEDB83C5230E33C0D0F29BE3D
:10740000B7622DBE9D2595BD8569AF3DBA614BBC68
:1074100058F96FBD6727583E52BF3B3E476515BEC2
:10742000939922BCD318E3BD145365BC0C3DC73DF2
:1074300092E6013D9A8EB7BE854992BD5E0F52BD60
:1074400014D2ACBB724CC8BD098D3EBEFFA251BE6A
:107450001A45F8BC4D2AF63DA7A594BC218C23BE45
:107460006B63E4BDD235833DF3A384BDF3504EBEC0
:10747000E78FBB3D1C6D2ABD592BDDBDA4E369BE62
:10748000B88A92BE10C8E23D5B18933D1A1E8D3C2F
:107490005C1AA3BD0E5408BEC8F034BEBEDEEBBD00
:1074A0008D9A4DBE305860BE64622FBEF644193EC0
:1074B0001965E8BE6691A53E9838D7BED1D487BE7F
:1074C000C5F8DABCB6D4E03C1C5E26BE846F01BEB3
:1074D000DD59FBBC47128D3DD8FF893EEFA25BBE54
:1074E000B0CB7EBE3AA25B3C91E93D3D186F3EBEFB
:1074F000A4A0BCBD1B0168BDA03BD8BD61E49BBD81
:10750000F9BF0FBE4D5E0F3D5F14983C970DBA3D1D
:1075100041FF55BEEB04C5BD8563953ED77C9FBD3D
:107520003E67B3BE867D5DBD07658ABE70B355BD3F
:107530000871BABCB6DB96BD5533E63DEC05A7BD78
:10754000A549E9BDAA4E95BD2AE30D3E62EBBC3DBF
:107550001DEF1ABE991F0FBA7334BB39C6872B3E75
:107560001633E83D50EC563DF4E8513CB316033E6B
:1075700020129FBDFDD8383EE8EBD83D99753C3DC3
:1075800017EE2FBE2794223DFB077BBC833A123EA9
:107590000E782B3E2A3FB53D3894A23E0DB3C4BDB4
:1075A0006CF290BD5AFCD03D0ECA023E201AB03C8F
:1075B000F326D7BD2A8474BD4F2DE83D436356BDE5
:1075C00004F616BEAC4DFCBD0572F4BDD61BAF3E35
:1075D000B399C13C901EEBBD6BCE043D0D9D463E64
:1075E0009827973D3D97453E1D8D1CBE9577433DA1
:1075F000E53F02BE1E02493E634981BE70FA48BEA5
:1076000017CCFF3D42FC24BF1A6ADE3D7564063F7D
:10761000F09A06BEDAF887BD84E4E03D6E8605BECA
:10762000B70790BEBBE08D3EAE9D00BD90759CBE81
:10763000BCB5C83D0A46143EC7D5BDBD34B91EBE53
:10764000E5D7A83D05792D3E1F1581BD621D4E3D34
:10765000CA1C1B3C059B0FBD6F6501BE997D883D13
:107660005B3CD03DCF0934BEEC1F60BE2C72993D0F
:10767000B83D813D190A0EBED8E7883E5368073DE4
:107680005F19443E35552B3E267F33BD6277183E49
:10769000DC3915BE9D7C77BE17AEF53D137B573E9A
:1076A000B59DD93C8C8DCA3C992C30BE9269383E30
:1076B000589F083E75AFABBCE631993D173E71BD92
:1076C000AF029D3DAEE9D33BE77312BE84AF0B3EE4
:1076D00079F23D3D81E021BDBF6081BE9DFB623EF0
:1076E000095E7ABC43D167BEBFFF8EBEABBD713DA4
:1076F000492D443D5A28073E43013ABDA4E960BDE7
:107700000902AC3EC00BB1BD16B1403EF107A5BDAC
:10771000640D42BD8B8E8DBE9E17B03CC7CE243DFE
:107720002EB044BD6413183EAAC85E3E9B5303BEF0
:10773000144EF0BD8B594CBE3812543E2E8A82BB7B
:10774000EE4A4E3E01DF1E3D4F0BA4BDB186ADBEDD
:10775000F0516ABDEF86803E57B6893E6FAE273F37
:10776000E85E993D31ADE93C12F6273EC9A9C73D17
:10777000E9116C3EA0343EBE44E2843E94D487BD01
:10778000FCA847BD5664B63D3DC951BE140414BDA6
:10779000AEF030BE39E6A2BD761837BE8708B9BD57
:1077A0002F2D73BC91EDBE3D4CC4343C37521F3E6F
:1077B0009811893E13A50D3E893555BD14CC1C3E4C
:1077C00001DD04BE3F4E873D362F62BE542EC2BE41
:1077D000F34DCE3D662932BDF39D803D49DAA03D93
:1077E00093C8BB3E1B2C733ED4769F3EBA8542BDE8
:1077F00065C01ABDCDD34EBE1C89BEBCB4061DBE2D
:107800001B46E43CC942743D6B8E1A3D64AADDBC44
:107810005787B33D51702ABEB5ECE9BD8D0431BD2B
:1078200088EA17BE3D8C3FBD003FB53DCF7382BD9A
:107830009F218EBEFCCE8BBE5A88A0BEB57E43BDB6
:10784000E81E853DA27B293EB8EE43BC7B40313E1D
:1078500086D8883EF485413EE49DB03E777DB33DB9
:10786000CD73E03D559517BE0030803DB8C708BECA
:107870005D54A83DFFAC17BE0576C8BD4A4D083E15
:10788000C14042BE7DE0013E8B301D3EF15DBCBD7E
:107890007BFE8ABE98FCB2BDB76F8E3E0BD0913E88
:1078A0009EB35B3E7A4C79BEF2683D3E7B1ED6BDF0
:1078B000E60E113E6357033E13318E3D6FF3663D76
:1078C000408C1F3DA62882BC4EF13B3E05C297BDB1
:1078D0009809063D8AAE92BD832880BD1A20093ED4
:1078E000446D29BE7C92F03D9F06873D35A329BD9E
:1078F00068D82E3ED75C5EBE60DB5A3ECD06013EA8
:10790000C380923EDFF8253D4C8AA43D680D47BEFA
:1079100003250BBE62EC203E92ED963ED196843B51
:10792000F714B0BDEBE5A9BDD4B6C7BD3511153E02
:10793000267CC23E078DBD3D9B90923E78C282BCA4
:10794000AF8D0BBE8438913BA5A848BD508DF1BDCD
:10795000B6804E3D423A5FBEBEB74CBCFA07CFBDC3
:107960003435DF3DD0CA54BDEB0EBCBDCAED9B3BE8
:10797000B5FD1DBEFCF370BDA73023BA84C95FBE40
:10798000F3E6993C2740C4BD363C8BBDABD5F2BD78
:1079900042EA0EBE527B443D9DD81CBED8BD84BC7D
:1079A0009B4E2EBB3C07E2BD17F0903E6A85813EA0
:1079B0005E9BB03D21E8003DF22A6A3D1BAF253EAB
:1079C0000439E43D9804373E2DB9BCBDF694B3BDEF
:1079D000BD98723D173FF43C2A343EBE4C67BFBC95
:1079E00043C8D5BD22F383BDCD70883DA910063DA7
:1079F0008B69B83E4B88263F4979553D36F7B93EED
:107A000089481EBDB42937BDDE61A83D60C0D33DA5
:107A1000ECA8D93E2023173E1EC2853C39B1D83D83
:107A2000AA5EC33C83E011BD98FB423D369A8DBEF1
:107A30006DB321BE530EE6BDAA9F69BDE248133E59
:107A40003CC18A3E4C79FDBD37168B3DD37E39BE95
:107A500023A7A33D326B3C3DDFE9BDBDF929B53C11
:107A6000907DFF3D0E4F403D60A755BE9F23C2BE97
:107A70003D9C6CBCC96B3B3E2F29073DA29D583DE8
:107A80008AE6273E89858A3E6F09C33E853F043DCD
:107A90007E0037BD94CF283DA25314BDF36FC2BD05
:107AA00069250C3DC6035FBE77C1143E9F5D5EBD78
:107AB000706A1C3EBC73F33D0F45533DA27A87BDEF
:107AC0004E5DD7BDB34B0BBDF2985CBDAF7DEC3DB9
:107AD00075CA43BE4DC9D4BE6FEA10BD99ACCABECB
:107AE0001585C2BD151EAF3DC611883DDA7EA9BD04
:107AF00037DA6D3E643C393D89FECA3E6D4D3EBB72
:107B00003D3FE23DD6760FBECF3BDA3C8E98A3BD1B
:107B10003A182D3BF6432C3EFC4656BCBB6D103E3E
:107B200030D5AC3D352C363D0CC2A53D4247133B0C
:107B3000D3083F3EF3CBDA3C8BF19B3DD16137BE9E
:107B400086BA883C0A4939BE74020F3EB11D253EF3
:107B500042579D3D2E1C28BEB2F3DEBD8CBD9A3D22
:107B600021B9AABEF60F653D2F2675BE48BA99BE4B
:107B700016667E3ED50FAE3B5F788B3B2B98953DCE
:107B80007A9D313D0FFBCDBDC0ABD43D60906B3DC8
:107B900067CD5A3E946F64BDD013953DBB215B3DCC
:107BA0000A6D553E92F418BE895161BE883EA53DCE
:107BB0002CFB1F3C0BEC9A3DECB5C8BE06012BBE5E
:107BC00097513EBBBFD9F6BD428008BDC9D55FBD48
:107BD0006FBC9BBDE204553E8192D1BD1BFD41BEF1
:107BE0007897523ED3EA31BDD3DF8ABD4918A4BC91
:107BF0006811FE3DC4544E3EB7DA04BE0573D8BCCE
:107C00009F7CFA3D25440CBE74DE9FBDF7A081BD6C
:107C100029B512BEEC9ADFBC877947BE5D85073E69
:107C20001A4916BE8B2D5B3E2AAF3B3C360B993E64
:107C30008F42923B7D222C3EA7B118BE769CA23D7E
:107C400078B0983DD815563D0A1904BEB0A76ABE53
:107C5000F4702E3E87FC76BE50849F3D9DE6B9BDF4
:107C600053AC853C561C26BE7ADF0DBCFEC9093DCF
:107C700071B0F63C24FD403CABC7AE3DB07D8F3DBE
:107C8000CE4AE8BE5D2C013EB88E3D3DABA09B3D8B
:107C9000E7DB823DD81EB3BDF2D5763EDC3554BD60
:107CA000CC7A1DBD77EA103E1D2F1ABD9E50EBBB4E
:107CB000BF6EF6BD298451BEBFA0EA3D01B34A3E66
:107CC0007C0D05BD6ADE9BBDD1BE45BDD0F20EBEAA
:107CD000C334343E3847E03CBC86413E3E8BE1BD78
:107CE0005EE2193E9F2ECABDF7535C3D4266093DD8
:107CF000713677BD4FEA8A3EF45E343EC762AEBA53
:107D00007C76E43EFF80AE3E5455A6BED25F3ABDBF
:107D1000A6503DBE70AC14BE3748ABBD26379E3D65
:107D2000E339A93EC492B33D268FDCBB6852313E95
:107D30000D57093E734E063E7DF874BEE677B3BD1F
:107D4000D007C8BC914D12BE51D306BE0975ED3C9B
:107D500012C4553DDA7309BEEF4DD5BD550F0DBDAB
:107D60004D8A6C3D4354363D969E673E3B62FC3CDB
:107D70008C344BBD3A1F4B3EF5B50F3D4E4C143D78
:107D8000CF53D43DF794A43D0D8593BD5B8A543EFB
:107D9000AAC88D3E83271EBE627BB53E0821A73D43
:107DA000DDC608BD2A79883C81FEE6BDC4B266BD49
:107DB0005EB21FBE613382BEBAC0FBBBA9E3443EC4
:107DC000A68EA8BD6A9E33BD2939613D3FD8F3BD5B
:107DD000ADBA2F3E3CCFAA3D89699E3C330013BE0D
:107DE000417AB1BD51E3983EBD84963C02CFAEBD11
:107DF000658E90BD1A8F803DE5C1D8BDC759A6BD1F
:107E0000392E133EB4BBBE3D0BA58DBEA83182BE3C
:107E1000E843BC3BB246C63D901635BCDDFD313D66
:107E2000C7BD64BC2D9333BEDA8790BD35D88DBDF8
:107E3000B155583E225081BDA4AEF83A6CF20E3EC8
:107E4000193BCBBDAD240DBC7389AC3D58DC44BEA1
:107E5000EFAC953D21ED5C3EC443253E24D924BEC4
:107E6000A504F33CDCD8DD3DCABBDB3D4572283EB2
:107E7000C490DE3B74A97E3DAE004B3E27F3213E0D
:107E8000FBCD8C3D2EBC003E23F98D3D2B05FBBD6B
:107E9000BD4F153EBB09103E628DA83D274538BC3D
:107EA00008B207BDDAD090BC932BCDBDB46C5CBDDD
:107EB0003F398FBE4DF4CF3C4C73013CF0C027BD21
:107EC000136D3B3EC958A93EAD50BABE77EA29BEF4
:107ED0004BE61C3E7E5F90BCEFE4203EA1B01DBE91
:107EE000C357F23D008C653EA3D153BE5FE98BBE04
:107EF000B720523E739083BEE08CEBBCF08804BE8A
:107F00004CC4BDBDB728D03CDBA6063E849F1F3DB8
:107F1000C04D273D7A20F9BDBBCEA03C69AB06BD64
:107F2000703D63BD63FEEEBD1C6641BE7D8F93BE9A
:107F3000228713BDDE12B83CC193053E7D0BB4BC55
:107F4000E07E153E94DA833DFA67643DD6F8633EE1
:107F50004B0FA4BE8A1B98BDA4DE1EBE302BCA3DAB
:107F60007F431FBDAF65DC3CA138F7BDEAEE833B24
:107F7000498117BDA6C49FBDC76C99BDB7BD973DCC
:107F8000BCF40D3D249D19BE89E94EBE4CB3D2BD53
:107F900031BB253D1B5D643D611DB93D2B0E6F3E20
:107FA000C08406BDB26F03BE2B7455BC7137F4BEDE
:107FB00025A38D3CADF9943D675FEABD8A4653BE6B
:107FC000B47698BEFBC617BE25AF19BE2AE7E23CC1
:107FD00051CC40BED04AEB3D3C93C23D4ED55B3EBA
:107FE00071F803BD7028493E1D10DB3CBEAF4EBC8E
:107FF000D4A0A83D3001C7BD452F1DBD862983BC37
:10800000A8109FBE9782863E70AABFBB670F103C28
:1080100032D2963EC5F2BF3E7A28813E6057F53C8B
:10802000165C3CBB23EA353DBBC4C53DA184BD3DC8
:10803000DB0CBFBEB6A7AABCC84891BEDA15CF3DBF
:10804000CB899ABD841F1A3E41C49F3D5C9228BED5
:108050001E5B433E78539B3D397EE3BC118A9ABC3C
:10806000EAD0673E21DC20BE6293D33D4A8F2D3E8D
:10807000F46185BDF9D70ABED704FBBDDDC04B3C1A
:108080004ED7CEBD3836D13EC16694BD38B2ABB7FF
:1080900060B4CF3D32BE8F3D5F87583DE72B58BD62
:1080A0005C89C4BC465589BE1616423E3AFBE83D83
:1080B00007F03DBC16C43FBEF9F59E3D9C3B02BE99
:1080C00064EA0ABE2F8683BD6B091A3DDE16003DA9
:1080D0007D0250BD43D0273E01DF723D320C823D10
:1080E00067CAFE3D09F8733E5F81113B558482BD2E
:1080F000B13505BEF87CB9BB01C7563EA35453BD8C
:10810000D0BF83BD3E3BA43D91E8313EDD991F3C8D
:108110007B0B883D39124CBED6DC8F3E13AA8F3EB6
:108120001163EDBC8DF40C3C957313BED80E553E17
:10813000D68B36BEC697FEBBE91D7B3C7F33CC3D5C
:10814000A09CACBD1F7AA53D8DBE10BD22F2903D16
:108150002304A93D07FC07BE045056BD6E3226BE5F
:1081600036F4C13D03B330BE51FB0ABD09258DBEB7
:10817000B3CF5ABE4A46D2BDB319C4BD3CD01A3E95
:1081800038FF973E4E3D8EBDB71CAE3EDD351E3EE0
:10819000513F223E88E6DEBDF10C3E3C0A67483E78
:1081A000A32301BDF256943DC0898BBDC02A2E3C4D
:1081B000CFC8B1BDFD87EB3DEA74BA3D9E739DBD4E
:1081C000F45006BE92EE293E615FCF3D6896303D89
:1081D000E4F32D3E03AE4B3E6F5E453DB93B58BECA
:1081E00035B6D93BA5799ABD1A96DDBD8628433EA2
:1081F000589C993C4F4B4C3C7093813E487F5C3E71
:1082000040FA79BCE5D75ABDF5EFCFBBD08EC2BDE1
:10821000EAA0733D1DC9C03A9105D4BDA8F6243D1E
:1082200011C846BEAD2CF73CA9C0E63D4B08A43DA5
:10823000B9330D3EA40A6CBDB660413E62415FBEDB
:10824000BD19E1BD2C621BBDF079593E5D63083F4D
:108250003636ECBDEE7FB73C4DA0253E75E2323C94
:108260002568CBBEED2480BEC7F55EBE00572C3E10
:108270004448563EADB5B93DB6F3973C0791483EEC
:10828000D70C8ABC99FED63DCDBB11BE7577113E89
:10829000966DB9BD60B69EBD0894653C9809503C8A
:1082A0007A27463ECDD555BD90D7263E824100BDAA
:1082B0004D858C3E88050D3F5AAE1CBEF36C16BE34
:1082C000B4C0E2BDE89D333ED45202BE5061FEBC54
:1082D0009F1FEF3DCAE5063DDC52CEBE474117BDAC
:1082E0003728463E7C3F943E4764263E379ED4BDA9
:1082F000F421A03DB7D2A3BC39D349BCF279FA3CF2
:10830000974B25BE7D7049BD9DBED63CEABC2C3E38
:108310006198B8BD9118453DC52E323E5DB55FBE32
:108320006C062B3E30BC7EBE929B0A3EBD55363F4E
:10833000AB6849BE6EC612BEC382A13DA389C83BCD
:10834000AA7984BE14AA20BDB2BBF7BE79208FBD26
:108350004AA84A3DDD04D43D4BC755BE06F5C1BD14
:108360008ED51E3D504922BE2491BB3DE4E9A83C78
:108370000A3805BC948D663C32C2173E7163FC3DE1
:108380008BAEA03EC80A89BE94D44EBCD04CCFBDA3
:108390009F6336BECA26C53C31CE52BE5F65943E51
:1083A0006D61B7BC40BE703D57B12EBEA6AE95BD47
:1083B000DC6A873D3390903E0ECD48BE963B94BE1E
:1083C000227A253D2C7F033EA492A0BC471C74BE9C
:1083D000419148BDBDAE043E4616433C9FBD183E8C
:1083E000F300083E5387513DB66298BC9E0B84BD96
:1083F000FD41E9BD72C3A83C762041BE212AA93DBA
:10840000C5666A3D756F7EBE4B1F98BEC39E213DFB
:10841000C1310CBDA36249BD01CB213E7966ED3B64
:10842000E541A13EBFB0823D7F791C3E13E497BE7B
:10843000DA953D3E7604E4BDF3EE75BD89A3083EB2
:10844000B9418A3D1C6A26BE15A12FBE327BE53D8F
:1084500075EE80BC7B9E983DCA50BEBD603E3BBD64
:10846000D146DCBD07FD85BBE43C4ABE62A5743E37
:108470004EF8C9BC723B173EC12909BEF89768BDCA
:108480005DE53EBCAB250F3E615F0ABE048F55BD66
:10849000D386E4BD4BE0423EC62CB2BEB007A3BEBD
:1084A000845B09BEF67C0EBE1AF7553D7B31D13C8C
:1084B0000C319ABCE8AC463D6FF7FF3D93F2ABBD83
:1084C00057CD9EBD0758C63D31A46E3D930BF4BDFC
:1084D00062A83ABE572BE23CCB7DEABDC14078BED4
:1084E0009B3D1CBEADE9933E313FA6BEE51F653EF8
:1084F0005C2FA23C00A7A73DD741173E24C2863E71
:108500004A7124BEDD3E3BBD6ABED0BDB0DBCA3D74
:108510009C661BBE60B4003D1CE022BE18F152BE3A
:10852000BEB6F13DDB57D8BC06883E3EEEEC523D70
:10853000DE18DCBDFF9181BD4180BB3C2019023EAD
:10854000C6BEF0BD5ADC9CBC511BB23DCEEEF0BCA9
:10855000D16C133E67148C3D47BFB23E092B043DDE
:1085600076262BBE67100C3EFB0F4B3D3A553ABDAD
:1085700079ABA1BEC2CA71BED83BE73DA0F3283C8F
:10858000F11B28BE6F351BBE6542DD3D2970F6BC70
:10859000767F2CBEE31182BD791CD1BDA47F0B3E3A
:1085A00090181A3E59ABC7BC440DC73D61D2C8BD37
:1085B000CF180B3CBBEC4BBED39F5ABD1D23EF3DE8
:1085C000538295BE9353153E90ED7CBE198E61BECD
:1085D00087A4F6BD6B4D363E33E89DBC981A05BEA8
:1085E000AA936F3EDEBF3DBEF84A783ED910C13E29
:1085F00006F1D5BD5370693ED18DC9BD06E58B3DF1
:10860000E64A9D3D646995BDFBB904BDF638F1BCF1
:108610008589153E507F9F3B56CA38BD9FE0433E3B
:10862000BC3097BD063F8B3D00E3823EBF3887BC20
:108630007D9DA63EF69E103D257F4C3E92773C3EAA
:1086400061271ABDE9F7C43C7F95B8BDDA6938BD2A
:1086500023F891BEBB34193D195131BC496508BDA1
:10866000B4984DBD1B6BD5BD3032FC3C1DBF2DBE3B
:1086700088CBC83CAF2EEBBD3AFB1D3E58AFFABCD1
:10868000DF4C52BD81DAD4BD68D199BDA1A82C3D83
:108690001D67CF3D739F743EF24521BE93E006BC3B
:1086A0009E98553EF80A8F3E7EFD7C3ED871C0BC38
:1086B000B15580BB0E6157BDEFDDBDBDF7066A3E0B
:1086C00090708A3EF9CC74BE9BF6DB3D3D80253E22
:1086D000139DCFBC9A05BBBDB8DBE33DF6FE3C3E27
:1086E000660243BD92AA05BE9B39463DBAA2E7BDCC
:1086F0002610A13D32E856BE09FECCBD91E097BCE4
:10870000575A673EC82192BC527703BE50C7E9BC96
:108710005767A03E6C8C2F3E5B668EBD9FC27ABEB3
:1087200054D6AABDF7D269BDBEFDB7BB2715423DE1
:10873000EFB7793E4D7F733DCDB8B13EBEF5043EF7
:1087400005C0F83D72D11F3E0B2799BC1FFF403E6C
:108750003E2F1CBD51B8143EF6C801BE8268EC3DE8
:1087600054FC563E9DC9CF3C314836BE938A1CBD51
:108770007676CF3D43CC0B3E1C7396BDE7B9893D61
:10878000B6CB56BD08F1D6BE7AF5063D5B34383D12
:10879000ED7F36BE46C413BEE73914BE49AE0FBCEA
:1087A0003C57D13E09DD59BB8F4B5B3E77EE42BE55
:1087B000FAF0D5BD221DC4BDF61F58BE3139C3BD68
:1087C0007C3ABE3D2DFA9B3DC6ABC83D1ADD07BEC7
:1087D00076C8F33DC9915C3D1B5E323E0FDED03D55
:1087E000FC726D3D299418BE71E7423CD75E94BE81
:1087F000EA192EBED0FAA43D966D31BEE5C041BE49
:10880000E15AE3BC96B7E93D7E9CEABD2358203E81
:10881000A553233EA2EDD33D35E050BE5358F13D64
:10882000BDC9FFBDC6D2E8BD2C814FBD5D68A0BDEE
:108830009BB2BE3C802381BD7FF6233E033ABABD86
:1088400066D83EBE036149BE2236CB3D5437B93DA2
:10885000726DA6BD9341E9BD5F7F733EC54741BDC3
:1088600038DD4EBDEEEE42BE1A5E223D097DF73B7D
:10887000D5C1BE3D90472F3C7F2CD93DE916303DF8
:10888000190A733EF57F953E8F73C9BDA57D94BED1
:1088900075A6C6BC751E51BDA19C7D3E8CB42B3DFA
:1088A0004F3F5ABC2753303E5B5888BDAFB9BF3DE0
:1088B0002E0EDCBC9BC2E1BDF92DC5BDE5EAE8BDCD
:1088C000BDB999BE4943C1BD804460BDBBCDA6BD05
:1088D0004A99A73E02F3E93EFA2D273DA3E38A3DDC
:1088E000866B09BE7C671EBEC460803A0A67253E5F
:1088F0001A264B3D0D08313EE65BA9BE9F59BB3D94
:10890000224D9BBC1AB2483E6E125DBD1D3B16BE89
:1089100069D63B3ED19D8ABD36EFE33D7A1209BE52
:10892000318C393E54F1263E2978053EE41910BEBB
:10893000A5DF7E3EF90344BD73D223BEA58A85BE62
:10894000EBAAE5BDC0B0223ED177B3BE50C3503EC6
:108950009ED9463DA74B383D7F54283EB3EE0BBD14
:108960004BC0E13D8C025E3D56356C3E6093C53C8C
:1089700087293DBED257AE3CCAAB5EBE23A6633E3E
:10898000C3E4F03D07AA2CBEDBFE68BE378D22BED5
:108990009E6830BE9E10BB3D2BE6CF3D7DBE243E83
:1089A000330E1E3E2667383EF594F53D1489463E4B
:1089B000BA6E6FBD09F5FABDE5CC22BE7F6775BC06
:1089C000FB68E13C8A5A0F3D1270663ED501463B7A
:1089D000C93D15BE5BCBFABD85DC4B3EC0F0873D83
:1089E0006D5D403E773123BE65D2A13CE23D5A3CED
:1089F000E40D2FBD3FB8883DDC2BB33DEEF781BDC4
:108A000030221EBEF7EBA63D0F42573E45005B3CB1
:108A1000BFEC86BE40BC853D6739393E123B453AC6
:108A20001B9F84BC6EDD693DA5F591BDF36D4F3D87
:108A3000C4BE863EA8CBB23DAABA8F3D63F9893C3D
:108A40002E68823E4F7DE0BCDA3F80BED6F4D13D39
:108A5000C7D914BE8A7C19BEAB7B683E6D012DBEA2
:108A60003F189FBDCAEB053D2AAD883D2937C23D61
:108A70006033373D384DA5BC1D9F12BDCB75043EFC
:108A80002EAAEC3D67C7F6BD5F74F6BC83CE9BBDD6
:108A900016FA3ABC95FFCD3D32AA713EEEBB553D6C
:108AA00031FBC4BDFE2F1BBE34A1BB3D5820843C0E
:108AB00089DD543EC8542A3CF438A33D240656BDF3
:108AC000FD5D5B3EAC2DEDBD80A8DE3DAD4C55BEE1
:108AD0006038EC3D2DF62ABD89E2463EA82991BCBE
:108AE0007E469BBD1D12383E496EBEBDDE4806BEA9
:108AF00014BF28BEC410843D903E24BE38E885BC17
:108B000095E34CBC974AD83D9EA877BD708EEABDD0
:108B1000F3014B3E665A7EBC1E8E46BD1A4CC53DC7
:108B20004169EABD1C4F053ECA79ACBCAB30203D63
:108B3000767B2DBD47A9D4BD833C7F3E8AB8F13DED
:108B4000BB4B143EDE9FBF3CB1682B3E493A7A3E98
:108B5000865E203C9589743D3D2B293C46932A3EF8
:108B6000C61B603EAEF498BC45BF363D6B95F23DEA
:108B70000A6E08BD919C0BBE316CF1BD6C2846BDE0
:108B8000C919503E1E0FA53D887667BDDDEC78BD46
:108B9000B654A5BADEA8243E101BE4BCF4034FBDB6
:108BA0003786973DF2E36D3E335F10BEF975573C53
:108BB0005AE004BE71F03EBD370AA5BCC67D43BD78
:108BC0001B99B13D8795413CA81CF03C8FC4F2BD78
:108BD0001DD7BD3C54FC89BDAE2191BD7ADBCD3D96
:108BE00022C51BBDF9E62DBDBC5FADBD60B2003E28
:108BF00078A2A43D9DC222BDAFCFAD3CE6BB733C85
:108C0000F0D1D93DEEA4F23C97A8DFBDE3B14E3DD3
:108C1000AC8CB4BD1D84673C371EE63D1543DBBC00
:108C2000B3C599BDC13A203D3B40D13B9A72E83C67
:108C3000EDBAD9BD1E63803D219F6CBC5B74A03D25
:108C40007538603D82D318BED67C53BC1DF67ABD04
:108C50004312EF3B542AFEBC956891BDD610933C5D
:108C60008AE0AA3D0D624CBD43BB9FBDA246FFBD3D
:108C7000781194BD03775D3D27FCB2BD5CDA46BD3B
:108C8000C05826BDC52CCF3D723ED03D3B6344BD90
:108C900057BE053E475A58BB7A37DFBD1A55133BBE
:108CA000FD1297BC56E6023E362E7B3D24A8213E9F
:108CB0007756B33C4B954C3C64819DBDEEC4593C0A
:108CC000E36A8DBC509A0EBD634B22BCEFAC89BCED
:108CD000BFDBB63C424671BD8E718FBB8F32B93C53
:108CE000E6332D3D514037BEBA0EDB3A2DE94DBD7E
:108CF000D733E93DF3FF6B3DDF89C4BD699C08BEF6
:108D0000A3BD803DE4E76F3BCFA752BBC95F573B94
:108D1000B5CC483DCF5B19BEB48D9EBDE627C23CA5
:108D20009078123D93009C3D8551B03C3A518ABCED
:108D3000D9E6DCBC77538FBDDF2A193E78CB213DC5
:108D40008AEA8BBCC40834BEF65C2B3DE724C1BD67
:108D50009BF1BC3C2C225EBDCC99173EF3EA553DFD
:108D6000F61B93BC9AF88B3DA584C23D2E019F3C17
:108D7000FBC33F3C0032393D5D34913C74A68BBC53
:108D8000EA3701BED05586BD8FC2BD3D56A5833C96
:108D9000F13FCEBD0BC9833D026313BE9BBDB23C08
:108DA0002C9C0CBE4603DDBD3575993D6390273D77
:108DB0006122D9BC344C3D3D018B243DB1B53C3DD5
:108DC000E55134BD4B7F6D3DFA5F103E6E42AC3DC8
:108DD000EA88C5BD57D009BEC652A33DA84ED83CAF
:108DE0005D5076BD3A2E073EC5F88D3BDB90A4BDA5
:108DF000F8C786BCE3BA403C7F10DC3B8F19C8BD86
:108E00003F96D3BCFAB7A3BBA3ED38B9287717BCFC
:108E10008F95EFBDF20466BDCB8F593DB6CC51BBEB
:108E2000CF4548BDBC7CEA3D288EC13D5280DABDAD
:108E30003F2A7D3D2FBAEDBBC29A21BB94A068BCEE
:108E4000869D9B3DB80F24BDCBFAD5BD636EC43D56
:108E5000185AA9BD62FFDABD9B3ABFBCBE9D153D45
:108E600067B7853C3F9EE0BD410E4BBD1EA79FBD31
:108E70002548393E290EA4BC6BCF8BBDE8E60FBD5B
:108E8000B388E5BCF2D9CDBC955B033B44E7BD3D5F
:108E9000EB12A13D5EF923BDDBE4B4BD711118BD39
:108EA000CA68FCBC7F1C253D92C191BBFED1713CC0
:108EB000605486BD0B4F8BBD42615EBD4E5C33BCC2
:108EC0003B1DE93D6C40A0BD7A41433ED45C1BBED6
:108ED000F7142F3DFD84D9BC153C223D26B405BEB8
:108EE0004EE3A7BD86E304BB970B25BD3FFFB23D14
:108EF00049C2743D942C3CBC6C32C1BB5F62B4BDB2
:108F0000B1FBF9BCD5E3CCBDD456F13C2919D03D19
:108F1000530B9DBD1FDCF4BAF062793DA8E5B8BDE6
:108F2000AF14453D15F33F3E6BFD013D4295313D8C
:108F3000F3C2113EDBAA73BB66CB07BE2C74A5BD82
:108F40004A93343D975B02BD7ECA96BC86BD39BD4F
:108F50006B654F3DC79330BD8FD396BC12EEB13DCC
:108F6000EBC41D3CBF5CFD3CD41BA13D191AF1BDF7
:108F70009F9C31BD4A47DA3D9F15683A6085273D81
:108F80009FA5193D266CA0BD16A2CA3D6561D33CC4
:108F9000F14F35BEB3E6433C7560FF3C8C0CBEBD63
:108FA00069A037BB810961BD2D7D9A3C3CE5A33C9E
:108FB000E072E8BDB3DA29BD09A27BBDCCB9A23D00
:108FC000E4539B3DF34CE13DF47C95BC4AC4BCBDED
:108FD00076E895BDAE5B1CBE1956F53CDEB6033B8C
:108FE0000D12CFBCCB36D33D9497173D580622BC0B
:108FF0008ADEBE3B0C85BB3D26F6683CF2EAF13DBD
:10900000680FB5BC0D97663C54AEA43AB0C0FC3DA9
:10901000909F91BC6538313D83E8223CFD62F43D70
:109020007439743D3FF21DBD70C89FBC98134B3D11
:10903000BB44D13D1C2C113D9AD18ABCD761743CF4
:109040000CB5BABC373D4C3D2D5C11BD9F23863D10
:109050008394203E09BC91BD7240FC3D15D2BDBD3C
:1090600049235D3DB51C08BD943A0A3EC04A593DAE
:1090700094BE8C3D57DE81BDAC5412BD4C77F83D9B
:10908000032D8D3D21CB30BDEB3D0BBD9EF8D33D77
:1090900010AF613DE909DDBDF7D4D63DBF68EABB3D
:1090A000D2BAEDBC3C9156BD89CF38BE939F14BE59
:1090B000A656933DE002CA3DA7960E3D9F68BE3C72
:1090C0003C051EBD82A183BDDE1FBE3C8963C3BDBE
:1090D0007CBFBDBC8F450ABEC44321BD99A5F4BD6C
:1090E0006990D0BDA284B03BFA8BF8BD3491673D46
:1090F0006263343DEC8AF23D310509BEABF0DDBC64
:10910000E69FC5BD0A0F953B457C683DC353293C8E
:1091100051DD33BD94F0DE3C463D483D03569F3D56
:10912000FB327A3DCEF14BBEBF4895BC472B263D66
:10913000988B66BC8087F6BC3DCA8D3E8548323E22
:10914000DE5DDEBBE504283E2ACA2D3D5CD9BF3D6D
:10915000600FB7BD95B32B3D46E364BD0BE81F3EE2
:10916000BC9FC93C3EDC5B3E102C6E3D2FDE073EB3
:109170004813CABBF8873DBEFE4CB6BD7EC0CB3D92
:109180008D1BAC3D1607C9BDFDBB37BD78B06A3D30
:1091900068D4EB3CEE70AF3DB560F0BD11FA223DF6
:1091A00081B723BC804BDA3D3C95B23C91EA1A3E34
:1091B000EC2ABFBC01628EBB21E26CBDA4D5223D6E
:1091C000704434BD9CA5ABBDBB0971BD731EE63DAB
:1091D0007B194FBE0BECA8BC83FCCABDBEEB9A3D0D
:1091E00037981BBCF83DCE3D6A494EBDCA8D6E3DD9
:1091F0007053023D1B6408BDA54115BD2956D0BC66
:109200009876833D849717BD8AB42D3D800583BC35
:1092100011AA203D84E5F63D5CE581BC742EA33D9A
:10922000FBFCF53D1AA4193DEBDC063D784E8F3C66
:10923000AC1444BD6269D5BC51C83BBE797A26BD29
:10924000BD39283D93E1203DE420403E032725BD64
:10925000ED7104BE946ED13D9559B53C05838ABD30
:1092600036A72F3DED9C2CBEEDEFA53D9B729F3D9B
:1092700082CF413D3EA1E83DC8F008BDAE1DA43DF2
:10928000A10461BD360C0A3C070E923DF4BF20BD1F
:10929000376DC1BD61EF71BC96069FBD2F69BD3BA7
:1092A0000058043EF31C0D3C17E3D13D4158133DDB
:1092B000E7ECDC3D1F8B1F3DFAB538BE450D51BCB8
:1092C0004CB441BD6C1B0F3D904AC2BD5650A6BC6C
:1092D000C333143EE37C61BDCFB9A4BD5F5421BE4E
:1092E00093B6373DCC8C62BDD71AFCBD27970C3E98
:1092F000A6A9353DCBE666BDBC7025BEE3ACB6BDC8
:10930000EAFBA93DC2C3A7BCE4CB22BEC1E6A53D92
:109310001CC1B13C2D89F4BDABA9F6BCDBDD7CBD25
:109320006B92A3BDB0CE89BD98E3A7BCB9B61ABEF7
:109330005C4AC83B7CB9043EEEB1A2BD990407BBB0
:10934000F575F1BCB09F4DBC537008BEC67F40BCE4
:10935000010EDE3C9E2E2DBEE889FA3D75AE32BD73
:1093600013CA65BD9C8E153BCADEB63D2F8B013CF2
:10937000CB990F3C479629BD74EF7BBDEF749ABC27
:10938000ABC692BCE087F3BC80F0D13DD28E27BC47
:10939000F491EABB559E99BDF29C8CBD3D79E73CAA
:1093A000041685BEDC9415BE84173F3D14AAE93D22
:1093B000098538BD8E473EBDBD0426BE7141443E81
:1093C00057BAD23DA4DBC73DDD7B463D9310E8BDD7
:1093D000FE00993DB7A63D3DCB6E9C3DF0CA233EB5
:1093E000C636F93D5C0699BDBA9F44BD9025E53D62
:1093F00025A7D5BB403FB53D435A123B8C4DD53DCB
:109400008878843D58A793BDA854B5BDFA46CFBD12
:1094100089F0863DC00F863D1B85063E87A9D1BCDD
:10942000724A7ABDD3A52DBDE5F9C5BC5DAE283D18
:10943000D390C3BD5BCE77BDA65934BB6F4E97BDED
:10944000B70E3DBC3E7FC53C97C8C9BD4AE0A7BC2E
:109450001DCEC63D58823FBD13BA363D8670703D65
:10946000A661F03B7E25983D1A22B9BD903D9A3CFD
:10947000C10B3CBE5A3C9CBD9F109B3CA9048BBDBC
:109480008B73B03C577CCF3A64F90F3D53E7113EE4
:10949000869656BDC57A2CBC4A28C53D88B5DC3CAD
:1094A00078FCAD3BEA1128BD51CDC43C46741F3E4B
:1094B0005DF4AB3D9B70843DE58583BD7B4FA13D55
:1094C000DC0143BD6B2ECDBC3E4892BC2F16103D37
:1094D000FC4C1ABDC99E593D02C1AD3D0C108D3CDE
:1094E000988E683CB57C70BD8434A3BDE36D6C3D43
:1094F0003B29BB3C296CA1BDFBB334BD2E580F3DAD
:109500002193B5BCDA3BFA3D3E580F3DCDE7843D93
:10951000BDAA103DD62B72BB182509BD4BE18A3D73
:109520002B9C103EB00E773D9631E3BA1EDA0EBE8C
:109530002080683D3E5E503D9760463C44571E3E4D
:109540000D21B8BDE8100ABD92D71F3C323D5EBC6C
:10955000AF4874BDC977D4BD8AE0093E76F5153EA3
:1095600068F6E13D821EED3D5E86113D994CBABD27
:10957000D5DF7D3CA0408D3DA48EE93DE9E717BED7
:1095800074F72CBD23912F3C30D0DBBC14E6A83AF5
:1095900093502F3D5F2B173CC2E8CE3D929C05BEF9
:1095A000B7361DBD888415BD59E0B83D1C91FE3D00
:1095B000822444BD2EB6C5BDFFB048BD3727A33DAC
:1095C000BD1E673DECC0A83DEE7F403CFD83D3BB94
:1095D000FB05F9BD29B5083DA4A2C8BC10D1033EC6
:1095E000D069C73A1C7B1ABCCC9B4F3D8A5E823C3B
:1095F000AB9C14BE5C449F3C313D79BD082DF73CCB
:109600004D10AABC71E4143D888258BCD76254BD89
:10961000CFF7123E0577833D47EC7ABDE6A38EBDBA
:10962000FDF23B3D8021A5BD2DB080BC8D16053ED1
:10963000A3C50FBC2C3264BD3F8335BE811C9F3C4B
:109640004F7D943D5FE030BDD121D23C99791BBD67
:1096500062455F3D1A5A243E749C883CC695AB3DDA
:10966000D8B710BEBF5C073ED0C7303DD4F7283E08
:109670002EC310BE56ACB7BD803CB53DE36E16BDE3
:10968000E9FD003EF22948BD543EF53D7FB5F33C6F
:1096900052C845BEA5662ABD5C146C3ED1E6B7BD76
:1096A0001301883D446FEFBC1295A6BDC583ECBD88
:1096B000F113C73D1A6303BD77C7F2BD0CD409BCD3
:1096C000EC94C2BD81AB0ABD0943ECBD1A0B253E2B
:1096D000CBADD83C65114BBD34E89D3DD3FE623C1B
:1096E0002AEC293CBA86C7BCBF3597BDDC67B1BD43
:1096F00014EB3A3BBD0A793D91689D3D8796573DF5
:10970000608A823C3E88BB3BD41E423D999DA3BCEF
:10971000844623BD08D81A3EE81D613DCA3E043E7A
:1097200004642A3EC57A863D570015BC8E5A49BD51
:10973000034F37BDD37DE33D452CC13DA79CC13DC3
:10974000A59E62BDE0FC93BB7D771EBE45F09BBC31
:1097500021F510BD1D58123D414918BDDF7D163E53
:109760009CE0193EEFD2263E7D42273D8E28D4BD97
:10977000A788F7BD0940D5BD8B5AA2BD4285BEBDA5
:1097800095A503BDD44AB93DA82F62BD2DD0A83CF4
:10979000C36A243E9A281C3ED7DDA13D2F9A2EBDD8
:1097A0000EA20DBE20BD61BDEC55CE3DCE554A3C4E
:1097B0007605163ED95E71BDBFFA163EB48E90BED8
:1097C00046D0C6BC4216A0BC16AAFE3C8239F73D64
:1097D0002018FBBC31C0D3BDC4C30BBDA6CC18BE82
:1097E0006A3FE3BC119E733DA990E03CEEB4C63DD8
:1097F0006BC52B3E763ECABD2554A43DDFAEC53DAC
:109800006CFFCB3D5510033DD399E93CFA0D333D38
:109810006B9354BBBB3FAC3D4AF7D0BDD3EE27BDE5
:10982000308B903D087437BD1FF9E23DA7EF583BE0
:109830008047EE3D7BE2AE3BA7DFAA3DEDEA7E3CF2
:1098400007D787BC9B3DC4BDA973E23DFE01193E0D
:10985000581AEFBC9C05BB3BB44C31BDFBB66DBD8B
:109860000E02233DE985CBBDD62DAD3C5A36E53DF4
:10987000C02E33BD7D8818BD9D69E53C69B5A43D0A
:109880001E5CDABB39D1D03D7AD7A7BD0927183D78
:1098900007A7893DBC551E3E9428C1BC2D45593DA6
:1098A0009877A2BC7579B23D8311983D967B01BD36
:1098B00069081E3E716E6A3B616D003DB2E5FE3D7A
:1098C0006D2AF7BBF601A2BD9E1BE43C86F242BDA9
:1098D0001D24A93D6BCE8FBDF3571DBDAED7913D65
:1098E0006B7C2D3D7BFEFF3D9365033EB39A693D46
:1098F0004AF0E5BC7B05E83C37DE323D19617FBCB0
:10990000C9B2A03D04B337BE75B420BE691E09BB01
:109910005345C13D80859FBDDCA749BE8597C33CAB
:10992000CDF121BEE1C017BD02670A3E41260D3EC2
:1099300070C8B3BC7FE0EDBD612E65BDC0DBDBBD93
:10994000A026EDBC481B12BDD66E373DC79C5D3DC1
:10995000858543BC4A4D783D4844ECBB1E790FBE1B
:10996000BE30D2BD52F98CBDCAB038BB7C67C83D91
:10997000E7BB043E0DC9843D5C201CBD88AA8A3E1D
:1099800079D2D43D4AEB36BD806175BEA8B9B0BD71
:10999000A8DF29BDDF4CE6BDB78E34BD74DFEBBB5D
:1099A00068981E3E763A64BDEF31F0BC777E0A3D82
:1099B0002963DB3C7489713DBC081BBE840E4A3EA2
:1099C000F95A9D3C552EF7BCABA97FBD77D834BD65
:1099D0005D7E263E606FBC3C568A273B549F6E3CA2
:1099E00000EBC43D7E0979BCFA9B39BD56FB39BDFD
:1099F000FCEB53BE2689D33DA1667EBDCFCC8B3D0B
:109A0000F8E2523D7746D1BC0C9DEDBCE246083EE3
:109A1000ECD6D2BDD24ADCBDE215C73D668A31BE66
:109A2000205E58BDCE69353CAB1D2D3C983BCEBD6C
:109A30008C073FBC521ADCBD81279B3D50F858BCB7
:109A4000ACC4923DA6A39F3CDFB577BEC4A0AE3D9B
:109A50007B6F9DBCB0138B3DDB5F9ABDE627ED3D70
:109A60007CE3E5BC0FABB23D734902BE07075B3C2C
:109A700002658ABDB86E6C3D019EE13C8685E8BDFD
:109A800070B9C0BD60F08FBDFAA7CFBCAE7D8E3B74
:109A9000A27AC4BDACA632BDFF8FDE3D1FB18EBD24
:109AA000069A1BBE7A4710BE0B9139BCB883923D13
:109AB0001E8DA3BDAA39073E56267D3D3DE665BDF8
:109AC000CC1229BD41C2853D7D01033E22BA62BC54
:109AD0009126D4BD6DFFB4BB93A5C63D13567C3D06
:109AE000A260463DB921F13D037EA83DEA1C9E3BA4
:109AF00069641B3DFB3F6C3DE039AA3D3D0C6FBDE9
:109B00005CE62C3D5C3D683D4D781F3E31B60E3E17
:109B1000010D1CBD4353B53D64E1F43D0B9EA4BD56
:109B2000D495FA3DD85A173E2AA6663CE0201F3D40
:109B30008F7CFDBB01DB8F3C3D9BD1BB056B49BCE2
:109B40001A9AF9BD0641283D2519F7BD0C6685BD59
:109B5000A9EBC9BD40B2EDBDC4F6893C45F1E73C77
:109B6000A7BE363E9F80683DC565BDBD2135B5BDEC
:109B70007CE094BC7717A33D89E7A33DD009F7BDEE
:109B800079AE87BD6B7BDBBC4540DA3CCFCC40BDBA
:109B90000E5DCD3C22913D3E1331E53B49C4FF3C77
:109BA000A0593E3EC9E254BDF8EEF83C6E66CFBD0A
:109BB00052767BBCCEE5AFBDB396893DFE00B5BD08
:109BC000CFCABBBDD622A73C215214BD3111EDBD79
:109BD000899FEEBCC0E901BE83AAA7BB233B243DFD
:109BE0001B00AA3C4133A53B5B172ABDC3B961BD2D
:109BF000A94FB13D4CE869BD74B097BD41FC113E21
:109C000081D966BBE3415D3CF84315BC3FDA1F3D9B
:109C1000D233C13DBA842BBEDEA99B3C6F74ABBC72
:109C20004B2A9EBD3E2E6EBCA92DEABB25E9D33B37
:109C30000A4B0D3DF621693D62DCD23DFAA9CFBC4D
:109C4000D3BA06BEFA570BBDAE62C6BD2710A9BC7B
:109C50006E307CBD3C203FBD95F790BBCA3C343D87
:109C6000079D48BB68F24DBDAC89923B0BA6533DA6
:109C7000EB1860BDDED127BDEC91D43C2354723C7F
:109C8000DB96083E8B386A3B275E04BED9700EBE59
:109C9000743120BD84E2EB3D9BCC86BDE6C38B3D99
:109CA000B506DFBD9519A13D9C7E153D1E4203BC46
:109CB000FA09F7BD27E5CDBC5A7F173E1845883D08
:109CC000FF2281BD51E081BCA09A61BD80150F3D8E
:109CD0004DA81CBDEBCDC0BD57889B3DA8B8223E0A
:109CE0003DCA9D3D432EB2BC8A54E63C8D5EDABD32
:109CF000528E07BEE2FAD3BD401ADABC6FADB5BDD5
:109D0000E6A499BC89939DBD6AFA98BC55B13CBD47
:109D1000A2D8173D09CC713D6BE4133D1C89B9BC39
:109D2000E506163D32810DBEEF3A8B3DD45ED23D45
:109D30001132063E8C1B68BB31321D3EC58732BDD9
:109D40002889053EA00D213DBBFA023EDF1E123CD4
:109D5000FFEA833C572AA33D8CD3EFBC1CCF50BEF7
:109D600042BBD9BDEACB8D3C23580FBE7FA0E83D56
:109D700075E3E33C5DF99D3DE5E5243D5A38F33D4F
:109D80008CCA58BD15E4F9BBA215E8BD07F8BF3D64
:109D900064EF96BDE1D45DBD518BA23DA47F75BD3E
:109DA0005D0CB53DE62DC83D777EAD3CE9E1A93DB2
:109DB000C4BCE1BD0F4F5BBD1E57F43D67E4973D4A
:109DC00090CDCDBDFD281CBE2E3FA6BD4BBE853C13
:109DD000831CADBD26C8C83D434D843DE00859BD38
:109DE0007FF03B3D9E88D23CDD4F653DEDCD90BC84
:109DF0001283073DF4BD253D7FF02BBD4B3EC33B99
:109E00003DC085BD7A52133E6187F43C99BC2ABDA2
:109E1000AFB5B8BD9963983D431636BA65CA6C3E76
:109E20006F62353D725424BD006804BEB3F906BDAF
:109E3000E24713BDC704DFBD7649D6BD4A38DCBC56
:109E40004CB39BBC00D1033DAD56973DCFAB4BBE51
:109E500032DA8FBD550818BCE703E2BC1F7AA6BCF6
:109E60005C5E86BD74C0A6BB8A10CF3D5FD997BD2E
:109E70007BEB013E4CCEF83D9E0C62BC7A669BBCEF
:109E800054AECEBD929763BD27A3F63D1AD827BD29
:109E9000FDB9B8BD672616BED283AFBD8DE007BB46
:109EA000B5F32FBCF95732BD315AF6BD033FA2BD01
:109EB000913DB83C0472D13CE3631ABD28B32EBD7A
:109EC00055B8BFBD0A1BAA3C80D127BDBA7E033D51
:109ED000EBDB0EBEDC04C43DA302A73D4421D2BD92
:109EE0008FE8E8BCD04E213CBFB65DBDBE97A1BD9A
:109EF00097E2E7BC5E64963D658340BE465A893D65
:109F00002E8D0D3D204BFF3C7BFEA8BC76738FBD94
:109F1000CD60DFBCE4A2AB3C1E6F983DB60584BDAE
:109F20009B1E17BEB67795BD3683FC3C666AB8BDEE
:109F3000C25380BCD7E1AF3D0A0FD4BC1DEB283D16
:109F400089F696BDA37276BCBEF3E7BDDC638DBC1B
:109F5000C24A94BBC145DBBDD6D5993D5F47CB3BDB
:109F60004B6B8BBC06FD8A3DB8FDB03D5B9387BD56
:109F70003BC1B9BD892058BC7CB227BE5287DCBC2E
:109F8000194CFC3C997C40BD2B6C423ED92283BDD0
:109F9000A142EF3D3E6F95BD03826FBEAB37F03CF3
:109FA0009D5955BE43BE27BEFAF034BDA83EC8BD7C
:109FB000210F6EBDAFA3DBBCB50E0EBE045295BD26
:109FC000BD47303E855BB73C70DFF13DC1E6013DEA
:109FD000F669D93D707402BE44FB2A3D586381BBCB
:109FE000EFDEF63DCB48023E5A3FE93D93F064BDBB
:109FF0003FF3A23C9E8D05BD709B073E65A5B63C18
:10A0000069D907BDB56B973D04C604BD4032783DA4
:10A01000DDAE3B3D647DA4BDDBF61A3E70FEE4BBC5
:10A0200042716ABD35E4E63CB36CB6BDD128AA3CAA
:10A03000F6882A3D3F61B43D3AA67B3C26EB963D2F
:10A040001A5F1DBE337156BD33FC0C3D4DE6B4BCEA
:10A05000D9FA993D2160A6BD8F97643D131DDDBBE4
:10A06000AFFFE23DFBD3AE3D92C7FA3DE0F65ABDED
:10A07000A7BA843DEA7127BE0784ED3C9C74093E73
:10A08000E2E22D3DEAF58ABDFED843BE2F9CB83CE6
:10A09000357DA63D6FC8BCBD25DCAEBA9F4F75BCF3
:10A0A000B271D8BD205EC1BDE05819BE9AD5773CCB
:10A0B0002D7690BD7A441E3DDF716E3D61BBCC3D77
:10A0C00017A798BCF28D103D6F5BA53C02B26F3DA7
:10A0D00049C6E03D22FCFBBCB146223E337F53BC67
:10A0E000915A033DFEA5FA3DD0319BBDC3A8073E62
:10A0F0008941B0BD929E663D27182ABDE972BE3CDB
:10A10000B48825BB18C2903BCB54AC3DF0B8E3BD3E
:10A110000C7A9A3C9BDD8F3D1F8A7D3C714A073E3D
:10A12000890ADE3D6128CABDFAFC2F3C39E5633C53
:10A130000459CB3D213AE7BD5D919F3E778A1E3E93
:10A140001FB11A3ECB60083E2A7B0E3E74C9713D9A
:10A15000B1691BBEBBB7733DC0256DBDA5364F3D74
:10A160000F9BCB3D42D61A3E203699BD9446FC3D0E
:10A170000C7F983D9C46503D1AFCEF3D45695E3D85
:10A180001AD3C93D493C9F3DD68CCEBDBDE00F3DA5
:10A19000E3D29E3D4DC4E43D2BCB49BDBBE3A23D84
:10A1A000CAE1933D6F05253D3A83A5BC403FCF3CB6
:10A1B000EF4BB9BD1B748FBC44C31ABE9ABC623C42
:10A1C000CC7BBABDA073B0BC3B491E3D807602BEBD
:10A1D000447454BE2CD663BD4D16043E6D7E15BA34
:10A1E000C86EE5BB46D7BBBD70200ABDF75512BE91
:10A1F0007D82E73D8A25B73D0461423D85F43DBD42
:10A2000053F3C2BDA702F13C294DCF3CA44F9DBCE6
:10A21000BA66C7BD5BD65CBC3616273EF25CBC3D59
:10A2200039CB113BA5B2523D289B98BCE8CBDB3B18
:10A23000EB467C3D6531863DBA76F0BD20AF14BD5E
:10A24000EA30B23C8BA838BD3140A0BDE5A8C3BD03
:10A2500078C23BBC58FA9BBD6F33433DD47F6F3C03
:10A26000EEB2C5BC6C682FBC9B14453D0C50613DE3
:10A270001901173DABF1AD3D6EABF23D808FEF3B69
:10A2800078FE783D47C907BC3947B43DC23FCE3D53
:10A29000842B8FBCCABBC2BDED7E813ADD5005BEAA
:10A2A000482D9FBD5FB4F63C2B4D933DFC81B43DE2
:10A2B0006630DEBD526F873DF1BD25BDE6C9F9BDF3
:10A2C000F0BF4B3DA6D270BDE9A7A43DEC6B32BDFB
:10A2D00070C446BCCED006BE8A80C23D33040ABEDE
:10A2E0000F5EC3BC6C3858BD3415E4BDAD41EFBC46
:10A2F0003D820A3D584BD2BD930F32BE93BEB0BDD6
:10A300005D15FD3DAC2E113D79E2BF3CD5AA8CBB5D
:10A310008361E53D5904F63C3A52F8BC01D7D23D81
:10A320004C02233DD3284A3DE8B6F6BBBF2C913CF6
:10A330006F69B2BCFF7757BC7783583C01FADA3DAE
:10A340009E495F3D79D5B23D04BA90BD89476D3DC8
:10A35000A2681A3C960CA03DEA65F73CF0CE143D8D
:10A36000C8C9293EEDA2303E25CEBF3D9E47B03D37
:10A37000E2E76EBD347E2B3D3D0E4CBAB63127BDB3
:10A38000D2C425BB9B612F3DACCECF3C5A5F8ABC6B
:10A39000EB54C13D80B1BD3D257197BB9CD6613A60
:10A3A000DC26CEBDE73F003DE368683DC9A40A3D19
:10A3B0009EEE34BD06B617BE236917BE0EC33F3EE0
:10A3C000AA7341BD21D2A9BC91CBC43D122A133D31
:10A3D0007F7A8ABD9062D43CD02D0D3ED2A47F3DC1
:10A3E000DC44183EE70BAC3C09C8D53DAB7DA5BDB0
:10A3F00061B8ECBC09D8003CBBDEA33B8EC3783D02
:10A40000F691933D5DAF75BD5CC764BDA9C71EBD28
:10A410000F87C23D29FC353CFD72013E7EB6923D60
:10A42000D1742E3DD2C250BD08A01FBE1706BBB8C6
:10A43000EB601DBD9AACEBBCE11C2EBECCD9AFBD10
:10A44000CC78C4BC1D3743BD1B43943DAE195BBDE6
:10A4500036446B3DFE4AD23D2DDEBB3D9F559B3DB4
:10A4600014F385BD67858B3C37B42DBC8A70423EA2
:10A4700006C885BD3BDD0E3D5BDDBC3D6365843DAF
:10A48000A329D93DE1A21CBE5A189C3DEA4FA83C25
:10A490003A66DABD6FC2D9BD5015443E83371EBE41
:10A4A0000CAB3E3D2D1A21BEA6FADB3CC694213DE5
:10A4B000F43CCD3D0714723D0EA3E1BD285523BDEC
:10A4C0006A0AECBDF2E4233D55140DBDCBC9083E2C
:10A4D000997CD33B9312B03C95A3103E3EB7C53C4C
:10A4E00054E51BBC7615F3BC3BA753BE779F6F3C6E
:10A4F000F34825BB331B74BDFD56ECBD424CFC3DFF
:10A50000470CCBBC2CF30D3E68C161BDBA0631BD12
:10A510004547193D73619A3D604EA53D5448823BC5
:10A52000093D9E3D5FD60F3E70A052BBA5A3D53B13
:10A53000493480BD3C34493DB1DF8D3C2839DE3D96
:10A54000D57C783D56F0113D8E32D1BD3B15EABD2C
:10A55000206BCABD1D39443D2FDC193ED9D52B3E99
:10A56000D36AB03D03F1733D8C161D3D4ED681BCC0
:10A57000FDB61CBC128124BE49111C3DA91334BE7A
:10A580005331DF3C51290F3E7344873D6D0DA8BD0B
:10A59000EEB4203D124A6A3DC18FC23D11167ABD0C
:10A5A000BD28D0BD10B2483B7A2ECC3C2D9CF3BBCD
:10A5B000E0B2C8BDD3C0A23DD83129BDF261803E12
:10A5C00029A3FFBC45B49B3B9CAE2BBC2A7A9DBC07
:10A5D0006AD323BD977DA23C47846E3DCF77C13DB2
:10A5E00063EF163D1055B83C759A8B3D8F5135BEC3
:10A5F0001A4615BE8C5324BD2AA6B0BCE35B50BDE1
:10A600008BC2BA3DDB73DB3CEEBF24BDCFC4813DC2
:10A61000E244263D75569EBDC222D33DDB7C0D3EF5
:10A62000219901BD5E2F9ABD957420BE823A84BBEC
:10A63000C2BBCABDA011623D5B7C18BE2038B43DD0
:10A6400051E32EBDA90C423DBF66EDBCB0F1A43D67
:10A65000C91570BD23C4D7BD814D333E90ED263D55
:10A660002EFD5B3DAEDC5BBCD00FFD3D6EEC53BB05
:10A67000223AD73D54A0DFBDADE44D3DC5799ABC2B
:10A68000D19C58BC9929D4BDC010373C09AC8D3C35
:10A69000DE8FCABDC8EC0CBEB08A313E08D2B2BD56
:10A6A0003AB935BD63BF8A3D12DF8B3CAF4550BD23
:10A6B000D386E5BB8FD6513D310C32BD7BB156BD43
:10A6C000300E83BDFBFFEC3C8FF1AE3BC169B1BCEA
:10A6D000C03DB23CBE7F423CD3FAEC3D0BAC1FBE4A
:10A6E00085AB6CBB4051B2BB7C9E7CBC8A38C43D00
:10A6F00060EE44BD5F6E523D53FB9FBD9B80C1BC6D
:10A70000CCF5EDBBE8CD6A3D9E23CF3D77F5A33D6B
:10A7100059EE86BD605F0F3E3CF1F43B9945493CE4
:10A72000C49FE13DF09E29BD4A30F53B6D2933BD04
:10A7300071771B3D303C703D9E7E573ED05BB5BD72
:10A74000830FD43D9CD4353ECB48623CBD03153DC0
:10A750006D12CD3CFA4E4FBCE9828F3DAE71F73D94
:10A76000B6C1B43CEE13403DAF9D01BDE6A927BB89
:10A7700001012BBE1B5605BEDA28DCBD0A1EE2BD58
:10A78000A6367A3DC94AC93D0B45093E391912BD65
:10A79000600210BCB869AF3D2AC9233DF1E5933D85
:10A7A000C9224FBEDB2CFB3D15CFA73D0E30BA3D75
:10A7B000660CB9BC95E799BD48ABA0BD2474A9BC93
:10A7C000CFE8603D27181A3D70B34BBD039EC33CD4
:10A7D000DE3EF4BD32D8F6BCC7FA1D3DB2C085BD21
:10A7E0000346573DA230293D1863093D5176223C6E
:10A7F0008E14163D5EFD84BC41DD5FBCE7BD9BBD94
:10A800005FC0613DCA17923D2706BC3DDEFB89BC97
:10A81000A6DFBE3C440FD23D0EE302BD0B87153EC2
:10A8200066E9213DF443D9BC51AE5BBD343E643C86
:10A83000945453BDC960943D4177CCBDAF3D6A3D52
:10A84000C58F89BD0DC56C3C012AF1BC7798A2BDAE
:10A8500038F7E23DE994963BF703B03D978F143DFE
:10A860004656103DB3648D3CE763FB3DAD74783DC7
:10A87000DF7EA0BCF8A2EDBD1A59A83D88ECEB3DE7
:10A880000CF6FEBB9274E3BCF3A31E3D3317823C6F
:10A89000E0B7A5BDB6C5A2BD6C15353D9664A33C19
:10A8A000231486BD59B455BDD91701BCFBA683BC82
:10A8B0006C97DF3D9838A33D519360BD250EA03DB8
:10A8C000576169BD35E9A93BC4B9D2BCBD9978BD12
:10A8D00017C17A3D482E29BDB5AB56BC110271BDDA
:10A8E000749A0F3CDD6DDE3C557437BDF971C53D82
:10A8F00016363D3D1E8D90BC6C6966BD920D60BDE7
:10A900009CC4383D8F6B12BD59DEA23DFA1E5F3DDF
:10A910009C00C5BDB9548A3D1533E03DFD070A3C96
:10A920001FF0813DD3A583BB6E1F81BD1E9F6D3C73
:10A93000AC56A33DB560BF3D599EA73D209869BD6B
:10A940003FAB4CBD0062B73D9155313D02F3D5BCE4
:10A950004A73BE3CEFF2BC3C236A05BDE87CB53CC3
:10A9600096D7783D19A8973D33BBFE3D72FF65BC75
:10A9700047DE63BD8FD0F9BDDFED92BDB9665A3DAC
:10A98000964CD63BB9E68F3D6AFCDE3D546B96BDD6
:10A990008FADD5BCD6CA32BD378AAABD6960A93C85
:10A9A00086E081BDDF88C33CD622BDBCAE1E2DBE75
:10A9B000DF1CCD3D406E2A3E1E0B93BC6C95133DB3
:10A9C00034D46D3C1170313E2513B33CAD4305BD0D
:10A9D0001F623E3E71ABF0BDDEC7B03D9471E1BD7C
:10A9E0009B584CBD8B86353DAC8FBBBD0D5091BC8B
:10A9F00070BAC8BDAE61A33D9440E13DEC74933D97
:10AA00001A6211BE9D29BEBD0C3E633D58E22F3D2A
:10AA1000D8CEE2BA5EAC343B7944783D8E8D48BEE8
:10AA2000D8A343BEC629373B0F2525BDD9ABC4BC2F
:10AA30009ED5403D88EF70BCA16C613EA56442BCD0
:10AA4000DA6C9D3DF4B2E93CA510E9BD43E7E23D77
:10AA5000F60F683D3C4CCEBD91EEDC3DDE01BE3CC8
:10AA600055D1923DCF3AC63DF4E7A7BC6656AABD84
:10AA70000A46443CF7685ABC362C40BBB7840B3BB3
:10AA80001C5403BE1031803C06ED36BE9D5A21BCDD
:10AA9000AD8CB83D16C0AD3C12354ABD14130A3C0E
:10AAA000229DAEBDDEFB143DD51ABBBDA77CD9BC33
:10AAB000A6AFB9BCAC24983D1BFA7D3D63CA3DBE30
:10AAC000A015913DCC49D5BCF547543EC0888ABD00
:10AAD000D2DEC1BD44B27FBD3711463DECA15EBDA3
:10AAE000A82C81BD3AE10E3E08DA033D60399E3D57
:10AAF00095DD803DE2388DB9FD16073EFBB929BDD5
:10AB0000905BE83D2DDFC53C2770013E935EFFBBA7
:10AB100022A10B3DFC229E3D15DE87BDD94B1CBCFE
:10AB20005A4DE23D7F68983CDA61A23CF4F1AD3DBC
:10AB3000F0DA183DD50427BDFF8F083D6132A63CF1
:10AB4000B9C2523CACC54B3D6204DF3D61679DBC60
:10AB5000DFA0F7BDDA22A8BD355ED0BD5E1C97BC74
:10AB6000C19C073E5247063C238F4DBD3BBD213C57
:10AB7000477B0EBEF14335BCB331563EE3ABA73D38
:10AB80002B56093EFCC12CBE38E7C5BD49D0413D1E
:10AB9000AFEF7FBDF94A943C3930EE3D55A80F3EEA
:10ABA00045714D3E48DF85BDA4B7AEBC81FEB5BD45
:10ABB0009B31E83C8D71033DCE369FBD1F57B3BD21
:10ABC000A0B0E93CD5415F3D4208B83DEDCC13BE95
:10ABD0005C3C1C3EF76A3A3DF8BC6A3DB2C9C1BD57
:10ABE0002E3F9FBA202616BE0AA1C0BCA401AD3CD0
:10ABF000BFB064BDC6B4213E51B61D3E93BD64BD19
:10AC000074330BBD653E1D3CE2A8F83D2A1D573C40
:10AC10007A7692BDC0A7653D1F0CFD3C4ABE67BC5D
:10AC2000F6EE6CBC4A08503CD45C2B3D906B0BBDDF
:10AC3000AEE3F33D7E15643DD36F393EBFAE9CBCA1
:10AC40006E9832BDE785C5BD48D0B0BD376417BD2D
:10AC5000A9D6823D608D66BD2133A03CB0D724BC0F
:10AC6000D9A04ABD04654F3DA5ABDEBA3E2B03B962
:10AC7000AB7F173D52E1F13D64BEE93CF85E103D0B
:10AC800034D5103EE558E13D69D1B9BD0CF3A83D7E
:10AC900054E9093E416E943D7F7A46BBA3C4233BF1
:10ACA000EF6361BD1237503DC693053D4AB13F3D4C
:10ACB000AB86A73CA413DABCAEC79C3D1AEA183D8C
:10ACC000A18F06BD6F483D3DA729253DF543B53B06
:10ACD000F64CA4BD025810BD410ED33C9BC8DA3DD2
:10ACE000F9709CBD2BA4F13D2495853DB66B273CA6
:10ACF000C9D7D73CF4EFC73D7C96ACBA99B9F2BC42
:10AD00002DDD70BDE791963D01B8093C47F183BB4D
:10AD10008EC6AE3DA1E264BCA4D369BDD72EEDBC06
:10AD20003B8D403DF7FA16BD72DE1E3D9E978A3C74
:10AD300083C4E13D020CCCBDEE0E113E4DD40B3C64
:10AD4000271EA33D3EF3DF3D03ECB53D4518B13D65
:10AD500074DD823CE6F6D53D033653BDF068723DA6
:10AD6000750B8B3DBB71CD3C455E60BDAB000C3EB1
:10AD7000D44EBA3D7220833D7194233EC5EAA43C73
:10AD8000CA60CC3DAAB5E03B8BF2A5BDA0EDE83D85
:10AD90000420883DAE97B03D77FAD23D7178F03C03
:10ADA000022E553E49BD113B74789BBDBD14693CD4
:10ADB0005EBC1CBB5FD412BECD37A13CDD6681BD3D
:10ADC000B824CDBDB501DABD352EC73DFD182FBD68
:10ADD000DA3569BD7E7A6FBDBB66C83D7374C5BD8B
:10ADE000C4FE10BD2946033E28EDABBC4F5D00BE3E
:10ADF00007144F3EB2D896BCC36F133E3BE3C9BDA8
:10AE0000CEE352BD1DDC793C07AD173D32D7C23CC5
:10AE1000272E04BE87D003BD8D13B53D9871AC3D80
:10AE2000B9BFB13D8825EEBDCA23113CE6722B3D6A
:10AE3000A22D023E470DEF3D862E40BE5B45BBBDB9
:10AE40001C3E60BDEC8F7ABD7BFAE63D528DC3BDE2
:10AE5000585F96BDDD9A08BE87CB063E53338CBC47
:10AE60009163B53DC38FC0BD07FC333E31C92B3C58
:10AE700075CDEC3D8E10AA3DDE1FDC3CF266D2BAE9
:10AE8000841679BD543F96BD1E8A783D7B1B82BDDA
:10AE9000C7DD803DC0D33DBE824E2CBEDE76293D4F
:10AEA000C899D1BC0CDD12BD8D1514BEED47AABDED
:10AEB000D18511BD4619853C1E13CC3CA8E1583CF8
:10AEC00090250FBDC15F63BD396F04BDE2D6AABD39
:10AED00075F0C2BDEADAB3BD7114DEBCB9264EBE50
:10AEE000D2F62DBD1F66083D7D33093D509CDCBC6C
:10AEF00035519B3BE059C5BDCAADECBDAC8F52BCD2
:10AF00007A1FC03C3D5F6F3B273861BD4BF0213D50
:10AF1000E2EEE13DEB5D513C0F258FBD9055E63CE7
:10AF2000901722BE18D4FABB4697333DD0B995BDD1
:10AF30002D232ABD1621A43DAD8DEEBC958F42BDBB
:10AF400048F20A3D927A26BD1F9D993DF34F3D3D43
:10AF500026D6A7BB917656BCF0CF7D3D38B273BCE8
:10AF6000A9D7B3BDF503DBBDEA52EF3D7DB317BDF5
:10AF7000E09B50BC2C6E7D3D7B0695BD9DE981BD5F
:10AF8000198F2B3EB7DF22BD1337A6BCB6573ABD8B
:10AF9000456D08BD221AADBDB5759DBC3A1D0D3C71
:10AFA00044C7BFBDFFAFB83D31B884BCB1AFB73DFA
:10AFB0006BF30EBE3D315E3B3F5622BE69F0E63D6F
:10AFC000429AEABBF309963DBAF1773DF3CE1837C2
:10AFD0001BD4993DCA991CBC181BF93D9DBDECBC06
:10AFE000E4F48A3BFA7A8A3D8F8872BDC3DB6ABD7E
:10AFF000BFBBF9BDEC660B3D3E1A8D3D2A7A1ABDEA
:10B000006FE3D6BD1A1C6C3DAAAD263E3F5F2A3DBC
:10B01000AC2FCFBD81D5D8BCAC935D3DFF99C9BDE8
:10B020007A96D9BDA80D18BB2077983AA160A53DA6
:10B030001B067ABC4E74E03CF98E83BD3736F23B7A
:10B0400092AABA3CCA1C10BDD8B538BEB6A3853D7D
:10B05000F4BD2C3DF9375A3C312B123E7226E3BC2D
:10B0600066BF55BD9879F5BC42A1243EC7D693BCB6
:10B070003B36893D947A31BDEF42ADBDC080CE3DB7
:10B080000430603DBE6890BDE06916BE4AA99C3D93
:10B090002C5F1BBD852508BEE1E9E83D2040AEBD23
:10B0A00057E2AABD3D35D43CFB47A4BD07D0EDBD5A
:10B0B000288C0FBC1EE8D33DD26FBBBC63DC003DC7
:10B0C0003AC79DBD8DB7133E0E2ACC3DFA60813D37
:10B0D00027EEEDBC1E06FABC0A43023E9AA9C7BD84
:10B0E000075AAABDFE5AD7BB4EDAB9BCA5FDB83D7A
:10B0F000D2477DBDB1658DBC3ABF0BBE33F3D2BD27
:10B1000082910E3C0FC3333EE461BC3D1424843D68
:10B1100005DB8F3D696AA03D7CCF283DF58CAD3DB8
:10B12000C620F83D71D914BD14B3CCBD096205BC6D
:10B13000B982CE3D019118BD06BB163E08A3F73D6E
:10B1400082BCCF3DD5D6D53D3DFA4BBDFC2C9B3DB9
:10B1500057B51EBE87C54D3D05B6A23B85DDD93D21
:10B1600063E5CF3DCC2A4E3E38449BBD5069FD3D42
:10B170001F5A26BEF2704EBD54D6FCB5F9C0CFBDE5
:10B18000EFD3043EB67D073DCAD7923D4015813DC1
:10B190009AE59F3BA949A13DC057EF3B0FA835BD9C
:10B1A000A7DF5ABCC306123ED5F3B73D7C17013C5E
:10B1B000D4819EBD63D7D23C537B02BD71C4F93D9F
:10B1C000DFD11CBD1DC08FBD1E0E813DFC72BABCFF
:10B1D000DA4D82BDA690063D954D8938101E423D40
:10B1E000C12AEB3D074CA7BDEE52EB3D16426D3A2E
:10B1F000F32A10BDE4E3393C2454DCBB9247C83C3D
:10B200009E46823DBF555FBD909C97BC97A4EB3B8B
:10B21000F488E2BD493CDA3D6244E03C77487FBDBA
:10B2200011F4783D1B78233D7464E5BDE40BA13D2A
:10B230004409703C5E7E09BE7AA8373B9FFBC2BAC8
:10B24000941D193D9B2CA93CFF114BBEBF0DB4BCF6
:10B250001FB0CB3B8951A63D2C06033E822F90BDEB
:10B26000CD7887BD8936343E3400FD3BD5ABC43D37
:10B27000F964B7BD41B40DBD443617BDA0F7BD3D5F
:10B280007A0BF13D9CEDB6BCF60BA23DE9D0093D31
:10B2900098BA5BBD27EEB3BCB7E2423E350FCEBDD8
:10B2A000B4798ABA2373BBBC56C2BBBC3EFDD53C45
:10B2B000B2E9093DB68E923DBDC284BD276328BD6B
:10B2C0004AE76A3D8A2FF83D825500BD087A23BDC2
:10B2D000394455BD61615D3DE4BDBD3D043997BD57
:10B2E000D95AB33D1086013D175399BD58B3EA3B77
:10B2F0009E63B1BC6779223E8ABD80BD47C2893D4D
:10B3000008FE843D85C0213C25F6C63B42B9B83DC8
:10B31000BE41AD3D4255213E3C8BFEBC9DF7113EEA
:10B320009E3ECD3D683D113E5152503DA4A8A53AE8
:10B33000E9C4A03BBC6E783DE0DECA3D51800C3DC7
:10B34000009633BD71A0AE3CB79CCE3C0AFAB73D27
:10B35000C1269DBD40B03FBD1936563CCBDF123EE5
:10B36000C704063E4DD4E83CBF6DE23D494B80BD6D
:10B37000EA3F113D2390FEBD4CA00E3D20EB1ABDCF
:10B38000A5B7A63D4BC56C3D112E283DC8EF913D9C
:10B390005D0129BC7C7EE13DFDEBEA3D2B797BBD67
:10B3A000FEF793BDAFCE28BDC453AC3C09E491BDBC
:10B3B0006EBED2BB2307DEBC93E8E3BC314A7ABE43
:10B3C00091E5903D5217C6BD456C633D9AE5853DBC
:10B3D0004863F0BD85FD7B3D5CA6B53D46B282BDB0
:10B3E00069ACB4BDAAEF07BDD262F93B12937F3CB2
:10B3F0003726F23D0FA4B6BD5045DC3D549F34BD09
:10B40000229D8F3D73CE193BD62A113ED34F443D2A
:10B41000B1BAA03DBED3CA3DBF32E5BDF627313E2D
:10B42000A3BAE83DBC56AABD38E2013EC0A1C83D62
:10B43000C65A643DBB9CD83CF5D6AEBCBDFCCD3CE9
:10B44000822B5BBCD64035BDA6DD303E7AD8BEBC73
:10B45000F01AD93C11184E3DF21982BD312E8EBD25
:10B4600073EA953DE23EFEBDDE9D963D4F5ACA3DD4
:10B47000BA8C9D3D9F78BCBC23C5113EBBE9283EDC
:10B480008547E33D2D9FDEBC2D36A03DD58D84BD87
:10B49000617E2FBDD902873D151705BDA7220F3E3E
:10B4A0009722D0BCF4C18B3D22D12B3D5846173D8D
:10B4B000389C203EF6F6013CED5DA7BD9724103E7A
:10B4C000F69D913DDF3C99BD8C5020BE8D8339BEE9
:10B4D000A7BDB63C0E5F83BC4EB4C83DB96264BC28
:10B4E0002CE669BD13C7A23DDC7C0F3DEA2ACA3CAD
:10B4F000BE3441BDD6F7463DBF6905BE488E37BD57
:10B50000896488BA5C14033D27CB0EBE92E5C5BDA5
:10B510009CBD0EBDF1E1F1BD2B7E4FBD65744FBDED
:10B52000BB5E06BD2D2D39BE7D20123EC7B568BD60
:10B53000EA527DBB4F7730BDEAB753BDBE6AFDBD51
:10B54000995A943B7C7AC33CEB0C3FBD3446023D98
:10B550007C7E2A3DB8F4113D46E0ABBB8A06A8BD0F
:10B560009624E6BD9C89CEBDBA68EB3DFD201ABA93
:10B57000633EB53D01F2C73BB3020ABE480A123E24
:10B5800055911DBDEBE79C3D490D5CBD7ED28ABA4D
:10B59000B5504FBD18228ABD75E8AEBDFBEC843DA9
:10B5A00065D207BE8335DB3D207A49BC6D2530BDB1
:10B5B000D55207BE8D4E813DD7109FBD5FA8593E25
:10B5C000C7F1FABD0C9DB4BC652FC53D32248EBDBC
:10B5D0000FF5C4BA5BEA88BDDF2C553C7FFD393DD1
:10B5E000A3C5203E986992BC2CD9D8BD5CE5C4BDEA
:10B5F000256E28BECA3CBA3DC08FE5BDC2EC273CD3
:10B600009845893DDA391F3D31319FBC9B1E0C3E68
:10B61000AA7245BE191FA83BE15D173E8D20723D01
:10B62000F72434BE9450923C15CA4EBDFCFFD2BDE7
:10B63000BB2081BD2BF0663DB8A562BD7A2901BD56
:10B640000CB0AE3D0F03703DAD19D7BCB67FA4BBA7
:10B6500097D6CFBC3723D9BDC061123D06CBF83C8D
:10B66000CC5C8E3D025597BB76CECA3C126F09BEAC
:10B6700012419C3DAFF2123D8C1868BDB3D70F3D0F
:10B680001B8908BE3D26D23B75A5653DF46C3B3D4C
:10B69000754AC63C332CEDBD8896843D48295DBE75
:10B6A000FFBFDEBDAC6370BDC5BE95BC9AD7F43B91
:10B6B000A97C03BCCB3A1B3E80A7BA3C6904CEBD33
:10B6C00012FFB5BD6E55193D3B7F1C3E48A719BC06
:10B6D000EA1515BE7F71C1BD3F93083E73D9BBBD4E
:10B6E000471D52BD842CC83CF8A2CABD2886CB3D5C
:10B6F000E9A27D3D70C6A93DC18634BECF37F1BCFD
:10B70000B288103D884C553D17C7113EB014303EED
:10B71000E16CD9BCAA3ED43DF8BC173EFC9D823BEF
:10B72000E0B1153E5ED5F13D8C266ABC15DD313D9C
:10B730008421DC3DAFD581BCA9EAE13D15ABD43D08
:10B7400046AF623DC98A153EA38411BD4ACB513D27
:10B75000BA7E8ABDD084AE3D533DC43DBD8DE13D32
:10B760002AC1363E8177EA3D0AFDB03C8631013C74
:10B770000AF09EBD80F3AB3DB6627C3D318F5ABE70
:10B78000A0F5E63D5362E0BD13A2DF3D81D38BBD42
:10B7900026FBB43D7192213E60D3F23B68212A3DE5
:10B7A000725B8E3BFF4A4ABD5FA1533D975CC1BDB2
:10B7B000289422BC0F640D3EC3B4853DF82E643E30
:10B7C00034FA19BE4A829D3BA08F5D3CBEAB98BD4A
:10B7D00027B91ABD60DFB93CF91FB3BB752CD33D47
:10B7E0002FE0A63D1C76B93C376DAFBDECA5CEBCB5
:10B7F000A084D4BDF1B499BDFDFD9DBD1317123ECB
:10B8000041E8B93D9CFA2DBEDBE1233D798FE6BDD1
:10B810005387DABCD7969FBDDE51A33D2EEF33BED2
:10B82000CBB0D1BDAF6DAE3DBB736B3B75FC1DBEE8
:10B83000154352BB1C243C3D5078CD3D7DD2883D04
:10B84000B1191B3D39EA20BD432F1CBDFD62C4BBAD
:10B85000216027BDADD5A7BC36F763BDAA90093ED0
:10B86000BF2BBBBB0B33AE3D9B5408BDE87D233DD6
:10B870009AC3243D382CDD3BA562CEBDDF56BCBD4E
:10B880004880783DB62284BA0E008CBD82A7823DE6
:10B89000234C65BC6D3225BDFDA10C3E3FED05BEC0
:10B8A0004EE4CDBD2067E53C503E2CBCB47A143D3F
:10B8B000FD6219BDFA758B3C9C3C0F3D06C053BD23
:10B8C000FE9F6CBBBB12453D9E29883E92775FBDB3
:10B8D000F6959BBCF3D6073DDD1182BD6C32E23D8F
:10B8E000AFECD13D21CD14BD242819BD46AD423C5D
:10B8F0007BD5723C4A9908BC9D93553D39F47EBD79
:10B900001B2BC83D97E711BD0ED9C43D13857F3D64
:10B910002196FDBC263EA23CFCCA803D3AC180BDBA
:10B92000E48AB33D8D4EE63D1FFF67BDA7EFAD3DF9
:10B930001CF8553DD2B2083EA6F0DC3DA8D670BC3E
:10B940009B08DBBCA024003E5864A03D041FD5BD6D
:10B950004402453DE7750C3D9A0823BEA18934BDDC
:10B96000A694E33CA2D48DBD28FC98BDF24EE7BC62
:10B9700033118F3DD54CE03DC43D963D358501BE2C
:10B980008B09DDBDF8D271BD38F8BF3D17A045BDAC
:10B99000DDF494BD98A9EC3CF886A03D8E7A333D49
:10B9A00076DCA73D586352BD23CF07BE1B022EBBDA
:10B9B000340C003E67C246BDC110B5BD18D6BD3DB2
:10B9C000AD275FBC9686143EE3B643BDD074943D6C
:10B9D000DEC7A93DF53DA33D2121A23D17DD733D05
:10B9E00033EFA1BDD48B653BCFC030BD3A0076BCF0
:10B9F000BCD450BD29B0B93C7F0613BDD84E5B3DC9
:10BA0000C00102BDA0ADB9BD1323D0BC9FD77FBD7F
:10BA100049C8693D6A74B5BD90BE3FBDDB8F14BE99
:10BA200074EB02BE26CE963DE9E0FE3C5A9BB63D45
:10BA3000482CD2BBC9730ABEE43DD33D3E218C3DA8
:10BA400007FDC63DFC69E43D9005A0BD0DCD763DEA
:10BA50006548813DBD06893DA807313D2FE3AF3CD8
:10BA6000B9E91DBD64B13B3DF2CED0BD47DB783DA9
:10BA7000B7219FBDE77437BD3A232CBDC439563A70
:10BA8000E623EA3DEBCE45BDF96EBCBDD679823DDD
:10BA90007EB0403CB100743DA72FE33C38F1C63D79
:10BAA0008936033CDDBB06BD63F6B13D2D39113C43
:10BAB000C50D1C3D5EB9243D373CD33C014F7A3C5B
:10BAC00024DAF83BA24CD73DB86FE93D6C7F633D6B
:10BAD000C858503D7B58713DFC6685BDD623293E34
:10BAE00012D1773B4F4DE0BB34BD8CBC7F0AC63CC6
:10BAF000FBB7D3BD8424EB3C6DB3563E738DA9BD1B
:10BB0000D6633A3D5ECD65BD40F6343D666E12BCEF
:10BB10002EB9AE3C08FDAB3D5A5385BCA505123D80
:10BB2000791CC33C0B25183D1ACBCBBC7FF0F43CF1
:10BB3000A459CA3DC9C8AFBD2462753D24ED933CEC
:10BB40005908823D7A40F4BDAF2E34BBE29D0ABE57
:10BB500078E8213C7F59A9BCE64423BE7BA009BC00
:10BB600041BB143E3220163D26BBC8BD7956C93CA8
:10BB70005153E83D955857BD766E273E3B58AFBCB4
:10BB8000C6F467BD297088BCD46ABDBDF7A0AB3CC4
:10BB90003C83BDBCB2194C3D6038FF3D72208CBD6A
:10BBA00033620B3E2E358D3D41BBBA3D8C763A3C1F
:10BBB000D839953DB2858B3B83F48F3C045503BE49
:10BBC000B68395BD7B950BBE93B5E43DEDB49D3C2E
:10BBD000309515BEAF037ABDF15425BD689B17BEE5
:10BBE000463E1D3E9531D23D47131BBE80497E3BEC
:10BBF000878D863E074741BD2C36893D663EC3BDD5
:10BC0000E6C580BCFBBAA4BD5E58D33C59A9823DB1
:10BC1000511150BEA6D91E3D83F3833D04C3FABC27
:10BC20004CBAB33D791F1A3DDF11F33DB58837BDDE
:10BC30001DD11F3D2703C43D3181D6BDF5A9823DED
:10BC4000296F93BC818381BC2AE4ACBCF32187BDFE
:10BC50002F2914BE1C1DDBBDD9B01BBCDCE693BC78
:10BC600066C7FF3D223F2DBE7106AFBC23A3D0BBEC
:10BC700027EFC73D36B5A63EC9A3743DB095263D16
:10BC8000418AC6BC99296F3DC9DAE93D69C5C23D03
:10BC9000EDB5403CA9EFBA3D369025BEAADD023D88
:10BCA000A11FEB3A1E2E9DBD133EB53D64B644BBAD
:10BCB000CFF1943CF4CCF43CD93457BD8806963D82
:10BCC000442B0F3EE6D502BC186550BDDE0CA3BE6A
:10BCD0007E0B933D34F2CEBCFAE85DBD6740E83C94
:10BCE000453407BE46BEFC3C34C924BDE733CC3CDA
:10BCF000BFA8F03D7F843E3DFD878EBDDBDFC5BC28
:10BD0000229B6F3C91EF45BD0CBB863D3B0CD03D6B
:10BD1000E54EFABC5A4A42BEC23EDDBB3CAF1CBE39
:10BD2000F5D235BEF00BB93DCB30FD3CB9F94ABD7B
:10BD300018F6AA3DD0413FBD73570FBEF39EE2BB3C
:10BD400047E5D73C9B7ECE3CF44B163B6FB25F3D44
:10BD50008969D53DFBFDF9BD481AAB3DDB50173D68
:10BD6000E7967E3B14987FBD251D343ED4180DBE4A
:10BD70003DB0813DA493263ED903DBBD04613EBDA9
:10BD800012D51A3E8C3E603DDA1B0BBDD7CA94BD5E
:10BD90008BD7FCBC9DB609BE280382BDDF876F3CF4
:10BDA000220BD1BC1C3F8EBD7958A2BC444E0ABCAC
:10BDB0007C4C0FBD46ED263DD0BE23BD9EC9FE3C4A
:10BDC000FC1FB8BD1FA12E3D8C47163AAD55BE3D98
:10BDD00041C3CBBC4E492FBEAFC3893D5E4BFEBDB8
:10BDE0004A4269BC61A18DBC65EE1DBE2F9A06BE9C
:10BDF00053E30FBECB5C03BE6BA733BDBB4B913D82
:10BE0000F5E3AE3C77C9FDBDF23BD43C072259BDFA
:10BE100041513FBD40808ABCFDFBE93BB79B2BBE37
:10BE200000F36B3D7863713DF8E6403D5517C2BDA8
:10BE3000F6CF9E3DFD4335BD8F3DE23D9A74393DC1
:10BE400083EC6F3E4BF861BB08E4CDBB18AA7A3D8A
:10BE500026DAE4BD9E46773D3096933C9973B53D16
:10BE60000C0A953C9C51253D0A76D0BD5B79B3BB4D
:10BE70005BBED03DF2C93FBC54757DBD0E0284BC93
:10BE8000C96686BD51FD79BDA2468BBCDF327CBA46
:10BE900038BE8DBD5735193D5F07BC3D7F0201BDE2
:10BEA000B3F40EBE64F07F3DCC28B63D0A48843D15
:10BEB0003614BD3DD88DE93C506B793DD3E125BDAD
:10BEC000A7749E3D2E173A3D8FB7763EF068723AC2
:10BED0003D82F7BD447811BE8F9A24BE50D0B33D49
:10BEE000EB67EDBCE6839D3D45D0C73DB7E8A1BDFE
:10BEF000A4E549BDA8CF26BEA2E94E3D2244CCBD53
:10BF0000FE6B143DAA45FBBDB81F563D40C5EC3C39
:10BF1000D142BE3D97377C3DFBBC043D0CD0A6BB57
:10BF2000E31D93BB7B4A2A3E36831FBCD37C223C55
:10BF3000755EFE3D3A27D83D34AF61BD556874BD8E
:10BF40009FE81F3B382EB73D7EEC153B567753BD1F
:10BF500022446A3CCDD51BBDB080F2BD632154BCE8
:10BF6000F383413D3CFBFBBD89F1153D762B90BD34
:10BF7000BB6A1B3BB4DDCCBC5176263D7BB7A1BD73
:10BF8000644DAEBD763C9ABDEED2F1BD018390BD4D
:10BF9000E3459EBBB98D29BDE790563D00644C3CFE
:10BFA0008725983DE217A4BDD008DFBDE467213E98
:10BFB0004A53BB3CAFD54ABBC76833BEE4F98F3D9B
:10BFC000DB31093D5DC7C73D14E535BD6421713DD9
:10BFD0001FD8CBBD0BE51B3E8A5BB43D1B6AEB3D16
:10BFE000FF86B83DCB8229BE2925E03DAEA5973C12
:10BFF000AC2BE5BD599EF33D19C17FBD21B0CEBC30
:10C000003D060ABEB3E84BBEDDE6B63D9DB6E4BCD8
:10C01000B8C29A3DAD52153E33119C3DA8B036BE14
:10C020002757FB3DD4AED3BB29D314BE029BDC3DC6
:10C030004D6981BD687F1BBC8EA6C3BDA2DAEABD77
:10C0400045D3123DE4E2503D2DF928BD770BA23DCA
:10C05000594DAF3CAA79DA3DC876A43C914BE8BC77
:10C060007B91D8BD325F723D4D7331BE77DC543E5B
:10C0700055423DBEEB96373CE16C1F3DD4E6763D24
:10C080000827243EA16FC2BD17D108BD6F165A3CC8
:10C09000A0254DBE8E82B73C8FA8113E5044823DF4
:10C0A000E0D0EF3D777086BD562CA83C65AE8ABDCA
:10C0B0003CB5ADBC822506BC7A91963D5B8A1A3EA2
:10C0C00090DDBF3D7463103E60E252BD652BDE3DE6
:10C0D000309842BC332F993CB428A33D37C12E3E43
:10C0E000BF22613D9687423D13D70FBE7522E3BC48
:10C0F000B44582BDC4C51BBC7B1B9E3D45D9D73D05
:10C1000062148C3D039B5E3EDA5B7FBC55C79F3C4F
:10C11000F3809C3D177ED13DDACD59BDFF62703D65
:10C12000E58A2FBD5C2AF63D51A608BD03B4EDBDDE
:10C130005151E6BD5EE8ADBDC08EACBC881CC33DB0
:10C14000F37111BDBA9668BD05B817BE5F1A5ABD26
:10C15000EE7B71BE6FA48FBC5D8D023E5B48D73D08
:10C16000F564723D21D3583E9555B2BD900B53BD39
:10C1700041B8F13D913B2EBEE951D63BF2A536BE0A
:10C180002C936EBDAF7FBE3D20F709BECFAFA23D61
:10C190008BCCB43C2938BF3CA4EC403EF1F2A5BDA9
:10C1A000F866BFBDCD94A63D8E889CBB78D4973DE4
:10C1B0000BE50E3C5A73863E092A213C3AF435BC05
:10C1C000D02B843DF120A1BAEB6495BD94B56B3EB4
:10C1D000C6E884BA42F23CBD5FF7883DCCFB1DBD8A
:10C1E000B425E2BDA7B3033E7007F0BC2DCA483D9D
:10C1F000D0549E3D13B53FBEF8FD7CBD8E35093C45
:10C200007301013E33D5183EC898D23C01393ABE7D
:10C210005225693D9936C2BDA11100BEAC5B18BD67
:10C22000377FA43BB283983DF55982BD01EA703B4C
:10C2300009602E3C52AEE03AC8EAE43DA7E3A83CD0
:10C24000D330853CDBE9413DC70C3E3DE10E753EF8
:10C25000583F10BD2325993DF894B9BCEDD4463D17
:10C260002AB74E3D130FBB3B940EC6BDB4B9C53DB6
:10C270000BC05E3DBCFF33BE7B1BB8BDC78162BD3A
:10C28000FB421C3C1676E2BB2371DEBDFDFCBE3CCE
:10C290002A40F9BD619E2C3EBC6F99BDCFCDEC3DCF
:10C2A00096A3D2BC0DA4E1BC64BC263E921372BD21
:10C2B00061B89C3DDEB68BBD7C52A0BD02370F3EFF
:10C2C000FA03F83D80B054BC27871C3E6FB409BD0B
:10C2D00065750738A20AD43B7C1A0F3C85B56A3EC7
:10C2E00066D1223EFCC0493BB90F1A3D8DDF133E9B
:10C2F00035273D3C4CADC53DD3721C3E230DC03CA3
:10C30000DA5D84BDC6590DBD15FEF0BD58A3E83DEC
:10C31000FE828EBD9ADA1E3C93E8D33D7A226FBE30
:10C32000530072BCBF8A1E3E5AAC8EBD69E7C33D46
:10C330006FFFF6BDD58462BD8B5436BDABEF43BEF7
:10C340005CA0B6BD920DFC3CE7F9FCBD6C7855BD18
:10C3500009632F3DD2EAE5BD4445EDBD217697BD89
:10C36000E71B5EBCA331BFBD0982BBBD9D6153BE4F
:10C37000ED346CBCB2BCD0BC83CFCF3D2D19803D19
:10C38000D93DCABD1AC1A63D2FE587BDD33F88BDA3
:10C39000594A04BD2B32683DFE8CB33D48D26BBE7A
:10C3A00051D2233E4EECA4BDE5F8773D69D0A8BC40
:10C3B000870A5F3DFDD2A43B9E3F983D189B29BE56
:10C3C00095202F3D901F303E148B8C3CE9A97EBBFD
:10C3D0004D4FDCBCA1E4F5BD14F651BDA26ED13CBD
:10C3E0001851173CF66E73BD43D7C5BD46A5873DB2
:10C3F0003DE9E1BBF5884FBC75AA53BD2AD380BD8A
:10C400003140BABB4F735ABDB039D5BCAA7F57BDB6
:10C410003025AC3D8BF93CBBEC19B5BD02B4BE3C3C
:10C42000ECBC00BD7F56F33C02E8173D1D5894BD9F
:10C4300057BF4ABD0899033E07FF3FBD1C690DBDAC
:10C440003A48E7BD4A32C63DA324013EEB7CC43DD9
:10C450007B3C033D9B42DBBDA660F4BC6C3EA13D32
:10C460005B40A63C6698C0BC5506953CF3CF08BD22
:10C4700014B09FBD02354CBD0EE276BC89790A3CF2
:10C480004C009ABD4E9D8CBD00B707BEFEEC16BE9B
:10C49000A439C53D69969F3D3E4B4BBD92CAE0BC59
:10C4A0007DD5843C3D992D3D223BDDBC98E30DBC00
:10C4B00081A04E3D5AAC4B3D003CB83D958BBCBD78
:10C4C000C90813BE1B77183CE1B643BDD3C1FF3C7E
:10C4D000C506383CEF24243CCD6FAEBB6D9F663D56
:10C4E00056B5123DB871173C82008A3D795031BC77
:10C4F0001BE10FBD7E2DC0BB71D3C6BC12DE97BD44
:10C500007AF8963D323303BED50A213B73424DBBC8
:10C5100009C30BBD5BB387BD557734BE375B7DBDAB
:10C52000F06B533D98C119BEED59D2BD25FE32BC0A
:10C530000FC02BBDA808313DE669B9BCB936923AA7
:10C5400097D16A3DD387B63C0E85F83D6E9BC4BD3E
:10C550004F81963D82F12F3DACE23D3D5BCA7ABDF5
:10C560008EF3C0BD7C6609BDF3BC6DBDEC141D3EF1
:10C5700091D5513DEAE3EA3A6A7FAABD3892433E3B
:10C580003360913DF918D63C26B7C2BC03CACBBC78
:10C5900002230CBE89B2C1BDD795143DA1D5DB3CA9
:10C5A00017C30BBEBFA11B3D1AE7C4BB5B4302BD53
:10C5B00080AE403DD7FDCFBD4C582DBD0140F73B6F
:10C5C000F6CFADBD51E57FBD8A5AF93CC8401EBECD
:10C5D000FC1F64BDDF1D823D329E3CBD4509FC3B16
:10C5E0008D30F3BC1F52913C39940EBDA89CC73BC3
:10C5F0004B3EF9BD9F93F93CB2E303BE05DB5C3DC6
:10C60000F88AA23B2406C7BD6455CCBCF31FE43CAA
:10C6100012411ABE87E364BDD194003EBDDA2BBE41
:10C620000A6A88BD5CC9483D1309033ED1E644BC93
:10C6300012BFEB3D10FE9DBD500B223E9B533ABCFA
:10C6400047150B3EDAD14C3C0C1B55BE1FF3093D80
:10C65000A461843D095E883C5BD11DBE4E7F1D3EBA
:10C660005935CABB35DF9C3C1EC6C8BCFA44BC3C2D
:10C67000AAD0C9BD10A7203EDECE133DCB9C95BCF1
:10C68000403D923DB3A4A83C922862BD97FC29BDD1
:10C690006A83BF3DC286283E353A223D726D1EBE7A
:10C6A0004AA1F3BABCEDAE3DFB93083EA20723BD01
:10C6B0007C446CBD926913BC29D4953D8E972FBEE6
:10C6C000D042EB3D0E31ABBCB4BD353E2737B9BDD2
:10C6D000DDEA4DBD1007983D97ABE2BD10EF073E78
:10C6E000A9E6C13D903AAF3DBE2C48BD033A09BE14
:10C6F0008F8091BD6888D43CA106093E43FF9FBD51
:10C70000ABBDCD3D6A36E1BD186E7E3D350714BD2B
:10C7100020509BBD046CF1BD44A4D7BCC456A6BB3D
:10C720009BB0DAB914D1E93D7F7BA43CD7C6373E34
:10C73000F0D37C3DA0E04F3D6841013E955269BC7D
:10C740003EF4133C806AB43D2BE3ED3D84BB5B3D7E
:10C75000E473B73D607905BD441645BE5A16C53C25
:10C76000BC47C2BCC8C57B3DCCDC0CBD4F7F283D5F
:10C7700042D7153EEABF173E87C78D3D69A3DF3C10
:10C78000C66B61BDBDA8153CE64B56BDF4CD873DDB
:10C79000B28DE4BD60A39D3D1071EC3DEC8EF23D89
:10C7A0009865E53D36279B3D6DD618BE61851C3EDC
:10C7B0002776993C1F592EBE86A7D1BD23759FBDF4
:10C7C000D966573AEFFAD0BD225E73BC3F230CBE48
:10C7D000591D6BBEE203183E774A70BD11BF893DFB
:10C7E0006E02A7BC9BAB88BD130CB83D00FAF03DB0
:10C7F00045414B3D58C1413D29BED13A46FBBD3C68
:10C800000E2F2C3D514B4A3D906C89BD0E20D0BC63
:10C81000993E263D64650F3E52B6BFBDC188CFBD6F
:10C820006264DB3CB93CB13C92E783BDDEE5563E39
:10C83000A31BDB3CB7BD6FBD4B6AE7BD402170BD9C
:10C84000C942B23D381FC8BD0C396D3D68DE663D3A
:10C85000C312173D44A18C3DCBB39CBD26EB92BBCC
:10C86000672A32BDD10C1DBDE6EE2FBD8990003E7A
:10C870006AF364BEB7E8043D6EB3B4BBD14ACC3DA5
:10C88000B07C2E3E533E6EBB5F485B3E2D88C73C5E
:10C89000BB78C7BD5112BEBC65A4B43D8035D9BDBF
:10C8A0002008FDBC531C01BE0A0DB8BD7833BABDCB
:10C8B0008963E33D7C4C3BBD5EC2873CF24D0BBDC2
:10C8C0002C1E643D2CC1AF3D48DDD2BD1E30353E2F
:10C8D000449A2D3DB1F997BDA11C65BD4BF7953B21
:10C8E0001B1F153D5A3F8F3C6E1F2F3DD3CD14BDEE
:10C8F000364E7A3DFDA9813D7456923D32DF993D19
:10C900001E173BBDE4F110BE692D99BD20C6DABDEE
:10C9100066FFBE3D2E238EBB994A89BC9FC9943CBD
:10C920005B2DA9BDEF121B3DBE46CF3DB79626BE7F
:10C93000B0FC13BE6E85A53DB81B87BDF89C3A3D83
:10C940007B92C5BD0769C3BCD1BAD7BDC0EF3B3B25
:10C95000924819BD257929BDB4195FBD5007D53D51
:10C9600000C65E3D815F153E067E4E3DA6BE543D2F
:10C9700093E6A63C8A052CBE9A187ABD11C3D4BD95
:10C98000E3A2E2BDF06B483D2A3609BC732A083D9C
:10C99000ACC42D3DC6C829BC25A803BC3DDC96BD52
:10C9A000663F25BD808727BD0EF2AF3C20B6DA3D3D
:10C9B000B49E1D3DE1FBB8BC053A78BD2C01A6BD77
:10C9C000CBC6B53C2CB2E13DA417EE3B86F8F8BCD3
:10C9D000486717BD16409BBCF86CF4BD14409E3DE3
:10C9E00084B9EDBDBA63863D1DF4DC3BAFEE083E75
:10C9F000DEBBE2BDABB4C73D96FD293DA2919F3C95
:10CA000049AE033DD56403BE9AF7A53DE36A94BDE4
:10CA100097B5743D419506BE197D88BC3C7555BDE2
:10CA2000AFDDD33B3F828ABC383DF13C18A0523C7D
:10CA30008854C63C4C7278BD3AB028BEF8F006BEA9
:10CA4000F3329DBCC758DC3D7B21D53D07A3013E99
:10CA50008B2D733D883B33BEDCFC9FBDEC86163DC1
:10CA60009D4FE4BDA77B293D02BC5EBD915E353D77
:10CA7000DF831C3C3B4870BDCAD8A3BDB71E06BDB2
:10CA80005B74D7BD2FABC5BD7820F03D4204BCBD63
:10CA9000153741BDBC8362BDB1F62FBD5BB03EBD55
:10CAA00027FEB63C87F2A0BDC0291C3B2B53CB3DD3
:10CAB000B4C8CBBD1074A4BB1495D5BBB5D6F7BC18
:10CAC000473B89BD8EDF6DBDF9D6ADBBC31EA1BC92
:10CAD0007EBFF53D1589E23D08DECCBDDFBD8A3C59
:10CAE000EC85A3BDED2379BD3BF8893CE76AAF3DFA
:10CAF00084634EBD23582EBDC091D43DCB26403D0E
:10CB0000AFDF173E46D85D3B67D8993D94AAFC3C01
:10CB1000A7B292BC7D45563B1D7D42BD32D0C3BD00
:10CB2000D10F443D77D4ADBCD45AE33CD65ECA3C69
:10CB30008965DCBDC9D6503D012A9DBD478A08BD27
:10CB400063F8ABBD8305C5BD894BAD3D66F780BBC2
:10CB5000A31787BDAE2397BDAED7E53D618E2D3DB2
:10CB60003C9D8F3CBAB578BDFFB735BE175627BD83
:10CB7000C948CBBCB9D0B5BD325888BD4F7E71BD58
:10CB8000EF36A3BD3A642DBE2A747E3B8E1F3B3D1B
:10CB900010A089BD43D13DBE6AF4AF3D0036B23D21
:10CBA000395281BDF0219BBCC6F4923D1C05483E24
:10CBB000FC51D9BDDD5A813C3DF661BD93B2BABD91
:10CBC0009584413DBACDDABD920547BAD5AFF3BDE4
:10CBD0004FD986BD6C8C363E932669BD1F3F31BD53
:10CBE000D95E053E4B2490BD96E26BBD2860BD3CEE
:10CBF0004666BC3C6D71A3BC88836FBB698273BD04
:10CC0000ECB63FBB2FC4553D439EB03A8583433DB0
:10CC10008C11803CF1D21A3E892F97BC9A9E523DCE
:10CC20001FF9233D97BAE53C05DC28BD5459333E36
:10CC3000EE2F103DD608A3BB6BE21EBE2F47A8BA4D
:10CC400055680B3E8DCA01BE11751B3DFA19AEBD6C
:10CC50002710F63D644DD43C7737D7BD2D40D5BD68
:10CC60007A9315BC1FE8F53D4DD004BECCEF293EAC
:10CC7000ED39A6BD124B8C3B4066BA3D47BFC5BCE3
:10CC8000BE72403D4E17CF3D4F972C3ECB8C293D79
:10CC90001C5F29BCE4B2EABDE3A52A3D1AA911BD77
:10CCA000FF03E33D8427DABD3215A5BCA439EEBDF0
:10CCB0009201263D062DD3BC1B287ABD2D36823D20
:10CCC000301A9B3D5BA5073D8D9736BE57941B3EA2
:10CCD000161A923CA1EF883D7532003D456B2BBD85
:10CCE000CBD0073DBA29673CD855B5BDCD0CE4BCC7
:10CCF000B44A4FBD317943BCFA5CEEBB7773043E56
:10CD000009095FBD2310413D1126A1BD59DE5C3DDF
:10CD10005F89F63DB06C6FBDCFBAA03D6D21C8BB39
:10CD2000D2EE303D52031EBC01B375BDE15068BD6B
:10CD3000B0144ABE1A1E893D57D752BD0752EE3D68
:10CD4000D76564BE9AB5003E57E59DBD42AC2DBD8A
:10CD500099E0113C26509E3DE3ABAE3DEE60613C58
:10CD60001321C93D3121873DA948533E8449FF3CE9
:10CD7000D68BEA3DB5A533BE28E0AEBDE9DEE2BD07
:10CD80003E31C5BD00EE333E4FE289BD89AAF0BCFD
:10CD9000CA5CD33D2AE2033DD0E538BD1D8936BECD
:10CDA000F5DE36BEE860933C642401BEDC32BBBCD9
:10CDB0009C35D13D116C883C1DB996BD5ADC46BDF1
:10CDC0000A68C4BDBC0C9F3D3789FB3D73A9D6BC26
:10CDD000D409813CCDC76EBD2302243B5235F8BD3A
:10CDE000666263BD8940B93DE83AAEBD001792BDA9
:10CDF0009C0B97BD69C9B83D34054F3CC99301BE32
:10CE0000D783E0BC0349F7BCEF58603D68851A3D05
:10CE1000492AA5BDD1B133BDDF9C123E64B13C3D72
:10CE2000D96513BE930BBD3DF313BA3DF391D5BD48
:10CE300045F8BCBC3F20353CA3FFDABD934196BC0E
:10CE4000E8ACD23D7AEF353DAA38963C35685D3C7A
:10CE5000A130C23C0E761CBEF46BFC3D802D91BD12
:10CE6000E6BC17BD1F0789BDBAEFDB3D8F4482BD0D
:10CE7000F729223E367A173E857BA23D6F9272BD1E
:10CE80009CE5FB3C9C1EA3BD2AF7D2BD7CDE16BDF3
:10CE90000AD09EBD3CC30DBEA607D6BCB64A40BD57
:10CEA000AEC3E4BC5ED0CCBD934744BEF81BA8BD66
:10CEB000FC365DBD408B28BD7374653D45964EBE06
:10CEC0002E17F2BCDA9AEB3C2809903CBAA4C5BDF7
:10CED0005F0CF5BC4F15CF39D4B5C2BC3A4884BD00
:10CEE000D7BD09BEA150883DC8B304BB3576B53D5A
:10CEF000956D3A3D211F20BD8F9D2EBE45DAD83D50
:10CF0000A577C93D882F1A3E1B357B3D584A19BD70
:10CF10008C46053E426C863DEA1AF0BC9ABB2F3D1A
:10CF20007E8246BD55591F3DB59CD33AD6380F3D3C
:10CF3000C8BD72BA568C0DBDDF65843BB4D0113CC0
:10CF40008F0C96BC6B9D113DF3D5813DC929263DC3
:10CF50001448C6BCCD68BDBDC01B733DDB480E3C4C
:10CF6000A5AA253D203D433C812F9CBD3DC421BE4B
:10CF7000B86360BD9D637D3D4602CABD896396BDB1
:10CF800031EF933CD42FC0BC4967103DE31A793C84
:10CF9000B0C0FD3D3A9894BC69618C3C61C6DA3DF5
:10CFA00050D7923DEA713DBD16F60CBD7DD380BED3
:10CFB0009126A13C4A32D0BC661768BDDF8098BE7E
:10CFC0004C633CBDE8DE52BD2165143EF97816BEC7
:10CFD000F6EFBCBD0AD9ED3C1A46373D6821A1BD2C
:10CFE000C6D9543BBF9C633DF8035BBD7517733CCA
:10CFF0002E04183E38D6CD3DEF08393DD6AF87B761
:10D00000DCBEB2BDC5BE653D8F79C53DC39D993DB2
:10D01000DF5A3BBE9C1EB0BD5A92363DB319843CCC
:10D020006EF4AABDE229DE3D4041063E3F3645BCD6
:10D030003BABFA3D887F333D326C313EE8D3053E51
:10D040006980F3BDF939A8BD9509BABD38725CBBDA
:10D050005C0C163EA5724BBD41CB113C073B6EBD2F
:10D06000D8C0F73D45BB853DB3CD8ABBED693DBD1D
:10D07000D41175BD1B01E03D7548063E12F6223EF7
:10D08000EC6CB73DFEF15A3DD2A34EBE47A6123D11
:10D090009A13183E2EAF773DC53ABEBD93DDD03D05
:10D0A0006FDF54BE7FC380BDAF4A2F3DA6879C3D36
:10D0B00080A78FBD941E3CBD0563D93CAFFC4D3DA0
:10D0C0006E96803CC74DEF3B2C38953B80B807BE31
:10D0D0004690913DB33621BE5FF5F23C3E4BD03DCC
:10D0E000513BA2BD8C6A323D56E3863B70C5A7BD5D
:10D0F000CDD131BDA012EB3D38ACB3BD65D49BBDE5
:10D100009D5AD93C5909E33AAB6981BD7B7B89BB08
:10D11000173020BD5610293B2F9303BE02232A3B14
:10D120007024B83D7B24B63D7D63743C6C99FF3B15
:10D13000DDA7FC3DAA8843BD8D76603D7705293D7E
:10D1400099182F3EFB2FB93CA2CFB43D0579073D7E
:10D15000066BBA3CB55DE73D71E25ABDB6E676BCFA
:10D160008AF008BC68AB2FBDE072C43C7C651E3CF5
:10D17000BE37073E14DD153EFFCCFBBAC29EF73D1D
:10D18000CA291B3E3DA199BB9E8DFEBD461CC2BD5A
:10D19000B8F58FBDE8649D3C495F813D0DD3313CBE
:10D1A000EA4A2A3E1017D53C378ACABC08511A3DB4
:10D1B0005C6CDCBCAEDBD1BDD8EA0DBD834C7ABE65
:10D1C000C989F13D9BEE32BEFB6578BD7049823D59
:10D1D0005BBC42BEB5338E3D053C533DE4A0C7BDAC
:10D1E0005716D7BD786BDABD266226BC1729C03D1D
:10D1F00009A0863E11879D3D86D16DBD027205BD99
:10D20000BFA6AA3D6A44DCBCCC74343D3B31AFBD03
:10D210000FE9E33D99DE1D3E079AAABA39C6AF3C35
:10D220001F0D1B3D6263183CDD6EBFBB1EFE853DBE
:10D23000CD851CBAF7FB18BD298C32BD3C8DB53CA1
:10D240007F93793D955D04BE1AC467BDC6903E3D8F
:10D2500020301E3DF72DFB3DE9118ABD26EC19BD9E
:10D26000FD3B03BD61A44A3DFA4913BDE44A2F3E8C
:10D27000819064BE7AAC29BE6FEA873DBA3FD43C48
:10D28000A24DE53DB91C4EBDC85A573DC07A46BDBA
:10D290008AC8DCBD81C7633D85A7843D0050A83D99
:10D2A0000D2B113EBC48CABCC8F87DBCA1C1C0BD95
:10D2B00044073A3E12F726BC0CA3413D89F2333EA7
:10D2C0001AADB43C8E57CA3D983F75BE69ECDB3D44
:10D2D000B08514BD744FCC3D1100293E1C13F53DA3
:10D2E000C51CA03DBAF5CA3DA68D43BD57646ABDB5
:10D2F0008D723ABC52EF9C3D94B80D3E1C10E63D39
:10D300000158CEBDD9E599BDA1FBDFBDE435A1BD76
:10D31000CFEF8F3D0D0A92BD58E1893DBADDBEBD0C
:10D32000F5CB423D0EA7C5BD6E51033E4AF6C8BDC2
:10D33000152B82BD840340BD0BDA13BD5DC2B1BDA8
:10D340009398CABD63B0F23C5CA3773D8E6C813D7F
:10D350002023B4BD517E0DBD124FADBD9920B6BB8B
:10D3600020524EBC7E85E73CAE41D93D3E5ED43C6A
:10D37000D52D5B3D091E2CBEA15A37BD70564C3DC4
:10D3800038C41A3DBF70133E22CD36BEDB57543D24
:10D390008F8C883C4342103DC20D00BE0068163B96
:10D3A000244FB93B06EDB13D7EF680BD37FCE03C35
:10D3B000F9762E3DD0495F3D7294393D6BB0B1BDD9
:10D3C000D7A207BD4BC018BC9769D3BD4A98393E58
:10D3D00061AD27BD68F8D43C4551A6BD71EA4DBC8E
:10D3E0009FBEC2BDB7A54C3D9D078FBCF277BA3C2E
:10D3F00071EF133E5375E8BC3E358B3B8721083CEB
:10D40000EF29D03DC808343E4FB2F13DB81183BD7D
:10D410006352D83DF305BF3C12E80DBD12954E3D59
:10D4200007648E3D104B163E9E61DC3D3E11223D51
:10D43000BF31BA3D1FC2523D13CE823DB8505A3D56
:10D440000BE5923DC15C56BDE6425F3D6CE3FE3D9F
:10D450000E2D66BD6446E93D710D86BD47D9CE3CB3
:10D46000E783B0BCB0089E3B76F28E3D179EF13D3F
:10D4700073019E3DD561193C2180E3BBC612E33D9B
:10D4800008B8433A5E06053E0EDACB3D89FC87BDFF
:10D4900051524E3CA694383EFF4D6F3D70ED10BD8D
:10D4A000F654F8BD8BEF1D3EE2100F3E7E4C68BD7A
:10D4B000976BFE3D5C17EABD3CA61D3CF28B083E17
:10D4C0003E56153E21AC9E3CEDEC2E3CE8B92E3D7F
:10D4D000F66B563D0891D2BD15E6703D07A833BDE9
:10D4E000B1FA393DB9E2243E0B9F113D68FC5D3C29
:10D4F0008DB6033CED8C12BDEBE5383D5ABE913D37
:10D5000042550ABE9650D5BD1F2230BDAC18B1BDE4
:10D51000CC9924BE21E9A0BDA8F0A33DD670ADBD35
:10D520003C4341BD3F0A01BEA96D76BD513A083E5C
:10D53000DFB96ABD5C053CBD0E18363D97790BBE60
:10D54000420521BD6558713DA8CBF7BDB020273EEF
:10D55000A596903D73D5BEBC9228B8BDFDFEB3BD67
:10D56000D8078CBB4F1C4FBC2D8AA7BA3E1758BD9D
:10D570009001D9BD267BDEBCC39096BD35F8CC3D6D
:10D580006780B9BC4F47CE3D7CBF453C21C7F8BC46
:10D59000997B4ABD1D38D5BD40A867BC60CA2DBD6A
:10D5A000A84C5D3DB542D8BC6B342BBE001001BD0C
:10D5B000BAD495BAAF980FBD24EDEDBD7616263ED0
:10D5C0007BC9143D6483EE3DE022253E483707BE0B
:10D5D000317CAABCAA5486BD665D1DBD6A03013EAE
:10D5E0008A08D93DD210F0BC14E4B5BC2787023AB2
:10D5F0009AC032BE5655063E49C2F9BC7024F13C71
:10D60000FEA090BD24E785BD7D8EFE3DFA7FC53D21
:10D61000A95841BE863691BD45B2083EEC17AFBD54
:10D62000A69C1BBEB431953DBB8C71BDD8068DBC8C
:10D63000C2F5313DC8BD0F3DB6D2BCBC4ED319BDFD
:10D640003CF306BDC034B83CDAF8BABCA9A4823DAC
:10D650009451BEBB9AB0D93BDF5B913DDB89CDBB1A
:10D66000B077E83C0959E93C9AF84B3AF644D6BD04
:10D6700005A573BD7CD5D23D4F01133DE5B2F03C0D
:10D680001AD474BB8333D9BD6244E6BD8CCD823DD0
:10D6900029DD44BD9F0758BD00752A3D9C53143DAC
:10D6A000E87ED8BCA96231BD123DEEBDEF1CF7B9D2
:10D6B00013C89CBD0043E63DCC7B383D0675AF3BAF
:10D6C0008D8C8FBD340BEC3CBD7FDB3D4BA24BBB47
:10D6D00071917D3DE9C731BDE27265BD67E606BE69
:10D6E0004C44EBBD2AA48F3D8F7ED8BC435AF33DFA
:10D6F000905B433D282D14BDEFB4FBBD19A0923DB6
:10D70000C411B33D495B873D7FBDFA3DB5263B3E25
:10D710001E9E8F3D33D4293E95E0983CF42F253C46
:10D720008B5D693D09A22E3DF8901C3C57A6BCBDFF
:10D73000155D933D3ADBE93DB0DD1C3EF87C173EBC
:10D740005B378D3D151744BCC385DE3C2921503C19
:10D7500043EE05BE87BD3E3D4B25713D31A2D53D13
:10D76000AD813E3E97CF3F3C585698BDA44A833D7D
:10D77000B835003D101E3BBDC2CA6C3D73C144BEEE
:10D78000909CA03D3242B23D54FF113E3E419CBDB3
:10D79000C8B6B33C44B84D3DE971E53D8EEE133D4E
:10D7A000B89FFE3C337D153DCEFC243E3DE3C43C9A
:10D7B000CD7FB5BD85A483BDAC09083D4A592EBDBA
:10D7C000BC2944BDDAAB8DBCA755DBBD6C7230BD46
:10D7D000399F17BE8CE6883C886E5F3D82C11C3D38
:10D7E000C22E303DE68507BDA68C193C88B2043EAA
:10D7F0008AB3103D581227BD3C6E82BB6E9B443DE0
:10D80000AEFBF03CD3CC0A3E2C3411BEE86B23BEF9
:10D81000EF6E693D0698A43DE748033DFD55FF3D89
:10D8200019A2A63D885B2D3D6F80A03DB55C443CB0
:10D83000546BB6BC5C6619BD373251BD752EA4BDA4
:10D84000668C6EBCCED51EBD3C95B13DD9E454BDB1
:10D85000B0FE113C2A68663D39EDBABD0E2E093E78
:10D8600007B4053E6A1F22BE4C91B03D32BB6E3BF1
:10D87000881EF4BC3977A9BC77C4A33DF76B87BD7C
:10D880002F2B5C3DDEFA95BC7D742C3EA3041B3D22
:10D89000EB21F53D5ECFA0BD2C4DE3BD0B8CE2BD71
:10D8A0004043C43C4E877F3C76F3BF3DD4F6613D98
:10D8B000D795F6BCB65953BDB80F843CFF53BE3D57
:10D8C00031555CBDD7C829BEE5845CBD5F50393D8C
:10D8D000C4755F3DCFE3BC3D365272BDD2F02BB96B
:10D8E0003AA9BD3D31DD42BD826535BDC90E3F3D22
:10D8F000DD60BA3CEDE4C4BB05DE17BC98268DBDE7
:10D90000450FDBBD3C6B9EBB214449BDCBCE5E3C8D
:10D91000B83FE4BCFD84CDBCF8B058BA42ED303D10
:10D9200078C9C03C13B0E0BCEBD781BD58CBA63C56
:10D93000A0D7D8BBC3DD5C3DF99E033DE0CAC7BD9F
:10D94000666B81BD0037EABDA7CAF43CE7FE32BD75
:10D950006796223C8E2982BCC74C023E05EB6DBD0A
:10D96000AEF0BEBB51D8F6BCE0F25C3D367D01BCEA
:10D97000E52E573D6CC670BBFEC4B3BDF0A1933D10
:10D98000EE0B2BBD5031213CCF12C33DE13CC3BD5A
:10D990003D62E83CDE6B983C68F8F8BD8D8DF1BDCA
:10D9A00044EC81BEBF43DFBD33A1DC3CBBE9EDBD30
:10D9B000FD0DAE3D2ADB253E8844FE3D8AF6AC3D9A
:10D9C000BAC12CBDBF8AB9BD9646A03BCC533CBD65
:10D9D000E6D2AB3D9CD333BE77F9AC3DC24644BCE6
:10D9E00030F0EEBC4D66153E915EFABD6E2C51BE18
:10D9F000B083B4396BED083D94561B3DEEB31D3C2E
:10DA00000491C93BAB07273E618686BC62F84F3D57
:10DA1000E5154ABE3B60E6BDED70183E916358BC0B
:10DA2000D125B2BD76BE253E13AA8C3DFD35993A6F
:10DA3000ED26013E77BBD03D366ECE3D4A01063E17
:10DA40006BA27C3DAD57E8BC39B383BDEC6848BCE4
:10DA50002A9DE13A9D57D5BD61ECAC3CA23BDC3B35
:10DA600048E2263DF044C2BDAC002C3EF2A544BEC7
:10DA7000A2B5843EBA36463EC989083D8581FC3D43
:10DA800064ECF4BD8932A43DD7381DBED136B43D17
:10DA90001C7E0C3E7F5E14BDE798DEBDBE6AAEBC48
:10DAA000587E21BE40CC113EE40909BD6FA5EB3C78
:10DAB000B4C0D9BDEBC5F33D9F522EBDA21C05BD20
:10DAC00033FA7FBD8CEE243D55237D3ECB3160BEC5
:10DAD000DD284A3B9F3620BEF6887F3D81BA5EBE78
:10DAE000257D183C4B5A9D3DFAEC0EBDCDE5E03D41
:10DAF0006D9BC63CDA3E423CDC0F90BC631146BDD8
:10DB000095C03BBD9487C7BDBFAF913ACAD2BF3D58
:10DB10006608A7BDA5FA4EBC17D5E93D9BF3123D9B
:10DB200019CEC3BD1EE701BD012F113D7B47933DBB
:10DB30009603FE3D569A95BC7C7ACA3CFA0BA9BD69
:10DB4000B30819BD88FFA93D9ACDEE3C7A385C3EFA
:10DB5000B15FDD393DC9FA3BB1D7A53C3BD5E93DC5
:10DB60008C5B5A3D1DB3203CA846F23D858F643D39
:10DB700024301ABE12B40B3ED24813BC8A06A93D0B
:10DB80001659373E8225B5BDD9A5CE3CD0C7B5BB09
:10DB900049DA18BE4A7DB2BD6C4A823C5D4A973D67
:10DBA000EC2C943D721CCABC54B497BDA21A093D1A
:10DBB0009AC0A73D42FF253C62A135BD80FBC6BE91
:10DBC000EDCECB3D84D98B3D8925DDBA5F1C8CBD64
:10DBD000D19145BC50CBBEBAF9A19B3B311C52BD83
:10DBE0005EE893BC41B138BDB1AF303D5130603DCE
:10DBF000729B9D3E38B0BE3D82736E3E1367113DF1
:10DC00006544A83DE73ACD3DDD5C273D935E2DBDE3
:10DC100095BD05BEA6711C3E236A29B9D2C3B93D84
:10DC2000828A9F3D84E3CB3DD96F153EFE612E3E37
:10DC3000FA5CBDBB69BF4A3DB92CF53DD5DAD63D8E
:10DC40007F1CC2BD34C52CBDB1A408BD7AA008BDDF
:10DC5000C7C5463DEC568A3D0891143E2B4A2D3CE3
:10DC600075A31C3E68B65A3D4730A5BC1102253E3F
:10DC70000DCD00BDFB689EBD56B4403D12A9F53DDB
:10DC80001F82BC3D09060B3E922949BD1DC033BD14
:10DC90009C62613C3E83C43DB8F02ABDD1312F3E29
:10DCA000B0C91C3DDF36E8BC7E47B83DCCF9FE3D2F
:10DCB00055F4603D6E989B3BB9481DBB15F08C3DFB
:10DCC0000310673DC35EC4BB3D7219BE531BE5BD67
:10DCD000C9F99F3C2FD601BE460980BCA9A1193EB7
:10DCE00062088DBDD9128EBC016AD3BD01A16BBD86
:10DCF000111EBDBC23B13FBC595D04BB4A27F73997
:10DD00003CD1FEBDDEBE153E2DA708BE679A23BDE1
:10DD1000F4E38F3C5B3A113D0A5B42BE52E1863D23
:10DD2000CFE6E4BD65FF0DBEF46B023E1FC264BDCD
:10DD300035E38F3C741C343D7684D43D3507733D08
:10DD4000C863B13D538D93BD5DB669BCFFF4B8BDEA
:10DD50008B0DA13CAF03083E901E853DCD9BC3BDFE
:10DD6000C44CEE3C36A3973DD9E8B73DE8DA2A3EED
:10DD7000D3EA433E8F2D07BD7FEA11BD2B496C3E90
:10DD80002474E03D7FC3293E61D36FBEC0880EBDC1
:10DD9000B66344BAEC2E8F3C23C8C5BD07C99F3D6E
:10DDA000301A6CBBEC4B233E986E1FBD1A52F53DEA
:10DDB000C97413BE7BD4F5BCB4BB1BBE1999343DEA
:10DDC0007A016F3D9B758EBDF57FF2BC8D0328BE39
:10DDD000ECA7A8BDDC800C3E4BAA733C2847AE3CA8
:10DDE000DD53983D5E299DBDD6E68D3D7F42EB3DDE
:10DDF0005A5515BD180C873DEB0AB0BC8F60D0BDDD
:10DE00007F98A2BD7281443CDE294D3D4BFF2D3DE4
:10DE1000EEF28A3D4C0B303D846F1B3D33A38B3DAE
:10DE2000651B163C2CDBF43CDC7562BDC2653E3ED6
:10DE3000D26886BCC6720EBEB78F2BBE9A26C2BDF4
:10DE400044F6B8BC2E8AAABCEA0E303CE8E5CA3CCF
:10DE5000ECE2883D6AFE4B3D04C711BD90140FBE35
:10DE6000D19BD3BD0CC20B3EE4E84BBC8259C03DF4
:10DE7000ABF536BEDA2CB7BD7A3EB33CF31EDE3DC1
:10DE80002691523DE0ABCFBD38174F3E36BCD03D5A
:10DE9000FAD532BEDA205ABD9A62023E9DDBEABD57
:10DEA000A0DD693CAF7F51BD10C8383C41C5D8BD2D
:10DEB0004E42813DB57D613CAF6DF7BDA1DBD83DE4
:10DEC00099E3A5BDF3A5343D632117BE1941443E36
:10DED000B950C1BD267ADF3D728A973DDF72A8BD79
:10DEE000B5708FBD25B48DBDDBB41DBE32E5BABDA6
:10DEF0000BBCF7BB9B3CEB3D81DE08BD299C143E6F
:10DF000049FF1D3DD301983DABE9963A879F3EBD41
:10DF1000EAAF8ABC25AAB63D7A513C3DC561963D23
:10DF2000DC3A3FBD78673FBD88E40CBED2954FBE5A
:10DF30001998CEBCB3D006BD0B3E033D83DF8F3DA9
:10DF400046433CBEEF389ABBB736EFBDA5768D3D54
:10DF50009BC8E5BD101024BD1C05FF3D979C183ED5
:10DF600051FAFA3DD8EF873D27D7EC3DCD534F3DD1
:10DF7000C815543BCECDD6BD1A85143DA8A5F1BD1C
:10DF8000A03393BD779EA63DD4CDC33D0EAB80BCE0
:10DF90009ACAEF3CC434583DD92CB2BCF82A993BFC
:10DFA000B49039BE4C34953DA230313DAF74493EFA
:10DFB00093F9B8BDC4F739BD7EF80CBAC0A0D23D04
:10DFC000F5615E3DE13CB6BD3F598EBDB43A05BE3C
:10DFD000B45C15BEA876453D8929AA3D4271883DAD
:10DFE0009FBABA3DE5813CBE6B41AF3DAED6B83D70
:10DFF000F48FA9BD4F348CBC3842373D6C93B5BB10
:10E0000079FCEABDD7A45CBCFFD2553CB0BC963DC0
:10E010009A12A53DA8E2A2B9CDDFE8BD3FF51D3DAE
:10E02000C77EF33B927A86BB703D96BDD38ED33DBF
:10E03000D81B683DC15300BEE65EB6BD719D3F3D35
:10E040006B3B0A3E543711BDEF6AC6BBAC10CDBD69
:10E05000E60CA03D5B52E83DCC7B0E3D6F5759BDB1
:10E06000DF9514BE24FFDE3D59D895BD691A403EA8
:10E07000F390C3BDBCF48C3AD470E43C62AC153E62
:10E080008B4D513C4DE180BD09A4213E16E1A73DD9
:10E09000B8F380BC91E6A13C0D304F3E4BD620BC7E
:10E0A000968DBD3DFACC41BDAA77593CEC6F89BD38
:10E0B00026F0933D316210BD15C314BE322D49BD0B
:10E0C000932C5CBD63C5EF3A93A50EBDCA31073EE4
:10E0D000728F513D38EFA03D721BFE3DDB8AF23D51
:10E0E00083519DBC84A909BDD434E6BC0BBE98BD48
:10E0F0009AA6D1BD51820F3D7B53EA3D1E72A13DD0
:10E10000474020BDA5B343BD686CA3BD777F6EBDFE
:10E11000E220853DD455913C5E09F4BC06802ABDC1
:10E120009A7C663D6E4BC03C36CD433DD3A621BEA6
:10E1300003411EBD22C53A3CD7C3C23D7656623D5F
:10E1400061692BBD1F3FF53DD2DFFDBDDA20503D9B
:10E150003E8CDFBD9469A23D4F86163D5F64A93DAC
:10E16000315C153E7350093E140EFD3D246614BD0E
:10E17000F8D1D43CE4F1B8BDF1154DBD5C8287BD4A
:10E180006F56C5BDC2BBC13DE07406BBC85F4F3D05
:10E19000069D063DEF510B3E4B62BEBDCECD03BE8C
:10E1A000CF33D5BDA9822CBD266EC9BC13491DBD78
:10E1B000EC3A85BD84BBA83CBA2BF43D6A3D063ED3
:10E1C000C172D93D9179E2BDFC41DCBD4B30A6BCAA
:10E1D000E506A73C4DD1A93C1B39B03C5D0CA63DE2
:10E1E0003F76443CAAA97E3D6823E0BDB584093D45
:10E1F000B1F09D3D37CCD5BD4BA8EABC1295833D0F
:10E2000038C7F93D98ED5B3EB1EB26BE13CFCABDD2
:10E21000E5BC973DB596F6BB00566B3B13DD453C20
:10E220007F21E5BCD583B5BBADA045BDD465E43D3C
:10E2300003A5DEBDA8944E3D732E7FBD33BACF3DFE
:10E24000B7BA13BC2100ECBD9DA40A3E2985603DF0
:10E250002610DEBD480ACC3D724EEBBD75B631BB13
:10E2600045DABD3DDB3468BDADF0C23DD8F6CEBC6D
:10E27000315C373ED2C0603CCEF67E3DA3DE373CFB
:10E28000BD7607BE7F60013E80E9C93DF79B4C3CEF
:10E290003676193E0DC653BD8233D0BDAF0602BEE1
:10E2A000A995D3BDE6679D3DF6C11FBC2968113D08
:10E2B0003912603D26942CBEBB4560BDB12D84BD96
:10E2C000F924313DD62B113DCC98243E6E2E913D44
:10E2D0009B2DD13DA89446BD829980BD1B809FBDDA
:10E2E0000BC12E3D40A8ADBAFB7BE93C3AE4263D8C
:10E2F00014B28E3C66B254BD430887BD1BAD36BD1B
:10E3000018980A3DF33845BDFCBB6D3DB95A7E3CBB
:10E31000B3D700BD5E4B28BE0FDEFD3DA43602BE66
:10E320009E325CBD8B13113D4F65333D35D8483B64
:10E3300023F2E3BD6BA6B7BC0D400E3C037F21BEAC
:10E340005A7E03BD7CE32F3DA137953DED57DEBAE4
:10E35000F7BE803DA853013C2D2D8E3DB6779D3CE8
:10E36000D9F1A93CCB619ABC7B1C4C3DC359183DEB
:10E370000AD2253D48E794BCCA7C383D563585BC59
:10E380003E25B9BCEE67153D478F713DE18D8DBCD3
:10E39000CEF91FBE6EF5533C53B742BE89FDA1BDF9
:10E3A000618302BE360BF2BDE4C1DC3CF22B863D3C
:10E3B000A997AE3C17DB9CBC568C2B3EF35DDBBDB6
:10E3C0006C9CAA3D46C912BEC381D8BD77777A3D01
:10E3D0004B7559BDD34BAF3D2E7414BDBB6A29BDDF
:10E3E000691983BCB71DD0BCF46B24BDF5F4133D93
:10E3F00026AC223ED7A3F8BA9DA936BD917635BB8F
:10E400001A292A3E2A16413D4B04EDBD7AC8F6BDB5
:10E4100000398E3D6099A4BC816118BDB13758BCEC
:10E420001D850DBD5D43BF3D3446DA3DF684E23CBB
:10E430002B48BABDE1D561BB19752F3E80CD98BD83
:10E44000069E2D3CD6E9B6BB7C23783D914C2B3DF6
:10E4500054679FBD2CBFA2BDE3A33DBD9D07093DF1
:10E46000E829413DA41765BD27323D3C493F95BD94
:10E47000801B393DD2ADEABDF98A923CDCBB9E3DA2
:10E48000AEF2CE3D0ED1293D458B51BB51531F3DC0
:10E4900052F7B63DD184A13D4FF1F8BB14B8CABBC9
:10E4A000F1E626BC0EF6183EF863023D4AFB693DD4
:10E4B00057B6C13C41253DBDF7CACB3CDD89823D05
:10E4C0004E2A83BC12D001BEBA367D3CC3F319BCC0
:10E4D0002CBA253DF65141BDCF3D95BD767A2E3AF9
:10E4E00009AC053B6569A5BD6CF647BC57D072BC4D
:10E4F00039438F3DACF095BDA25A11BDE092A5BD48
:10E50000079E75BDE91139BEB817D4BD43565FBD2E
:10E510005F519A3BCD6C36BE132D88BD73A22C3C47
:10E520008422C33CDC28AFBD08AE39BCBAA19F3DF4
:10E53000C505AA3CCA77E9BCD5562EBD37153DBDE9
:10E540000EFC5CBC4D5649BEC6EA13BD8751E8BD02
:10E550002D29623C75F35CBD5B4134BDEAFBEFBD28
:10E56000244CB5BD44B6803CD0AFA1BD441D883D10
:10E57000F338F03C1AD9BB3D7B2EEA3B7616C83DFA
:10E58000FE9C10BD6659723C0F77FABC907A07BCAE
:10E590003C30F2BB59CFD5BD5EE8DEBD1CF615BEE2
:10E5A0000C16E9BD16F8E5BBD3DEBC3CEAF52EBE81
:10E5B00073DEAA3C51A722BD2131C9BCB787A83B55
:10E5C000E29BDDBCF807D23D4CD2E33D9BA5473D25
:10E5D0008BD39C3CEC6C70BC6C83BE3D4CDFFBBCB5
:10E5E0004E7B103E47C68ABCC9BB3DBBCB2317BE82
:10E5F0004C2E163DD4F0D0BC765A1D3DCC184ABCEA
:10E60000FCD8ADBD4957E4BDF6E2D53DFC88923D4E
:10E61000B5D60BBECE698EBDD74469BCBD3962BDCF
:10E62000A61F80BDA644CE3D5CEBE73C79502F3D54
:10E6300005EAAD3DB95EDB3D9AA94FBC5DA8343B10
:10E64000254620BD2C2F093EE17DDFBDF725BD3DD0
:10E6500038BF8D3CC6E8F1BC8ED88C3C5573533D19
:10E66000FF7B8A3DD68DAA3D3955723C99431ABD30
:10E6700029F937BCE177D93C97225B3D1B0FCDBA16
:10E680007837843C703B83BD002948BE8BB09D3DEC
:10E6900085E6D03C1CEEE9BC4E572EBCEE8C01BD8D
:10E6A000931405BDC13E0EBD277713BDFF9BBABDB8
:10E6B00016700C3D151602BDBF0227BDB5ECF5BDA9
:10E6C0006F807E3CDBE0893DB392DE3D19BBEBBC45
:10E6D00058C9B63C72E59CBD16BB503D325D92BC3C
:10E6E000E63732BD27498C3D7A2934BD0B5A183C98
:10E6F000B3FC5F3BB770D2BAAB8D8CBC83337E3D2D
:10E70000E693963C2932583DA972E63D8D175C3C54
:10E7100098BD663D1329F63C5BBEA0BC3281753DB9
:10E720008E8978BCFF329E3D7B4F1ABCF35ECA3C9B
:10E73000C0AE3D3E34F572BCF44A983D3E30DD3DFE
:10E740006D2CCB3D66A8CE3CCBA8CC3DAEBB013EEC
:10E750007893A53CF9FE7E3C8281B2BDB5429C3DDA
:10E760008A05E03D87B2BE3DC5C651BD7526813DD7
:10E77000F88E833CD9164538630592BC97F889BD5D
:10E78000B2E93F3D0E5D27BD959FCA3D959CAABD50
:10E79000FC904D3D3F02A53D171C193D163D1C3E0A
:10E7A0001B6C3ABB6453893DA552093D4595BA3D62
:10E7B0005D8202BE4461EDBD04B1B03C7B739B3D04
:10E7C000186D95BD2EED6FBD21BBC7BC0F59A73C81
:10E7D000204407BE99AB4FBCCC3D41BD8851BA3CEB
:10E7E00039146E3C091E74BDB382A7BC7EB3ACBDA8
:10E7F00074E7D23D628832BDE907DDBD4A7E8BBD3C
:10E80000F6F2A63D0B68273EE2B1FAB9F9F522BD52
:10E81000B58A0FBD7C6FFF3D6224933D2CD4903DA3
:10E82000D3FFCB3D52DCE9BCF745C9BD4EFE923D5E
:10E830004FF71CBC24C00DBDB1A55BBE8D8E58BC6E
:10E8400046B45C3D0BB4DDBD09E9EA3B3EACF5BD29
:10E850000B8E093D8C51B8BCDE91553D119E5EBCBE
:10E86000F843F83C9A34823D58F1BDBBBA53043D9D
:10E8700032F4D2BD4C4F803C612BA03D81A71BBC24
:10E88000767579BC4EC25C3CF71B683E8B99383D6F
:10E8900099D061BDB16F89BE81C0BD3D7DB72EBE2F
:10E8A000FC799EB9D4744EBD987126BD0318B33C53
:10E8B000A5B72D3D0EA3A0BC8652D6BD86196D3DD1
:10E8C00002F6DEBBE67E58BD4C8EB3BD3355A03C90
:10E8D000DA6116BD0CB08C3D5844473E52B65ABD65
:10E8E000CD5326BD78A5C1BCD4AFBEBC336F2ABD05
:10E8F0007A1B3DBCEBEC1E3C0A1FF1BDEDEE203D4A
:10E900000F0D0A3D26C0CEBC77DAA83DB7D6ADBD07
:10E910000CAF893C310A993D9825213E24927EBD59
:10E920001474CD3DE2D988BC95A8C5BD8D2899BC8D
:10E93000752B053BB194E83D1562BDBCC0BC163CCF
:10E940005FF93ABDE9209E3D564CB6BCB8A0A73D44
:10E950001E0D043EF9DE943D86A9A13D2503253E0A
:10E96000387D5F3B399DE63D962A0D3D1F31953D33
:10E970002F1ED2BD63793EBEAC2481BDB3D92BBD61
:10E980007ECA5D3D618B183D31FA053E0D299A3DE9
:10E99000E884D83D0186913CD829EBBD4F6304BE85
:10E9A000B00F5FBE9D5FD83CE013E8BC360668BD83
:10E9B0005048993B754E0D3D38EF92BDD8AF41BDE3
:10E9C0004173BCBC9AC337BD96A45E3D0509ABBC80
:10E9D00077B4B33C8068F1BC55249E3D21C284BD10
:10E9E000C561BFBC3490183A2189CFBC1034B13B0B
:10E9F000090F8E3DE56277BDCB3493BC07A5523D30
:10EA0000608CB43D0C3BE73DA7E7A83DB28F933D3A
:10EA10005745B63D05A1EABD0FB79D3D2768F2BD3C
:10EA20007B7C7C3BAD53563BAB02893C79F78ABC7F
:10EA3000578B9A3D1ED510BC6C64EC3DA5E1473C5C
:10EA40007B4AC2BC78FBBEBDB55A00BE2A0CD03C86
:10EA50006FA929BD1EA698BDB80F173D839F3EBD67
:10EA60004AFBAA3C09BC55BDBC2D28BB4D3342BC5A
:10EA7000B331FEBC0C54D7BD74D8933D7C8803BD24
:10EA8000255EEA3DC8A38A3D407AF0BD8BB1073DC3
:10EA9000B10B733D35E8353E2AB08CBD51558EBC67
:10EAA000EE1C17BEED0EB13C32BE863DA7641BBD09
:10EAB000FCC4EB3CC5599CBDDF8DE03CDD9EFE3ABD
:10EAC0004F9971BC8480E73C3AA0C03D0A910A3D51
:10EAD00079D331BD062CD7BDB3D79BBDAF32893DAD
:10EAE000ECBA6BBC23FE34B8AFAF9B3D696FCCBDB5
:10EAF00025A31E3C331903BD410F203D1B8A953CC5
:10EB0000D940483CC2EE16BEDCB0F1BC839AF3BDDE
:10EB10004897A1BCFA38763CF8AA863C973B483B1C
:10EB2000F5182C3C06859ABDC0D04DBDF3CDFC3DFB
:10EB30001BEFBBBB1A33D9BD6CE3233E98B90FBEA4
:10EB40008EF5C83D7B1BD63DEA73053EBF279C3D35
:10EB500021B7F33ACF0AD03D54CFB4BD0A500ABE14
:10EB600089443D3DDA57C8BC4DB925BECB013C3E7A
:10EB70007F0B1B3CF7075B3DF850763D4A01163E84
:10EB8000B704623D4085F23DBAAAF3BDED3C853D38
:10EB9000213E98BD6A56AABDCA1AF1BADFB4D23D69
:10EBA000BD74B13D8EC7B63DCF6C32BDFC497DBD55
:10EBB0004872053AF475283BACC08D3BEB4C88BEDF
:10EBC000C185F73DB7BC6FBD6FF6B13D8119E3BCA0
:10EBD0005FB8F0BD4999383DDC2519BBA2590BBE81
:10EBE00099ECD6BD4C274DBC969DE83B3D8C993D9C
:10EBF000E2AE5C3E045E693D9AAA293E4D7892BD24
:10EC0000900355BDBDF6B83D6365A43D3B9871BC0E
:10EC100070DDBFBDF7F472BDB1C9FF3CDC0EB23D83
:10EC2000D77B0DBD7896803D98A2D43DBC5EBF3D9C
:10EC30009EDAD83D5FCBE83D84D9143E7963B1BC00
:10EC4000C2475BBD7C5ACCBDD66ADB3DBFDC293CEC
:10EC500001018D3C8B9AC1BDB0E34E3D4080313BFC
:10EC60004139D33CE3910BBE1EA4003E4E474B3DC1
:10EC70007A43893CA9BED53D98132A3EC521193E49
:10EC80003F862C3DFD0959BCBB4E46BD908991BDC8
:10EC90005DE9193E7CA2D03D67D322BEB0D9CD3DFF
:10ECA0002D4ACB3DFBF1083C59F1F9BB6BFCF23B23
:10ECB000BCE19EBD3EF9D6BDACC0E43B18AED73A30
:10ECC0008B511EBC725A27BDA5C647BD601676BCC7
:10ECD000BEB3793D2D26D0BBD98472BD4329D63C25
:10ECE00085E60F3C9283A2BC5854B0BD05AF40BD31
:10ECF000B16E033D22B6A63DF3F016BDA906453D13
:10ED0000E2171FBC6F34F63CA06601BE2F079ABA0B
:10ED100040B680BD63B501BEA4550FBED7EC853D9E
:10ED20004FA32FBEA1403DBEFF02A53DA448883D94
:10ED30001EA2213C3705853C47DC613CAE2BE9BC7B
:10ED40004A36A53DDFED83BD04DBA73C7924E23DD7
:10ED5000ED451ABBC84AC73D6045D53D139781B9FB
:10ED6000369AEEBDEFCAC33C9B1CD43DF06F0A3E01
:10ED70000BC8C63D55F8933D3F6793BD70D0253E07
:10ED80007A8BE2BB28966A3D467A81BC8B5E0B3D4E
:10ED9000E8FE2D3D35539ABD61566BBD11FDFE3D1C
:10EDA000E31CA8BCF4ED083EE244863D8A08693EB7
:10EDB0009E9816BDFFB8D4BC7907B2BDC9486ABDDC
:10EDC0007855C83D5338B9BC86EB14BDDFDC983D9F
:10EDD000E10839BD74DC31BD73C9DABC3B0D8C3D33
:10EDE000DCE40C3D3A7FB53B38FE8E3D685BAF3DC1
:10EDF000A239063E2606663CB97E45BD71B7C2BC47
:10EE00009DF40B3EE39B28BDA7CF78BCBE85063C96
:10EE100091A91A3E2A90F93D28C629BDC458D0BCF4
:10EE20004C9AE13CA37C79BC05CF383D007DFC3C8D
:10EE30001AEDC0BD7430F1BB581510BE4685A5BC97
:10EE4000661F5A3CBA786ABD7EDDB23C701D553DE6
:10EE50000B95023E9BDE4F3DDAADD53CC1719DBDA9
:10EE6000BC38BE3B7C15EC3D9948E5BA2C783F3E5A
:10EE700000A871BD8C1732BE06ABDC3D82D4893C44
:10EE800075E3543D62C8453D9878023EABBCD2BCA8
:10EE9000DDAA2ABEA2809DBD7063613E6D58B93C5B
:10EEA000BAF7103ED9D115BE1780843D4BD7B33C7D
:10EEB0005300243E34C5CD3CD2BE953D3468FE3D62
:10EEC000C156E53D71CAD6BC7F4B10BE520E6A3D9D
:10EED000A3C6BE3BDE939D3DB8FCBD3DC8C0B83D5A
:10EEE000BAA8ACBD161D8EBC73E3E0BD748BCB3CE1
:10EEF0001FA7583C4981B23D51B7EA3CB00420BC41
:10EF0000556DF8BB7F4B1C3CD1591C3C170623BDEB
:10EF10004507563D00F34BBDF0F8F2BC266D913D20
:10EF2000A60A323DB46263BD6C24C0BC2BE042BE75
:10EF3000362A5DB91886EC3ADF4DDFBCBADE1BBD60
:10EF400071800C3D5AE5F83B654AC23C6E8571BD47
:10EF5000FC371F3BFA2984BB42C8D23C79A05D3DF7
:10EF60004AA96C3C0DC3BA3D4128693D8E3D84BD24
:10EF700089459F3D77D780BD82E3F9BD70AF833D62
:10EF8000D39921BECB4F833C0E373EBD8077E23D07
:10EF900075588B3C959C743DF9CE363CA98300BED8
:10EFA000C2D3E5BD150C08BDE40B36BD3C44D13CD5
:10EFB000887FFDBD3F3D7B3C973A943D12A754BDF1
:10EFC000EBDA06BDBC1213BDCF03863C19BFC7BD2B
:10EFD000E6DDE03C1A04A3BCA474D8BD49F695BD97
:10EFE0005102DD3B1A64323D8C5F12BC499C413DAD
:10EFF0001DF674BCB24B4B3C42ED6B3D5B91053D45
:10F000008E1D26BDDF173D3C2BBED93DB137333DAC
:10F01000CF2F89BD16EAB93C016E9BBD39F609BEFA
:10F02000E3608ABD5877003DCAC730BDFFF8B83CE1
:10F03000A047B2BC9D76BFBD633D513EC5A63E3ED6
:10F04000532CACBCA30AE3BD680915BE17083FBC2E
:10F05000953BC03ADC15973DE52FC1BCCC47143D2C
:10F060006523BFBC5571923C6D43B5BD81C0313E37
:10F070008CA2233D5D24D9BC08B0A3BDD8ADB63D5C
:10F08000DD0DEC3D36AC263E7A04BEBD75019CBD5F
:10F090005F87BABC6280FB3D7BBD393DE6F9443DEC
:10F0A00097134CBE8AA3073E423ADE3CBBA3B4BCD6
:10F0B000695BD6BC7F6CC13D3DDFBE3D6A440F3D00
:10F0C000460C74BCDE9C573ABA8C083E4BB202BD6B
:10F0D000F5FB493DE417F7BD80EC713D3F195E3DFE
:10F0E000B3562EBD292F7CBAE22ACE3A095FC7BD9E
:10F0F0000B3460BD5B4D833DA64A743D1097B3BD94
:10F10000512F70BD5677EFBDFBBF58BCF525B93CFC
:10F1100099769BBDC759183DA7E5C2BC871F033C24
:10F1200038489B3DE841D13DCBBBA63D9A23663D87
:10F1300016D68B3AE50387BD81D8353DB4F4603DE2
:10F140000AE7E2BB047D7F3D4D19B33CBBC5953D4D
:10F15000BFC72E3DD31A42BA16403CBE167F173D9C
:10F16000CD4A92BCE718A7BC863673BDE9D5C33D2E
:10F17000FCE978BB8CCADA3D24D2383DA74FDB3D91
:10F180001F1A84BD09D5D43D1AD636BE98E6B93DBE
:10F190008F8E0FBE8517BEBC06C0BB3DF522B4BC2A
:10F1A000AE22253E7818A13CE8D82FBE04931BBEA2
:10F1B000FABA59BC549B113DB070A43C6EC58FBDCA
:10F1C0002C78D0BD6D10F63C8CD0763CAE9834BD1A
:10F1D0002A11CF3D6ECF02BEF561AC3DCE8882BD17
:10F1E00063EDFCBCF11721BA6F48563DC511B5BDA2
:10F1F00061298ABDDEFA803D76AC3D3D5F65DB3D31
:10F200006E7085BD117B04BE8BADE43DD0B6B63DBE
:10F2100027541CBD7DBD4CBD867A10BD0BCE0FBEE4
:10F2200023DBC5BD3BBDBE3D679E1E3DAE3B04BE60
:10F230003CB9F03D106F8E3DE7B7AE3DBCA6AA3D90
:10F24000B92575BD11D80E3E05B6453B5C5E303E16
:10F25000B890633DB22E41BD93387F3D50D451BD2F
:10F2600019CC553D4F6BCD3D33D242BDDE31ADB9EA
:10F2700075CBA23D6B7DE1BBA599093DDF77093DCB
:10F2800025250BBE916C0BBD002BE7BD1587CB3C34
:10F2900019959CBAF5FD573DDC3895BD792DC23DD9
:10F2A000BEDFCF3C3149453D9FE8EDBB09D5B5BD3B
:10F2B000B0A272BB7FB3673D039B8E3D813E3ABDDA
:10F2C00012728BBD82D8DB3D3B59413C960E56BC39
:10F2D0006066E93BE5FC2C3B11B536BD4374D73D78
:10F2E000D87120BDCBB0F93DD4E3A73D8296203D37
:10F2F00058883E3D473F543D1EF665BC8C98D7BDAF
:10F30000E58C53BD72A2BD3D7F8AB03D557C2F3D3B
:10F31000E5E7FABD5A94F13D9881B8BC315AAE3B4D
:10F32000DBA2473D47B33B3DE5A3113D5F1A9F3D3F
:10F330002B4C983DFD45DEBDE67491BC7E83AABD95
:10F34000AE21313E4FF8E5BB36A14C3D5561003E44
:10F35000040619BDA566DD3CAFAF3DBEC7DE00BEED
:10F36000D3C51A3D151C54BD21213ABEDDD9843DBB
:10F37000203A80BCA552E93D84051C3E1F75D43C53
:10F380005DEC8F3DE95F18BED203EABD93BE2EBD92
:10F39000F08F62BDEC30C33C6832D13DC4DB0A3E25
:10F3A000AD86723E9CBB493DC0EDB83DC018E9BD7D
:10F3B000FDE4A13DD7B14C3D0D1749BD1261523D51
:10F3C000715BADBDBA01D83DF3710B3E0783DCBD67
:10F3D0004964133D6E9D80BD794C1A3DDFFDCC3DE7
:10F3E0005EDC083EEF81D63DC480B43C7A961BBEFD
:10F3F000B6E374BC0E2E0E3EAF3FC93DD79B6B3DAE
:10F400008A53A2BD0584B7BDE5E3293C66432DBD03
:10F410009226DABDB671E53C14BC0E3E399A81BD28
:10F420003B46CABDF5D6883D59738E3DA7871ABDA8
:10F430007D4566BD7BE7B7BC21463BBD2199053DB7
:10F4400002A386BDFA18D53D34009ABDFAFD193DD8
:10F45000BC2193BDB02FBFBD8F8DC63D76729E3C43
:10F460007DB355BDD21C1D3C482BAB3DA2081DBD34
:10F470005B39193CCDFD66BCC379B5BC6D7E1DBD45
:10F48000EE460BBBEA6B9EBD3A5195BD0391393DEB
:10F49000F8EBCF3DB410DDBDBB6FC63CA730E7BC79
:10F4A000969342BD4F6DCEBD34421EBE521C54BD1C
:10F4B000F5D024BE15B6D83DF7DBFC3D1FA516BE22
:10F4C0003B5D0EBDBB525D3C79EEDA3C426FCEBD7A
:10F4D000652A05BE802693BDA27C9E3D9B8094BD7F
:10F4E00048477FBDAF388D3D5942FEBD2EE3803B7E
:10F4F00072DAA5BB5B8E1CBDE71C303C471D8F3DFF
:10F50000A393C13D8BD0B73C72A13A3E11BFA93D38
:10F51000DECC2D3C69553B3E784D1E3D23FBED3D39
:10F52000D101B63D5A82893D4CFCC13C67E79A3D0A
:10F530006358773C01CDA7BD11FB2DBC8E73E03D18
:10F5400070279D3DB989003DFAD3D13C801BC1BBDA
:10F55000473CC13C486E693D1574933DD63592BC1D
:10F56000D795DB3D7B89A7BD37D112BE6750B43C30
:10F5700030FA6EBD82018F3D5553843D63E142BC3C
:10F58000CDE98A3C416C89BC20A3E83D9E0189BD40
:10F5900004B066BD871E903DE6F28D3DFAF80D3E43
:10F5A000CB76C73D12E0A03D00789B3C724D7BBD01
:10F5B000194394BDA0A74EBC43744BBD6303F139FE
:10F5C0009E999F3C8326B4BD645E083E965E00BE55
:10F5D000FC6B93BC25DF153D2270D23B576BA93DD8
:10F5E00003E56D3D088196BDB444EA3CE2B8FABD3E
:10F5F000B3190C3EE94B51BD49CF863AEF36153C65
:10F600003F9A97BD028202BB1BBA4A3D393BEABC16
:10F610001ABB09BE4B1CD23D3AC0073E62E5373EDD
:10F62000C17FBCBD895F30BB051BF63C14F1213E98
:10F63000FDA1733D433D6ABDD589123DB5D3E03C84
:10F640009477963D1556BB3C45A219BE240C31BD9E
:10F65000F51CF43BA41C74BD8323053DA99FC1BDCB
:10F660001F5A093EBB29563C5BDBC53DB008CA3D6D
:10F670002012F3BD4C7CE3BC3C63463DF2C1FC3D33
:10F6800089429FBA00200DBE3FBFE1BC75800C3D92
:10F69000FA30BABD0A641EBE924005BDA59E10BEDA
:10F6A0000E84FC3C03D6763CD5B4A13C33AF59BDA7
:10F6B0000D0260BCA9207E3D54FE5DBDC69C32BCDF
:10F6C000319BA1BDE9DC64BD7C23D53B6CD76ABD11
:10F6D000ED971EBC61B5D6BDD734643E4363F3BD20
:10F6E00021548F3D79C48F3D807933BE20206DBC7D
:10F6F000E2A41F3C9CA7ED3D483836BE5A10AB3DF6
:10F700007F39723A7C1C323D918CA9BDA6C411BDD3
:10F710002EB3243DD3DD0B3E8A7B183E53A38F3D91
:10F720004168923D197993BC5C96BBBDDEC1683DD2
:10F730001719CF3CA932993DE89FE53D2386273C28
:10F740005EA9B1BC11F0CE3DEDC2DFBD1BFD9C3DFD
:10F750007DF0343D1212693DAD763A3DEAB5F13D9A
:10F7600017C90C3E8340B83D03D2E6BA8BF31ABCEE
:10F770002C12033DA2F2BDBD0C23DC3DAA7B9ABD39
:10F780000D6E733DD180043E2163A93C9DCB1E3C90
:10F7900094EBE13D56FA513EBCE768BD4EE4973C20
:10F7A0005F9C3BBE2606E43D84C6223DEB9A0C3CA2
:10F7B000CB53FF3B220BAF3D2E3A36BD8861A03DB7
:10F7C000C0DCB6BD8D90BC3D4153C6BB4DCE1DBB0C
:10F7D0008B8F393EFCE5093C00C3F33C4E5485BD9C
:10F7E0002F622ABDAD7059BCA96FCDBA349AF5BC51
:10F7F0000F585EBE7B3A7A3D79D982BD8E58343D32
:10F80000C2FAE1BCDC17E0BDCA68CB3D1190763D81
:10F810003DED3B3C04CA0CBE8D38013E3A7EE7BD4F
:10F8200039B503BD86FAA23D949251BDD95E16BE8C
:10F83000942DA13D18C1573D1A3D843C03BA99BD92
:10F840004E7E203D47FF1A3EBAF01BBE798B4D3CE1
:10F85000287D883CCADFACBD92BED23C56EA74BD5E
:10F86000A5B7D7BBC5387C3D1E6AC83C75D5F73CEB
:10F87000DEA1E13C6D3645BD5986DFBD2F9C8B3C3A
:10F880000AF0ACBD7F304F3DF36CA7BD94C3AE3CD6
:10F89000B9869DBD965408BDD019B1BC855BFB3BB4
:10F8A000CA60F7BDF49A88BDBCFF24BDDD1E2DBD26
:10F8B000DE2D03BD51C70E3E8BD88D3DDF50B7BD49
:10F8C0005C5FC03D417E02BD5BB6093E14CBBEBD50
:10F8D0008591113D6604A1BD245F063CE8EFD03D53
:10F8E000DC130BBDDE425A3DE39286BD863644BD35
:10F8F00095A1863D4AE5803BFB06EC3C59E38DBD76
:10F9000015140B3E95E92A3E32BF823D36850A3EEC
:10F91000AFED4B3DAE322D3E2FED9A3D0E77F8BC4C
:10F920009566293E2177003CA21A36BD441A27BDB0
:10F93000048E0F3EF64799BD83D788BD2C497B3D89
:10F94000F10E153D3346B43D5F806A3C764F87BC6F
:10F950000300D0BDDE80093D59C6D63BBFD4E53D8E
:10F960005728AB3D6E58D63C9C6F47BE076C0DBE0A
:10F9700095B1E4BD45F33DBB1D3D163EA9C7A33C73
:10F98000E87ECD3DBADD1CBE0FA593BD96C0F4BD8B
:10F990008E15903DDC8A9EBC56BE6D3E461D1B3EBC
:10F9A0008FD1683EBB0BC63C2213143EB107223EEA
:10F9B00002E728BD5F13D9BD20AF5FBCDFA31C3DAC
:10F9C000550C583C37DB66BD1B911E3CF0C99B3D76
:10F9D00059D815BE33F3AA3D03BFC53CC3AD13BD13
:10F9E0003F118FBD4194B4BD857068BC760CB53DA8
:10F9F0003548FD3C76F8383C1D3CD6BD450F9B3D57
:10FA0000EF47CA3DE393413C06FD903DF7DFB03C34
:10FA100030C50E3E848FA03DFA2CB4BDAB89DDBC51
:10FA20003918F13DE08E7CBDE3F2F9BD8E64A53D51
:10FA3000D37D9FBDCD6A8DBDD1EC9BBC4AA1E9BDF4
:10FA400050943E3D4BCED53CCE68303C522E243DAA
:10FA5000B096BF3D7565D73D5E65043DEB4D37BD46
:10FA600093DF4D3DF249293DD8831ABD13A80A3EC4
:10FA70008D3689BD5B5586BDF827EF3DE2C9243C34
:10FA80005F9D36BD30B09B3CDD97563D6B6F873D2B
:10FA900037C554BEF08BD53C7FB1353EF9A157BD7B
:10FAA000F840483CB6DDDCBD3F07AC3DF289BD3DCA
:10FAB0006E72D13C8438BD3D48A18ABCCAC9D23DD2
:10FAC0006B6B983BAF85CC3D75D522BDC5000B3E19
:10FAD000EED64C3D0B16953D2BA6093D1551FE3D2E
:10FAE0006133AA3CF259AABC4B11AABC118A893DC8
:10FAF000AAE800BDC6EEFDBCEE8D98BDE8FDCC3C8D
:10FB0000A03C3A3DF549CCBC70A3A6BD255FC93DDC
:10FB1000FCD9D53CA704A63D1F9FDE3D60225BBDFE
:10FB2000D82B95BCA77CD53DFD1F16BD3576823CF4
:10FB3000FAC4BCBDCF7BFF3DA705123B65534D3BCF
:10FB40004D3546BC64B3ECBBDA9E423C1692573D41
:10FB5000C87EBB3D6ADB823CE9E2C43C38674B3D72
:10FB60003975C93DCF7DAFBCCD933DBDE87E97BD16
:10FB70008B08233C8E2582BD940DD1BD9CDAA8BD97
:10FB8000CEFC16BEB5B1CCBCFAA7C53CAA33A83D85
:10FB90000DB5FA3D2ACCDE3D8F54183C4CC5D9BB7F
:10FBA0004A9A5E3CB87083BD8ACBD8BD5E32A8BD90
:10FBB000F98BE43D136EC93C11D7DBBC7EFB28BE3C
:10FBC000724D65BC00E5BF3D17C38B394454B53D4C
:10FBD000CD87ED3DED41A2BC96A0B0BDFDD36FBD7C
:10FBE000DC71233D8F69263C7BE9883C4A31373DF7
:10FBF0007692853DD3F81EBD162853BC35B230BD74
:10FC000089BF8C3D53CC0FBD0D7D79BD205B983CE9
:10FC10004FBAEA3D4502B9BDDB4112BE646985BDFC
:10FC2000AB3D63BDBE7A493CADDF023E0A768ABD7C
:10FC30009F99063E6C428D3DB9E15B3EEAEB00BD0B
:10FC400075F147BD5A6F063D3ACCABBDAAB6953D9E
:10FC500021764ABDDC968BBDE9992E3D0D69D53CD8
:10FC60006C904E3D409F4DBD4F3C2CBC62BD9BBD3A
:10FC70001FD02F3BB4DA91BD8B4BA53C3DE987BD2E
:10FC80000F420E3CE70E623C27209ABDD24CD4BDF9
:10FC9000ED3AE23D286C2C3E4A64F7BC81BC1C3E28
:10FCA0009B8AB13CCE7C11BD2F3700BCF198813DC1
:10FCB000F238E2BD8E71AE3CE611E53DE3CC0C3B83
:10FCC000B1BEF73C77D69C3D2BC40FBD3DC6243D4D
:10FCD0000BF7293C0A78A23D473492BCF18F9B3D3B
:10FCE0005DD921BDB100F53D4B22AF3DFF07423D3F
:10FCF000EA1542BCD8558E3D06CF26BC22CF1ABD90
:10FD00006B9CFC3C500C17BDDF89BA3D7BF90BBEE8
:10FD1000A29A0BBD0D01BCBCB83835BD08B50EBDEF
:10FD200088609F3DCA3FD0BDE1FDAA3D97A1073E37
:10FD3000FD02243D007C963D4BF5503DD90719BE90
:10FD40009837333E2769AD3D01140C3EBC7B63BD43
:10FD5000E24DC5BC5A9DC13D8014B2BDC75651BECF
:10FD6000C39CC5BD303CE2BD0B4738BE4D0E963D31
:10FD7000F62663BC4F1287BC46C59A3D03900F3EE2
:10FD800010C22BBD5AAF1E3C010823BEAD89B83D41
:10FD9000001052BD8DDEB63C4D2B8CBD1BA5AF3D7A
:10FDA000273D183EB5FC8BBCD5D4AABDB588B5BBE4
:10FDB000543C113DA4871CBDC98F83BDCE996CBD39
:10FDC000A2FCE8BBFE2424BC7171643D24FF28BE64
:10FDD0005705BDBCE917743CF9778FBDB78656BC93
:10FDE0004D561ABDEEFC913D25D09ABDB4A7BCBDC1
:10FDF00032F108BD61550C3DF4C00DBDF97B62BD0B
:10FE00001BCEEE3DDCA14C3DEF4E72B8EFEDA9BD2F
:10FE1000842B083DB7B1A4BC85B20C3DF187AEBCC4
:10FE20006132DDBC8137E83BAE64BB3DD6A2C5BDC7
:10FE300090DC3DBD67D5F83D0BB30A3DD078F43D6D
:10FE40005D43DFBD9D4BD53CE8176DBDF556EDBD5F
:10FE50000C65B8BD09111DBDC80DCABD57C0953D83
:10FE6000A892153E0264B2BDFED6EF3DB8FF02BEB9
:10FE70002CA8903DE5732D3D4424363DBC1E99BD14
:10FE80005974C93D569B5ABD20AD2EBE675110BD59
:10FE9000498D1B3EBC1A6DBD47D6B23C2A4C4CBDA9
:10FEA0004A083EBE1D6A2A3E00FD13BD9524043E4D
:10FEB00088A3C3BDC5CB64BD42F0BC3B902623BE26
:10FEC000290FAABDF1AD183D08DAD4BB59173DBDC5
:10FED000368DACBDCFAFB2BC2645B2BB66EDEDBC36
:10FEE0001D7BA13D88C42D3DAE1C8DBC05CE27BD1C
:10FEF000E9AEA4BD028FBBBD5764103DF69C45BC66
:10FF00005E52BC3DB823CEBD2E050D3DF8F6EABDD0
:10FF100016F4EFBC3B1AA9BD83AADDBD675E063EA1
:10FF20001F7C9E3DA33C17BEE2784CBDAE72603D87
:10FF300079C6E63C0B1B013EAAD79C3D0F2B093C22
:10FF40004D2DA43D4EFB03BD33D2863DAE13963AF4
:10FF5000B065073E9735933D40B9ABBCD2E5BFBD18
:10FF6000E05A743C222A5EBD85EA1DBD26372E3E2E
:10FF70004E50DABC82874B3D840F5D3A5662D6BC48
:10FF80001EBA77BC12EF00BD9236A2BC4B280F3DC3
:10FF9000560FFDBDE074DF3BDF4ECB3D0E0A133E36
:10FFA0004FE1B0BCD30092BDEE6FBDBDDCA387BBFB
:10FFB0003F57853C42CD27BC5779403DCE08753D23
:10FFC000937A69BCB791823D5023F3BD177E80BD03
:10FFD0003735B53D49200F3E4CB497BB4E48333EB4
:10FFE0009AB6C1BD910C8C3D4C8FF43C4782013CCC
:10FFF000AB40C2BB6F84DFBD64B1E6BCCC36163DFE
:020000040804EE
:100000007D62C53D6F765EBC546200BEC9C83ABE13
:100010007412FA3DB6929C3DF6CC1A3D2DCB293D8B
:10002000975DD2BD9C40853DF531903D6B5ADE3DDC
:10003000456CE4BC8F00AC3D0BBA323D446FAD3D26
:10004000366C30BD1431EDBC59BB183C89FB273CE4
:1000500043D2C4BDDF4E5E3DB05C09BD06C08B3DE2
:10006000E273A43D301AE2BDA8BC583BBBB8A6BDA4
:10007000CEB0953DB5FDEFBD6EFC16BDC0A582BDF1
:1000800024DF88BD1230033DBCFC2CBCB36CE0BC4B
:1000900079BB123D3D2BCC3C47686C3D8C9499BD9F
:1000A0004BFB193D892A283E10DDE13D0E51033EF0
:1000B000F2F6A53CB62E09BE7842A5BD09C9053D9C
:1000C0008CEEC2BD4CC1D6BD515A963DAEF433BD87
:1000D000EF3F693D7304723D898C703DE473A63C2B
:1000E00076046BBDD3914BBD6E70B8BDD09990BCFA
:1000F0004AB5E43C25F1873C050D0EBD0F336ABCC3
:10010000005613BD9410C73BFF6DE8BDA6310E3CF1
:10011000956709BEE17911BDA2AF2EBD6633973A4E
:1001200065CBBE3DBDBFCFBDFB45E63C5598763C9B
:100130002044A83C5093353D692AD23D43D198BD17
:10014000F1DE873D3D4BEFBDFD90CDBD1AC05EBDDC
:1001500042590D3E98C9793D6E1AA13C0D8C443D23
:10016000239810BB70D28A3DD038E1BC89DE8F3B2A
:100170009BE1BE3DD7ABE13D228E8A3D36F4E93BA3
:10018000EA68CCBD812FB53D0B15CB3D603D76BDFA
:10019000C33305BDAB08683C7AFDB1BCF888E6BD49
:1001A00063E990BDC0599CBDD3DFBB3D1291A6BD94
:1001B000BA44203ED465B83D087EB53CAA411BBE7A
:1001C000DD93EF3DC27D403CB414B53DC37F8D3D12
:1001D0000689903BB6F8CFBDC25828BB757C9C3CC5
:1001E00099FDCCBD8296013D9EA01D3D056696BC45
:1001F000FA96BC3D7314F6BC264A013E9D5D4B3D0C
:100200007D09873B7D773FBDB6BE20BB7FB007BD74
:1002100066DC78BDE8FBBCBCE4D869BAC131BABDC4
:100220005C8ED73CB05FE43D07BC31BC576A803B75
:10023000FF69663DDDC6D53C2178F33DDEABE13D8F
:10024000621F903D45A4043D390100BE18CF613DB9
:10025000C81C963D3300173CBF343BBD80B84DBD34
:10026000137C22BD0423573D40DE68BC97EA2C3D39
:100270003BFF093D1267603D10B26F3D5C022B3DB4
:1002800086C384BDA3763FBDD58218BE63BD9BBD2A
:10029000B73DAA3CDEC0E43DB8DC80BD18BAA93D3C
:1002A0003D6A8EBD23E10F3C6159803D28AC5DBDA8
:1002B00009A9753D9A92C2BD34B9523D92C8A93C74
:1002C000790511BC192523BD527CE43C40981CBD26
:1002D000F71C123A030702BE780765BCF6BFE73D7C
:1002E0001B45853C1456A43C58226ABC468B62BD13
:1002F000400C0C3AC213963D7DFB623DFD44BEBCF2
:100300008AB2913DC9AABB3C8FA685BD051DDCBC48
:10031000175D4EBD4D78A43D3B1F04BE38CE883DD1
:100320001930BCBC1E773C3D7087023EAD37113C96
:100330009E1EC03D875416BD31F9A23DC7F3DEBDF8
:10034000ACA3363E2BFA10BE6361CF3DBC427EBDEE
:10035000210A5FBD9CECB33D16067EBB40C9CBBCF9
:100360009DC823BD79E22ABA5A2C533D709DB0BB7B
:10037000CA03273EAAC60D3EF2C7E03DB65A823CEC
:10038000760DD53D1259CDBDF102C3BD75FEB9BD87
:100390009E68B5BCD3642D3CA422923D23013EBB94
:1003A0005899CB3DF1FAA03D9A1A873D19A369BD32
:1003B000ABD69CB9937BBDBD1B4E923D5BCE7EBE42
:1003C0003EDCBF3C0F742FBE3CED953DE2DCA0BD92
:1003D000E64080BE9827B0BDFBDDF43D7B5543BDB4
:1003E000127A843D4A0993BC997DAA3C0DA7263B0D
:1003F000C851363EDB861FBDDDCC0D3EF21C78BCFD
:1004000018A729BDD17EAEBC29308E3DAB11E63A8E
:1004100035F95ABEF1907F3CC3FD9F3D4289CC3CEB
:100420002162093D4F6207BDAA98DB3CA9BA953D00
:100430000D61C13D9A45CFBBC33D1ABD2B93CE3C48
:10044000C7A4163D8529DEBD419FD2BC8EC7153D90
:10045000D2B3123D1E277C3D32E0903DAD0F133CE0
:10046000BEFD143ED4759ABD8157473EC341063D3B
:10047000FA27703C5D17873E9DE3F3BB734B113E3B
:10048000F48DFB3D55C7433D4D0E5F3DC00547BD57
:100490008E0D7DBBEB19BD3B0DC407BE4D2E793DC6
:1004A0007A68B53D03607A3D2720333EAD408E3DEE
:1004B0001FDA0B3E507DEABC0A21FBBDCE69983D98
:1004C00070D3F03D890B573D4981373DFDEC58BE57
:1004D0009CA60C3EF2E3B0BDCEB729BD5B9805BE2D
:1004E00074807FBB8C435C3D5185973C51143D3DEE
:1004F000AF9B073EBCB8833D3ACAC9BD6A4D03BE37
:100500003AA8903C6B6DD93CC467AEBD425CDF3C01
:100510006361A2BDCED067BE15F399BD77C9C5BDD5
:1005200004D24EBE3913343D29EBB83D33F41EBD21
:100530001365E13C08F27B3C995038BEB894993D74
:10054000013CFBBD5194923CEACCCE3C52C7293EC3
:100550005B7AA13DE09BA83CE967953DC778B13B3C
:100560001432B83D5FC2F1BD044BB03E6885373DE3
:10057000F393E53DA370EDBCA51F91BC14C6B33D3C
:10058000C9DE323E577ABB3DEE728EBD1FD9723D39
:1005900093FEC9BDD02099BDAB410FBECE5F8D3C4F
:1005A0004BE597BD8C137A3C1C1934BE0841D93DEC
:1005B000F21CE8BD3389FBBAC559C9BC8AA7CFBCB8
:1005C0006C501D3DEA3A16BEA7A24C3DC0494A3DBB
:1005D000ABDDC5BD233B083EB96CF53DDE9ECCBD11
:1005E0009568D33D7B8316BEB8EB3E3DA935A5BDCE
:1005F000092E673EB94FA23C1D3C5D3B689DFFBD87
:10060000CF3D8A3C9DEB0C3E2F94BA3D795FD5BA25
:10061000DFF063BDF4E5023EE02E0E3D1B52CD3D02
:100620009EE7933D162425BB5E5212BEC78EBB3C8F
:1006300043A5C63D87CF38BD4189B9BD3FE7ADBDB4
:100640002D0F4FBBCE8EF3BDBECF45BD6607C0BDDF
:10065000B94E1A3D8CF5713DC960473DF0A9D5BD35
:100660004BDBC2BD6466D83DFD350D3D46754B3D47
:100670006F0520BE13E191BD2B94153E52E4183E48
:100680008E31F43DA98B16BDD2E4F83D5464F23DA1
:10069000E97486BD3D9A83BCE31A1D3EB460153DE6
:1006A000D05F633DA2C30CBD09DA66BD1A53ACBD71
:1006B000AC10BE3CEB148A3D940236BD5BD9FA3DCA
:1006C0006BD76BBD08C61D3D9A1C4BBE204B6A3DC7
:1006D000ABC418BD36393D3CE823223E292A8CBCE8
:1006E00010F34C3DE64C9B3D29491BBDFDD6D4BDC6
:1006F000A5A9213DD8D044BC2281D1BA4295DC3D88
:10070000B5071BBE8D1B8D3CA867B5BD194309BE3F
:10071000E83BADBC24816DBDCB38043DED7965BDB2
:1007200095A558BDE125D8BDA7594FBD6F38DEBD91
:10073000E63C823B9676823DB4C3993D3F73353D9E
:10074000AF86BBBD8155A93C5FC42DBEE465CC3DE1
:1007500007A43A3D3E67083DB96F813DA4B0193EFC
:10076000BB33443CE83FE53DBA6C183D05B4833DDE
:10077000B4E65B3DFC6125BEA14EF4BCEA77A9BDA1
:100780001EF717BD6AC9803D5C023ABD05ED9E3D6E
:10079000F92CA83D37B1503D9EA946BE07BF983CF5
:1007A000685064BD2276323CD40AAA3C0A2A873CAF
:1007B000A16B0D3DC9358B3D736F183C6126D7BDCC
:1007C000CF3134BC84824ABD47AD9A3D043B053DE0
:1007D000227A423DF2D6C5BD68EC973D108B3CBEF7
:1007E00052CD05BE5361893E62C69CBDB94D11BE56
:1007F000D5E8B23DB4C9D93CA88AD8BC586BDE3B19
:100800003E49003E995FEF3DDE9CDE3D1B8B173E6F
:10081000912487BD1BC2FB3C0234B4BC24F28A3D48
:100820000469C5BC7328AA3D867CA2BC45CEA7BD81
:100830002EEE263E841AFDBA037943BD64CED93D1F
:10084000821F623C6BC3123E669D09BD9A6D953C4A
:1008500022238A3DE6B7EBBDBEC7F83C76890FBEC2
:10086000DBE70D3E1968D6BC8ABC013EBD9F54BD76
:100870006BE23B3E0AFDE13D13EB7FBC6F8A073E16
:10088000011066BDF03D4F3D87B8493CA3EE23BD46
:100890009A614ABD70E6AB3C05F48ABD41001C3E3E
:1008A00077926ABD4056E03B7E0CDF3A2E9730BE11
:1008B000B5DC293D3CB8413D4831203C6CD1B6BD4A
:1008C0007A39CA3D69F2D13DD8199FBCDA8E3DBE56
:1008D000C6B3623D512220BE83264BBDDB7DE1BD08
:1008E000C86EB4BDE41C323E1B8E37BCEFB9113E5E
:1008F000FF871BBD5CAE03BEFB96A5BD11C5083DC1
:100900002AB398BD74AE0ABE0C03033D942C653C1B
:10091000B35B73BC8829BCBB3F42F43D8F82B7BD3B
:10092000541A56BDA6B826BE3088EB3C7E66073EFC
:100930005491313B5B80973D4EF3EDBD531E39BD65
:100940002CF6BF3DBDFD5B3E8878863DDB815F3E7A
:10095000D485B73D50571D3BA8BE82BD23CCFEBCFD
:100960003A1BD63CFFFA00BEB16BCC3CF108AFBDE0
:10097000CDC85BBD70AC953D5B471ABE72F4B53D0A
:100980007F790A3EEE4708BED70D3BBCC8435D3CAD
:1009900044005F3DA6D713BEAAA1F4BDE61C1F3ECE
:1009A00086FF2E3E5F79643DF74BB2BD8D1714BEB6
:1009B00001F6463D225DC13DA30ED6BD207431BE79
:1009C000B8EFABBD7D79A33D207CA23D86E3CB3C57
:1009D000E335253DCC29933D2658ACBC18A2E1BD9A
:1009E000958D7EBDAEF1873D70B0A3BD373DC6BCD1
:1009F000A1671D3C56C5A43D6E4E8F3D56335B3DF1
:100A0000C75FC3BD3075B2BCD905973D4612E33C04
:100A100090859EBDCC6E03BD0C3A34BDF4FE1CBD6A
:100A200062152BBCE3EEEF3D0814D53DC14879BDFE
:100A3000C873FC3D2E57FD3D05BC3E3E1E2D143DAA
:100A40004A59903C7A7C4FBCC8B51FBD1B54C23C70
:100A50005CD9BE3DA7FB343D24BC613DA52CCFBC79
:100A60004C414EBD20A6293DCA726F3D1BC7F4BB49
:100A700000B8A33C8C8001BD9B4A8F3C5F14B13D04
:100A8000DBCBA03DCE9B90BB6DA21EBEE29B5F3D2B
:100A9000BC900F3E48ABB33C25C46FBD64F9223D0A
:100AA000A8D2B0BC8128193DB6AB863B5C04BC3DE6
:100AB0001ACC14BE093D693D70CE8A3C6773533D24
:100AC0007CAF6D3CF3B1063B0824AABC5B28DBBDC0
:100AD000817C1FBD0FB4AEBD0F470C3D54614C3D32
:100AE00072E588BDE29D693D27EAFBBB76702F3D2C
:100AF000C6A964BD17F7BF3C28345B3CEFBE5EBDA2
:100B000074AB1B3BAF3DEE3D0F6BED3C2DCD38BDC7
:100B10002887003D81C6E03D549C3D3AE10F0F3DE2
:100B2000D65DF23DA3DBAC3CBD6A0D3E5D29083EBF
:100B30004E1705BC6581CD3B933C6E3C3420753D22
:100B40003B5FD03DC32EAEBDB7110E3EB74C3FBD8F
:100B5000F25819BE08B92EBD487E1BBDA399CFBC63
:100B6000EB42853D111F7EBDB54AB2BD7F91953DDB
:100B7000526C0E3EB5286B3DC9908B3D2719CC3D7C
:100B80003A65093ED4A8E33CB54E82BDA240B03CD4
:100B9000DFA4733D75ABC13D8E231C3E9E46EF3CEA
:100BA00092C2323EB818BC3C79A3813D78BD10BEDC
:100BB000109CAEBCF6D3203E4B2046BB0E3E4CBD37
:100BC00070BAACBC28BA5CBD19283A3D8366D0BC6B
:100BD000B270433DC36BCA3D95360E3D1EEF9E3C41
:100BE000805CC83DE011EA3DDA9C823D32421C3E09
:100BF000FDCB2F3D68CDEB3DCE1F083D888D973D49
:100C0000FC01933D8D77D73C390837BC7944993D39
:100C1000D776C8BD8474D73CA01D7ABD130835BDF6
:100C20000E67EDBA5DD7B7BD2B3228BB0311A8BC48
:100C3000A560BD3D9733183E42C59C3DC15B963DC6
:100C40003C1C973D3E76D6BD87C12D3EECE3DC3D96
:100C50007C96033DD2D71DBD8B51EFBD31E220BD47
:100C6000AA6E033EA2A823BDF9EA9E3DF46FDF3DC4
:100C7000CA75663D8DA9C93C2C32C03D56C4F13CB5
:100C80002EF98F3D59BC003EAD21D1BDB50B933D32
:100C90004DB116BD0AD7F6BDE3BE103ED459213E74
:100CA0000891A5BCFCE9F83D3FE7233DE8DBC5BC66
:100CB0009DB4B1BD64BEADBD6361B93DA795193E9C
:100CC000DF225A3E8F2E85BE25C142BDC9A7F7BD82
:100CD0006A4F4D3EE32BAEBDBD901DBE1BD1023E03
:100CE000CC5E673E50647EBC4DF56DBEDCB95FBE28
:100CF000104A12B92D37773DED42A83D90F802BE5B
:100D0000675D6A3B9FB2573D3075153DB4DE7ABDD5
:100D100060AD11BED564883DF2810C3DB8BC953CF8
:100D20005D75F73CCBB7E73D9D6A6B3D2B65DABB44
:100D300088BAF4BCF3B010BEA970D93DD91441BD36
:100D4000A6D0C1BDBD52BC3CF1729C3DAFB53CBE0E
:100D50006F5B673DDF050A3E7B598E37CC12BDBD08
:100D60007186ACBDEB75C53DA9287ABDDB0C86BD8F
:100D7000229A063EEC1ADDBD55037D3C2CC05B3D3E
:100D8000AF28E03D024EE0BD0F5C193EF31016BEE9
:100D9000D527C8BDEDF938BD4EDC16BE379D24BE43
:100DA000A1071B3E762A0FBD2DB4F4BD81B516BD3B
:100DB000F2F7CEBCBE06293E84423ABE3BA93ABEFB
:100DC000597BE5BDD28C133E9A09A33D13D4083E4E
:100DD000BFBDCCBCEA42803DFC9CCBBDFCCF51BE2C
:100DE0007BF155BD0FB31E3C5A3CAA3D44876BBCFA
:100DF000287D953DDEDF7A3D35059ABD854B713EF8
:100E000078203C3E8F90173CE4AE11BE6224B8BD02
:100E1000840F1CBEAA5EA0BE07CD9F3DA2129A3DC4
:100E2000A89BA53D66FF54BEA49FDABD202DF93ACC
:100E300010F3B9BC42C8373E7AC4E03D55A2193E12
:100E4000727E11BB23F36DBDD57ED63C8938DCBDE7
:100E500063A231BE386207BEDE08073ED6743BBDD2
:100E6000FBC749BD2201E0BB607D0C3DFCF41D3E8B
:100E70004EF2A5BD668B583DF7A9FE3D32D13EBD71
:100E80003FA27FBC978ECEBD378EF6BB75905A3D84
:100E90001EA3963D535383BD8BC88B3DD886223D00
:100EA0006C1BC93D28DD043EF45D223C6F422DBC25
:100EB000745F1CBEBC5F74BD4D44203D5CB2753B8D
:100EC00061F1F2BD9EA54F3EF6685FBE61C0753D03
:100ED000682DB5BC26F396BD62997A3D57D702BD01
:100EE0006010CA3C61DD153B39D772BC6E3D983D40
:100EF0002785773E50B915BE2A9B1EBD39D32B3EA0
:100F00003BBA37BDA7360BBE601F9CBD4583B33DC2
:100F10006DDB64BEAE4CC5BD8F7780BD69BD0B3E39
:100F2000EC760EBE5B9D0ABE28CD83BB9BCB0FBE6D
:100F3000C59E273E17A4093D8162803A0EB245BE88
:100F4000C4943FBD1292CD3D1B149FBD16E6EC3DEF
:100F50009769C1BCD9D249BE1B82B23CC514C03D01
:100F60005929783DC28D44BC3DD6573DE858883E4E
:100F70000DED423E97AB25BE8746A43C15930D3E32
:100F8000F70E8E3D28C87DBCBE8C193D8F9F483E14
:100F900075473DBA92DF44BD1FD48C3D99D9C5BC7D
:100FA00089F37C3C6759F3BCE6D16FBD4B7D2E3E87
:100FB0004CE56ABE36ECC2BC29EC5CBD8D045A3DE2
:100FC000AF8D6FBDD995133EC10F66BEAEB7B03DB4
:100FD000BF4658BD669D1F3EA7AA6BBD3AFC0EBC1E
:100FE000B6A1E23DDF25E73D15E2D5BD311C2E3B24
:100FF000F9BEF63D16B4D3BC318680BD502227BC65
:10100000D48016BE7C689D3D0DB41FBD223E4BBEF4
:10101000C43890BE35740EBB91BBC33CDD7C083D2B
:10102000754606BC207670BD0116A7BDB92FE0BD80
:1010300080D0B83DB885B1BC4764633DBC61243DF8
:1010400039E982BD7CC81A3D98FE8D3D30701D3E49
:10105000D409E83BADFF3B3D91B794BD8DF1E13D37
:10106000461D08BDE7C3D33D3F5F62BDDBAC133E09
:1010700097C9C3BC748C4F3DC1E4BBBB5AFD39BD9D
:101080003E8C3DBD5C622EBA3034FDBC5EB3A33DE8
:101090002EA9B63D8DB7C83DBD0B64BDBCC43C3D5B
:1010A000AECD53BCC2EF9A3B20AB283EC6D890BD14
:1010B000B3A3B5BC865E393E6DD873BEFA62A5BDDA
:1010C00004C8023D9E7D9BBD7A1C4EBBF835433E55
:1010D000F9D6E1BDC2BCA43D6B01C3BC1B39BA3C0F
:1010E0000369543EA0B235BD4CA49E3D8E73A73D0E
:1010F000A12BF1BD8139973DD450A03CD69784BE39
:101100008CE74EBCE980043E9FDCFC3D19A905BE7E
:10111000598B3F3D6B1083BEDA27B2BD9B9AB0BBA3
:101120000C06F23DD28B84BDBB6C42BD4FBD14BEDC
:1011300019D904BE6F9B673D9FB945BE58D4DF3DAA
:10114000207BB73D4C7BCB3C1540473EDC4274BD19
:101150003028313DBF27D4BD614E113D0F4BE5BC5A
:101160003A54DC3D74CD12BE88CD193E0B2074BEBE
:10117000074A4DBDA364A63D9589933DD9A4F3BC10
:1011800097BB9A3D024AE1BC86B109BE1C04133EDE
:10119000BD93BCBC4CB8473E84FAB73D71C93ABE5A
:1011A0008265FABD5F815DBD564836BD3E0EC1BD4C
:1011B000C108CBBD945D313EE1EE1ABE4866C3BDA9
:1011C000C9A72BBEEB3EA13D7AFCFA3D82A14CBDE6
:1011D0002DA399BDF14F1A3D3BE76F3D4211EDBD87
:1011E0002CE045BDABCACB3D2E53513ED688013EC7
:1011F000B4EC063EACF7B53D8655B03CE4D51EBC1C
:1012000019CC313EB5CD44BD05DFAD3DDCC701BED7
:101210002351EFBD4EDF6ABD73A4E13C69C4FBBC42
:1012200012C2903D7EBF88BE5CD8ADBD7B2512BE8C
:101230002FAAFFBB871FD93DA2D1A4BD0795EFBC44
:101240009D3A4F3B9BD12DBE64CE393EAAAD163C94
:10125000C1A5A1BD7B39E5BD7A681D3B2597F8BCCA
:10126000A1072C3E91E2F7BDAD22073D36BF483CB9
:10127000D2A32CBE7E9B183D200EE63D409F8F3DA5
:101280001E91DA3CDC4C783E119FEABD449EB83D8D
:101290007FEF663C05B2FCBD74A3A6BC80974D3DB4
:1012A00043032FBE461BDC3D6372A53D1B49F8BDC1
:1012B000132B633D3B54BE3DF0FB48BD793FEC3CF6
:1012C000EB1C4B3EEC08913DE45DB93C0D5E03BE6A
:1012D000C81D9ABB78552B3E742322BD48B0083EEA
:1012E000A17BF3BC302C3E3DD33112BE40BAD23D7F
:1012F000340D13BEB5B3223D45D0443EDC4C303EE8
:101300005EDE69BD0C2D98BBC686BCBD51D2F6BD54
:1013100047CA15BD7FC25F3E181175BD6F3928BE23
:10132000F96B5EBDE93F0F3E730019BE4711EE3DFC
:10133000D7238F3D425AFC3C20D1713EB5524ABC66
:1013400054B18FBC61287DBD553D07BE2557CC3DAE
:10135000A6316F3E2D0D523EC8211C3DCD5C04BE12
:1013600057FB2ABC2E86623D243FF4BB11E1413E6F
:10137000CFF3C33DFCC3923D02091EBEB2C5A8BD5A
:10138000FA865B3E1D5724BE7CF7C2BDCAF366BE1B
:101390009B3AD1BD9EB64CBB116C40BD33DFA73D1F
:1013A000C135443E4DE95BBD16FEE53CB112B23D90
:1013B000282B6F3E38B4343BD34D7B3E7DFC193D2A
:1013C00025DE94BE319DC4BD4F51A8BDE918A0BD16
:1013D000D8C34B3EC20CDDBD20378FBD32EE15BEEB
:1013E000D9DC16BE3A6CA4BD57F5EABCEE9322BD1B
:1013F0007E896DBD4B0C13BDC21D0EBEDC3684BD97
:101400000FC0F7BD3527213DD3CD1BBE89A8713D47
:1014100014A6553C05CEC0BDB69AF0BDA4513CBD46
:10142000259D503D694C15BE90A45D3E1C392FBED4
:1014300026BE053D18D5A9BD9FCED6BC5254FFBDD2
:10144000ADF255BD457364BD6E99743D4E6F27BEB8
:101450001F9979BDCE0F5CBE39A4A83D501D08BDB3
:10146000EF6B31BE3FFB793A6BB7183C52260EBE8C
:101470006279C3BC12BE02BEB8A2253D412FAB3C6F
:10148000A45D7CBD4FEA7EBC1272F6BC3A2CBEBD98
:10149000FDFEA63C215DCEBDB37F0DBEE771D73DFD
:1014A000ABB960BD4AA772BCA512B4BDA130E7BC00
:1014B000E544603D7080BF3D695141BDF26310BCA1
:1014C000209513BE3CD43BBD210DC93D80FCC73DDA
:1014D0008CDB003D5FA7D63D8D2DE13C5E0CABBCA7
:1014E00015E36FBCF40D33BD6ECD393E511669BCAA
:1014F000E49B043DD30A763DEF7AA0BD94F332BE5F
:1015000078C6833E07B2703D54D71C3DE4BB623EB3
:10151000F515A0BD276F0BBEE43C2DBEF8F574BDDC
:10152000A2B8263C588D23BB3D817FBD03EAFDBD9B
:10153000994D603DF8F2CD3D7D3E6EBE78E943BDEC
:10154000C056373E218C22BD5D99783E6D21B03C5E
:10155000A2FAA6BDA1A7C8BD712317BE211601BE60
:1015600001EDED3DD806EDBD8486553D009F513E11
:101570004FB98EBE54AA49BCBA7FE03DD7662C3E17
:101580006ECB1ABD7FB4883D64C9FDBDC7514C3DCB
:10159000E5D60C3EF866F8BB16E5093E8D63C13D05
:1015A000A761DDBDF975C0BD6036193EDEF79EBD91
:1015B00016EB293EE34C0ABEA8781A3D994B5EBD56
:1015C000FAA075BE5F93D73D64853B3EED451DBED9
:1015D0001AF42D3D1B0AC6BC96DE7CBC4447D8BA23
:1015E000E1AB24BD2FE0433DFDEDFC3D135903BCB1
:1015F0003F531E3A6654E0BC4E0814BDE887C5BD93
:101600004EEB6CBD728CF43D07EAAB3D0750203EBB
:10161000BC09CB3D6CD405BE985EE53D7F9696BD7A
:101620003210BF3DA6A290BC43BAAD3B6EA3D6BD5F
:101630005D9AE63D5AD7013E629226BE32D5333ED0
:10164000479C82387DC4CB3D0AB0403E357892BD80
:101650005E105EBE8391B3BD35368F3CDAEF88BB3A
:101660002C30943DEF31813DBF8CD9BCDF7DB33C44
:1016700041BDD7BDA783693D5DEB9C3D925EF0BC4B
:1016800079E91D3D4D7609BD5BC6413DC016E5BCFF
:101690008795F3BD588A75BD9C12233E232D84BACD
:1016A00087DA4DBD478C6D3ED0CF163D7D03D13BD3
:1016B000C8588D3C459D2A3E0E43C73D77612EBDDF
:1016C000417D8E3E2B3900BE418212BE3BE5A5BD59
:1016D0003686163E8CE8EF3C4AAFBF3D3408323EBA
:1016E000D7731F3E6EC4453E3B4029BEFC5D573D4F
:1016F000D508E8BDD2F98DBCA3B01EBDD687603E2B
:10170000CCFADF3D28780CBE2B26F6BD84A336BE6E
:1017100029C200BE8F8A253EC9CCBCBC09024A3D05
:101720002AE569BE34E1503DF47221BD96F0EE3DEC
:10173000BEE6A73C4194BFBD30093D3E91D1D53DA9
:10174000B6171D3DF916783DFCFA20BDA99719BCC6
:101750006174A03D36C3AE3D2886A53DB662633DAB
:1017600070E7F63D431F5C3E2A3FCFBD6325513EE7
:10177000F9382A3EE5E613BE709931BE0B92D9BD09
:101780005A54553D01DDE6BC154EC53C1AB971BC35
:101790003BFD01BD271F473BD376113B0D2614BEF1
:1017A000AD01123E4908CFBD27F30EBE78CDE73D0F
:1017B00040226A3D305C8CBDD0E5E7BD94D5223E29
:1017C000DA98FEBD034EE83DEC490FBD25E21D3E13
:1017D0008670843C8067FABDAE93143E280BE9BD49
:1017E00049C210BEBDD6373C2453E3BD0D1A15BD0A
:1017F0004AEE3E3D78BD51BD29AABABD92DE493EB2
:10180000C00193B966F2B2BBB3743E3D5164363E3B
:101810007AC8B1BD9C424FBE30BFD8BD0337B0BD02
:10182000820F643E5908ED3DBE4890BD4FFB443EDB
:1018300067BF2FBEAEE8363E344F01BE6F997B3C8A
:10184000511B40BD1A7E30BDC127533EF9C3093E2E
:1018500031B9BA3CE6C4CD3D492A063E96C1E33DC6
:10186000ED7F223CCF76CCBB430D433D07A2803EAB
:101870004FB697BCED85C03D45EC30BEB5A46BBD01
:10188000348684BD573635BECF36BB3C47BE423D5D
:1018900052CD833DEAAEEB3DDD834CBD1EAC483EF0
:1018A000F8C3143EF35564BE0B78FEBC60D353BB43
:1018B0007AED0F3DCF9B02BC535E083E0DFCDA3D36
:1018C000D9449ABD239CA9BD19731FBE29D022BE3D
:1018D00097A7383EFDEC2ABE65B3173E59199B3DCC
:1018E00009A6653DA4FFD93DBE0E2FBE57AA5BBD1C
:1018F0009990FF3DF677CEBDF473213D601CF13C1D
:101900006FF3473D344BB5BD329B2BBE83C6623D62
:1019100018FEE7BD018E8DBECF9C69BE49FAB7BDEA
:10192000BE858ABDAED59F3DE242BFBD01635F3E2D
:1019300068EDBFBD687E64BDFA4F4C3D43F4EA3D9F
:1019400097C7853D923ECC3D84CD4C3C8A58BFBD67
:10195000F3AA55BD16C9E03C6108E73D78EA6F3D42
:10196000FA4C333C0CD2733E036FDEBC68805ABD28
:101970008D03B4BDF9E36EBD212824BE4797A0BDF9
:101980009D677E3D4F676BBE17C1EB3D92C2A4BE03
:101990006680863DEE1B133D803E76BEB8D08FBC80
:1019A000F93C493DCC3D953DD13275BE8570603DD9
:1019B0002B27CEBDF65AB3BD3BE2D13DB6C72BBEF9
:1019C000A32905BECF02103E28A5AABD95768F3C5F
:1019D000C9EB3D3E8BF598BDCA89D4BD51D1E0BB62
:1019E000B20CC83D3550013E75962DBE94D1543D84
:1019F000EF7E0C3EE6DCD9BDB384B7BDF24F6E3E40
:101A00007007BCBD7240F73CCEFFD83BBB719A3D1E
:101A100072251BBBE0ECDDBC525C38BEF4DC993DAA
:101A2000965BACBD2832ADBD729BDD3CB68386BDF6
:101A3000FBC0283E29EC313CD9139F3DB68F8A3D2F
:101A400059599FBC5AF6EE3D4DC905BE41CFD93D0F
:101A500021EE1ABE3D6C35BE3D9C9C3D77E69DBD9A
:101A6000ACE6483D9BA5A53DC98A35BDA729FB3DF0
:101A70008020DE3D276566BDF11C743C1109073CE2
:101A80000A9019BEBDCAC9BB93219BBDE7F81BBC18
:101A900068DEEFBCD03DB13D08BB1DBEEDBDBABD9B
:101AA00099C6923CDB47133E04A8263DCAAA4C3C8B
:101AB0008051D93C0909A53D3C50503DC1FCAC3D8D
:101AC000769745BCD94B19BDF57B6FBED2AFAA3D09
:101AD0008C38273EEE59AF3D487C233EF9BF773D19
:101AE000C164293C4FF73E3E3D68B7BD3E11A6BDDF
:101AF000F89E7ABDB671253E46C4DDBC0CEB983E1F
:101B0000956C11BEE22800BE1CD49D3D9DFB26BEF7
:101B10003ABD663D502FC53DEFECC1BD17F69C3C6C
:101B20006769CEBDD3F70A3D47BCC53D95600D3E04
:101B3000A22084BD11C5AA3C7C086D3DD0EA0A3EB6
:101B400092E6AD3D8656033E75421B3D9ECB0F3E51
:101B50001B94673EBBE618BC716ECC3DC1D8D1BDAD
:101B6000F5DEA4BDA93B4E3EF5FCC93D0548B33D9D
:101B700097E2EF3DA04ECA3C3DD5BA3CFF39A7BD28
:101B80006AE1823D2EA0EDBD9DB5A13D941726BD15
:101B90004CE8BA3DDD48C7BD388D70BC8009F43DC6
:101BA0001A9F343E8257803C9E3DB7BD136C883DE2
:101BB0007E67B1BC1CBD36BCFDDC3DBE1C86973DBE
:101BC00078E897BB352EE5BD2B0A27BDF3D00D3D38
:101BD000950B20BE473399BC8CEC80BDCAC4B03D88
:101BE000FC60153E853C6ABDD6F1163C17F5D13D2B
:101BF000D032B1BD4D8CCF3C3C1CC8BCF415953DDA
:101C00002F27F6BDE001EDBC1A5B233E7C9480BE1D
:101C1000B7BD6CBE15003D3E0E20EEBD430A11BDA2
:101C20007791D93C2DAF483D4D4DE6BD03DBD1BD8D
:101C3000F9180FBE165A1C3E367EA03D0C8BA93CEF
:101C4000ABCB98BDBC47143E89E8B0BD95C8133EE8
:101C5000CBE282BDC87FA13DC7DDCEBD5832133D6A
:101C6000C86FB0BCA26ED43BDA0B043E812DD83DC8
:101C7000FB81633D07652A3D89FE173E160E413DF7
:101C8000DB85D23D9EFAB1BDB393F63BB93A833DB5
:101C9000E9123E3E8174013EBC42133EC28170BED9
:101CA00063ABD03DEBF9E3BD8AD3EC3C8A84CF3BF8
:101CB0001107453D80D6D4BD7F2E503C9DCDFCBC48
:101CC000766FD6BBF66A16BE38D20A3E043B00BE1B
:101CD000C9F3F8BCB45382BD77258EBA9C3F173E3A
:101CE0002052BA3DD13A89BC9C828D3D8FC0643D63
:101CF0004BA8393D28B8523D078C053EEDBC43BE8C
:101D0000F7EB703E6F08A23DF7B90EBE8CFFAA3DFF
:101D100079B9A13D487441BE22422CBD023406BEB1
:101D200078B2183DE40282BD387ACA3DE80D63BE40
:101D3000C1B9DA3DF53B3D3BA5B593BEAA853FBE93
:101D4000CD873E3E3D553DBEE96C613E9E56803D91
:101D50006FBFE0BD923388BE1D512CBED0F369BE6B
:101D6000780E483EDA261DBE70053F3D096785BDE9
:101D7000140913BED621E13A6090313EA4005E3EC4
:101D8000CA65B43D0E2E483E673D52BE2581D4BD86
:101D9000A1AC343DA96BD0BD5BFB54BD5D1E873D3E
:101DA0007CF54BBE36C4053EC6BF9F3DA50A0ABDA5
:101DB0000B273E3DCD57723D7B9B433DC053AD3D10
:101DC0006F696C3DCD6A773DC0C19BBDD76DCFBDFE
:101DD000D0A35D3DE99A143C005ECD3DC1B80C3EF8
:101DE0006540013ED8FCD8BC9A8F70BE8E6139BE6A
:101DF0004780D13DB74A06BCCE6907BECE88623E59
:101E000077F0F23DE7F27FBDD26D133C43225B3D9C
:101E100003EF0CBD89A5ADBDCD1CA83DA8789BBC2A
:101E20000E804EBE5E84DE3DC424B6BC6364ACBC92
:101E3000A806393DD2CB513DE8F25EBDC6F12A3D40
:101E40008459933D4FAA003E421A9A3DF1321B3EFF
:101E5000270FA03D86A4493DCC53AEBDE20F723D95
:101E6000098461BC91D7C13D40422A3D67CFA2BBE6
:101E70004229263EAE5C0B3DF1F8A4BDF7F2BD3C15
:101E8000548FA83D33492B3D115F99BDC2734DBEA0
:101E9000E15617BE5C2FC33D537C09BE5642A73D99
:101EA00013FC56BC26BCCCBCCC7A04BE9969E1BDFF
:101EB0000174A03DCD318F3CFD8E063D0E5C17BEFA
:101EC000107AD3BD97A908BE758EF9BCDE4078BCE8
:101ED000DAF5483E95E289BD175E163EC3A2A0BC66
:101EE0004F3EF03D2E9A02BCF1B4AA3DD43080BCE6
:101EF0009356B43D756E933D91FC9EBC63A346BE64
:101F00003B21C03D696EC53D1D890B3BF7BC473E7B
:101F1000F5C8003DD79447BE066158BD1A10C5BD2F
:101F2000FD29A43D9F4836BE499454BDAED4AABDF8
:101F300051EF0F3E71A6B43D7F0F68BE3ED32EBE5B
:101F4000084E9B3DDAEC14BE660980BD4E89F1BD9A
:101F50008C6629BE778931BE5EB3B3BD01A089BD51
:101F6000FE7D2BBD2306B6BD7A1523BEF9FFB53D18
:101F70007E9199BE194130BE65E0BABB88A590BC80
:101F800084A0D13DA558D4BB809C93BE1196CFBDF3
:101F9000CAA5803DEB3A8FBBF804EE3D8D3EDC3D9B
:101FA000213706BEB6CAD9BCF43AB33CC6A4B2BD0A
:101FB000AB66BB3C57FE0B3EF7ADD8BD6E56163D2B
:101FC000D7C7F83D09B932BE1E57B63D1546FF3D8D
:101FD00007C468BD1496E23D6148B43D0A023FBBA8
:101FE00071827C3ED0B82D3E78D31C3EA8BF803C89
:101FF000BAE684BDE026403E92C6213DEAC6C0BE98
:1020000087453F3E1458983D914CEA3D4C8936BE79
:102010005766A3BCA82AE7BDD8A08339B8DE99BD0E
:102020001927B2BD8C6360BECECDF5BDFC71A7BDD6
:1020300014ABF63DE392B03C63269DBEE0FE9ABD34
:102040001B42163EE359BABD30AB1D3DA367DF3DD1
:102050000ED9843D5834C7BCF429C6BC269F713DB7
:10206000B0AF483ED863A53D2DC333BDBFB129BE37
:10207000DBC01ABDA025B83D608F7E3D8A442A3E54
:10208000AAB9613EB73A5F3EAE646CBD2A300DBE60
:102090000FB34ABD8A7FD83D859084BDF1F6E0BD7F
:1020A00076742EBCF75D043EDD19F23DB3FF1C3E95
:1020B000BD707FBDFF462F3ED6A3C23DCC12BF3DB3
:1020C000992A4F3DDE20E33DAE9C8EBD618D953D4E
:1020D000E5FC993D16A44C3D45B1F0394CDE033D7D
:1020E000E48ECBBD813F343EFF7D64BEEC58D4BC52
:1020F000C24C743A4BA42A3E48194D3E7AE6E83D5C
:1021000029229B3D7431D1BDE862BEBDF3B9BD3C0F
:10211000D3D089BD80E0303EA3719EBC1856963C5A
:102120004C87953D434FFF3D0B4637BC53C3793E2B
:10213000B836543D67C6B83D89202C3E6EEEB7BD1B
:1021400076FF953D24DF1F3D5AAEC6BDDA82DD3DE8
:10215000733B9B3D4391273E2D2B9ABC7DE3C63CB0
:102160004F846E3D09CD413B6198ACBD50DB0A3ECA
:102170007B96AE3D47E428BDE0472BBEF30BEABD9E
:10218000AF2ED03D4A5CDFBDCCEFC93D5EC619BE67
:10219000FD67CBBD35C31EBD5E39BF3A3E5D85BC14
:1021A000446C393C4B133ABD6770B0BDACEBC1BC5D
:1021B0005E181D3D11C7653DDA2CBFBC1DAC54BE79
:1021C00062E06EBE4DB63A3EDF8932BD7950723D57
:1021D0001E69A13D0C4131BD2DDE04BD79139DBEAC
:1021E000737260BD1C04123E9B57CA3D08D35B3D11
:1021F00081E1C9BDB356053D4A598ABD23248C3EB1
:10220000716211BEE17814BD4CE314BD8CB84B3D36
:10221000C2A0B13D5C7A89BE19F6813B80F66B3D68
:102220003F5D193EF917BBBDE0D27BBDAC9C88BDBC
:10223000DACCE4BD9776BA3D5379093EA1328F3EA0
:102240004091DDBDF165F33C6D5A803E921B753DBA
:10225000F3C61DBE2DAE563DBEA0923CB773B43D35
:10226000642F26BCC4D5C5BDBCC7E83C2C604D3E20
:10227000C93BAEBDC197AC3DDCE64EBC628B24BE13
:10228000DFB004BE884D0BBD533914BAF9E71F3EC9
:102290004C8CA03DB9D1BB3CFE08123D0F49043E19
:1022A0006DDC023E42CB7B3E6839A4BDCCEC8ABDDE
:1022B000496DE9BC9023553D0C00F03D16B2043E3B
:1022C0002494283E4209E0BDDBE42E3CCF6532BDBC
:1022D000A377833DB2D6753D7CBDE53BA3C8783E70
:1022E0001BBF643C53D85CBD5D94893DC10B96BD5A
:1022F0008F4BF5BC0DCDC9BD0AC87D3DF49AC0BD5C
:1023000057D372BD3C50E0BDDCF90D3D336BF4BDDD
:102310003F7F99BD0752BB3EE3A6BA3CC550263C61
:102320007A1147BD163097BCBDA4D73D0B7840BE8F
:102330003392AD3C249183B9506A22BDDC893DBD06
:1023400021681C3EF776BA3C7CC409BEAA6DE0BB8E
:10235000B09FB73D9E1DEFBDCB0105BE5C849ABD0D
:102360003C7C033EA08F59BD0680DEBDF641A03BFC
:10237000A7514A3E784015BEF7F6983D43AB763DEF
:10238000BA9D8DBD8A780E3DF135E43DE06AD6BB3D
:10239000957CA23D3173B63DC91BA53CDCE96EBD01
:1023A000E799613D5C4B12BD131A1A3ED24ABEBD7D
:1023B000740B613D2211123C34B281BCEBE44EBD82
:1023C0009E9B813D59A6093EFA06553D2F74D5BD09
:1023D000496FFC3B511AF3BDE9F5FB3C7A6A093EB3
:1023E00054909CBDDD4605BC3A8405BE569FDC3C3E
:1023F0001E45C63B3BAE323B984D323E0D80923C73
:1024000087FE303D8D419E3DEAF96C3D488EC93DC9
:1024100031DF023E201C43BBF2F80C3E1790E2BDB8
:10242000D20DD83D8324A33C16482ABED9A72F3EFF
:102430004145D4BDE0CBB3BD6C40673D95CB493D34
:10244000E330ABBDEE4880BD20330E3E740D1C3D25
:102450009126FD3D5641C63DF1DD8B3C370E8EBBCE
:10246000203AE03D22B2573BD53C013ED2F720BE98
:10247000AB5E263E78B49ABCD22EFBBD524869BDF5
:10248000CFAE2C3E3F695A3D8CE4F13C3B2E03BE5F
:10249000ACED58BDA6C424BDDB80703DFA4C513E66
:1024A0006E522B3EA6BAC8BCB0480BBDD6FCEFBDE1
:1024B000842A3FBDDD6B61BBE0A6D13A021D57BE49
:1024C00083C1D8BDA43A343EC3C613BE306C51BDDF
:1024D0001057A4BDBAC5833C1F254B3D5E87A9BDDF
:1024E0002C5000BD113B093D2C9A8B3D5C81D5BD24
:1024F000B425F3BCA71CEDBCAFFF85BCF485A53E9D
:102500009F73B6BCA70B05BE867BD2BD4884493DF0
:1025100037574F3D6BD0C3BEF29A503DC9BA183CF5
:10252000E9B958BD649889BC08A8A9BD9D2823BEF7
:10253000DE26FF3D7D33E13C9F62C2BD5173D63D37
:10254000F44F033D0D41DBBDE40C8F3C18A5993DD4
:102550003CFC7DBEB79E75BE60DBCDBD00F1B23DDB
:10256000CB31B33D3AB2923D17EA203DE2DAC73DA6
:102570009A991EBE529C2FBBFA4B113E76C53FBDA9
:10258000E3B3A03D25128A3D40A4F8BDE932CC3C1E
:10259000FF0C82BC953AAFBDD35E913D396CA63D30
:1025A0004C968EBDC628443E0A1D1B3E73BAF83DAC
:1025B000D2EBDBBD860818BE585D5BBD3EDB373E07
:1025C000D734DB3CE9D5C33B24D01C3E95702B3D72
:1025D000E19931BE2860B6BD8C26653D71BE45BD12
:1025E000D9A497BE836DF5BDBA950F3ED1EBF43DEE
:1025F000EFB1DEBD144D9ABDC5BC35BB095D32BE21
:1026000094A282BE453329BCD5262F3E62BE163E1B
:10261000ABE218BEC7F8F23E138C71BDF5DB9C3DF2
:102620005878D43DB879663D6E09BABDDDC609BD9E
:102630001361A0BDB179083EAFC5333EE22E9D3C8B
:102640002C693A3D3815C03D41E13DBEAF79353E7C
:102650001E121DBD8870613D52E0223D3598093E35
:10266000D6A3F23C6ADE5DBE706875BDC961703D7F
:102670000147673D4CC23C3E60A4A73DF14820BDE8
:102680006C18213D7FE8083E4BB0E3BC99B07BBDA0
:10269000C9E7A4BD8080E03CFBB1DEBB12DD023E99
:1026A0003F3FA7BD0ADD48BEBC12013E8CBD86BDC2
:1026B000864726BEE64664BD2FA64E3BE199243DE3
:1026C0007B3ABCBDD0CFE5BCF78CA23D793D5D3DEA
:1026D00080B19E3D240A653D7764E2BD632D96BDC1
:1026E00048CD11BE989E04BE931E513EFF861E3EED
:1026F00099EF98BC6BB0C7BD7D77713D472822BE6E
:102700005835CDBD143ECFBCB4A19D3D23E0ECBCFB
:102710003EB486BDDAFE9C3E6C94AE3D045D4EBE7A
:10272000A45E943D48D5D7BC7A61993C27345DBD01
:102730005BC158BD8C3EBC3C09F3273E8652063E29
:102740000245063D31C10DBE861610BD8286003E93
:102750000721503D77D9903CECD7ACBD7CFAF6BC54
:102760001B80B8BD430CF2BD1D41D83D252208BEDB
:10277000081FFA3D561600BED407203E4FA6C9BD1D
:10278000DA758B3C42EA4B3ED224883D28FC4F3E12
:1027900015E78D3DBDB7B73D4BA21ABDAB9D74BDCE
:1027A00045E243BD4D40F03D8F300D3EA2383FBD68
:1027B000ACC6813D0035803D1D8BEB3CFB1BE0BD75
:1027C00052B9F2BD2D97203EF66A19BEF72A833D15
:1027D000A59617BE359B9FBD8A5E06BE117391BE3E
:1027E000D1DB183D5F10D5BD1A2494BD631F8FBD8A
:1027F00051A9E2BD60932BBE69A3EABD08250A3D3D
:10280000E1A5C4BD3205D63D3928113D1C353BBE7E
:10281000AA3204BD3438D7BEED78EE3D6B1AB0BB9A
:102820006EEB873D89D83DBDACF39A3D57F8B23C7D
:102830005707FBBD3810DFBD443027BE4564083E56
:10284000763A88BE1718C9BDD3F2F83D018B30BD6A
:102850000E3ECABDDEDBAFBDCC486BBDD3C3383D39
:10286000B2C063BD8A884EBD4487D03D2BD42D3E77
:10287000E10C803DC2BBEA3D0BEA01BE31D14FBE47
:102880007242023DDB094EBE93C793BD01B25DBDEE
:10289000D7410A3ED8DB013E553988BD434C393D0E
:1028A000B5F1B0BD5591A8BCAFAFF5BB21031D3E3E
:1028B00005D0323D6592093CEBC28FBD50FFCC3C48
:1028C00075A98FBE1E52B0BD503B00BE7880DBBDE7
:1028D000FC12E13D7B4F273E92E4253EB08D35BD95
:1028E000DD7DF43C71E8983ABB91C63DCF671D3E53
:1028F0006674603D4873233CB305F63C3A627DBD87
:102900002423713CCE1ADABAC95615BED88590BCBC
:1029100005E305BE772599BE9DA82DBD6115D83D5F
:10292000A77BB13D51E1A3BC0A1A73BD1DB75F3D42
:10293000080042BDF27F593C5FCDCCBD66841ABE13
:10294000A721183DF0B7233E677C823E09BFE33DD7
:1029500071D3C63D523AD0BDE2110A3E43F39CBC4E
:102960000681363DB9AC163EF7C380BD06C3CD3DEA
:1029700094671CBEB629A5BD0B91D2BD46012D3E64
:1029800063D42E3E6194ABBD5C4A06BE956E34BDE9
:10299000CB5EF23D473F603D935ABEBDC1E6CB3DA5
:1029A00008BF403DB8A01FBE7591FA3DE60E463EF9
:1029B0009F62C1BD0B0530BD8257123C57D5343CD8
:1029C00021C3603DD66B83BE96122C3E83B3B6BD49
:1029D000EFEE223E7BBEB1BD6235A43D72BF39BD74
:1029E0000A88B23D49B0B73D36C387BD8D36F03C4D
:1029F000E029E7BD07C47EBD0C1DE73D4468ACBEC1
:102A0000AB8E0A3E6C38213EFA9904BD48B0F23CC8
:102A100023BD893DA29BFD3DDD2CE2BB6C7490BDC6
:102A20003521F53D3CFA81BD6AE7D4BD3FF74C3E08
:102A3000D51F92BD9EC6193DB0CC08BE495FB73BBD
:102A4000F943B93DE739EE3DAC7D133D0D840FBE32
:102A50003023583EDFF8073EEAC51E3EEF2398BDFF
:102A600038D7DDBDD55E1C3E3E445D3A960A54BE65
:102A70004A5C083D6850843DD4F5213DB9C569BD27
:102A800080E8A4BCB328323C331F7AB8ECEE8BBE8E
:102A900025C9313EEF9B5A3D7FA20ABED8DE44BD18
:102AA000EC83C83D6DE00F3DDDC621BE61EC6B3CA3
:102AB0007389BB3DE6B461BD394F623CB2BACDBD4E
:102AC000ABF0D5BA05757EBEE02AC13D6C9911BE4A
:102AD00057851F3E1F0CB3BDF18726BDBFCFAB3C52
:102AE0002064073EDC660D3D257CEFBC110110BE65
:102AF000545CD53DC1A98FBDB3C604BE73C4DCBD53
:102B0000F5E7C03DF7B284BD0A0335BE7CF5AA3DAA
:102B1000418D483C906A1B3C030106BEDA0B6BBC3E
:102B200022FF25BE50C9B33DB82F0B3E618F7E3DBD
:102B300057A7483D65DE90BDEF2400BEF5C06B3C55
:102B4000EC7806BE92C930BDA339113C515440BE49
:102B500006131D3EFEB3323C49D8D4BD064F8ABC95
:102B600052D457BC6AA97C3DE10A38BEC81A52BD8E
:102B7000F81A6BBD51272FBE8B9A1ABEDACDAE3C28
:102B8000E91818BE6A1C19BD09E9AA3D522573BD92
:102B900033140BBE4515E9BDB1813FBEF5DFDFB98A
:102BA000F912CC3D0ED796BC8A0EE9BD35B1DA3CA0
:102BB000DA66073DF15DE9BB10EBAA3DFBD80FBD1E
:102BC000AE04EEBDEE0700BEA76422BDD1F319BE70
:102BD000FC62493E587F193ED0C3143CB1FFDE3C35
:102BE00094F3063DA2028ABD547434BDA7EFAC3DF8
:102BF00048123E3E9CB0BD3D1DD1CD3C5023E2B8B5
:102C00006A1A273E9EDEC2BC06AF9DBD824D173DAF
:102C100085F4EABD622B23BEB1D11DBE9FAF663DD8
:102C2000E6CFC83C864819BE85D718BD649D5EBDF9
:102C30008A4F44BDBF318E3D8270E6BD20A653BE93
:102C40008D0F4DBD0DD45A3D24AE0F3EFFC5B03D96
:102C500000FCADBD8C759FBD9701E1BD40B03CBE91
:102C60008948413D4709613D1740B03DBFD6003E10
:102C70003299AABEE5D2773C7E3C953D5E5749BB72
:102C80009F6E983C3EE8013E4D65D5BE8B20603C72
:102C900045C07C3CBF9314BBAB1FBFBB754F1B3EF5
:102CA000E80E3A3D5A711CBDD02756BD88225ABD48
:102CB000CEB4013E1A37B73C3FF5A03DEBE9A93C45
:102CC00052778EBC82071B3D142B6B3D807685BDF1
:102CD000EF158F3D8C408CBD1B20873D55BB8B3D38
:102CE0001B9136BDDAB6B23D4188E03DE5D3163ED4
:102CF00065C00F3E2B1C0E3E803BDA3C942DD23B30
:102D000086DB0CBDADFAEB3DC653133ED8E6013D64
:102D1000D719043D78828B3DB581C13B7EA20E3D23
:102D2000903415BDDA64D23C7856F43B6C06323DE3
:102D300030EB323E3F8A453E5ADB31BD6BB957BE60
:102D40007890C2BD63FF353DED1A333EA5D128BD55
:102D50008202FC3DCAA6BC3D51F658BD0F356B3E04
:102D600072737C3E6864423EE929F5BDE845893DC1
:102D7000B9E73E3EC0223F3E8E1E7E3C14CDB33DA1
:102D800036FE1F3CF84B883D11E51EBD914E6F3E4F
:102D90007DA289BE93B869BE8260B3BC9DCC173E4C
:102DA000BD454ABEBCC28E3EF2D3C73D5779D1BDA8
:102DB0006C7B303E55140BBE32C7ADBCC5F918BD97
:102DC000ACCDA7BDF072823EA42F2CBC8AC4073EB6
:102DD000CB2D90BCD5F38DBA311E813E2A2C4A3EB4
:102DE0004A5750BEB63AB63C5AD11E3CBC64A43CCD
:102DF0003A98023D67618E3D9EB7DB3C48CF163E58
:102E0000E934E93D21C04FBEE2BE113EDD0F93BD66
:102E100050762C3BBAB516BE3F062C3D7B479A3EFA
:102E2000C8213E3E623B8BBD3D53FD3DB17EF73B2D
:102E300043B737BDA2F0523D1C7EB43C1CE64A3E6F
:102E400017F3503E861B87BE9883103D53CF8F3EAD
:102E5000FA0B04BDC7D6C1BD03795FBE875B1EBB3D
:102E600074F8BEBD232A9FBE446F803DC4CE783E19
:102E70008A7B53BDCFA4493E1A226D3E117254BEC7
:102E800095A5A2BE0248AC3DC5C880BE7B9AD03A8B
:102E9000CD3DE3BDAD43BB3C96054EBEF26A4C3E14
:102EA000679BADBB64FF32BC43A9343ED85FE3BC33
:102EB000BFC6813EBD3A1E3E2EBF053E9D97553E84
:102EC0001F1C4C3D783FAD3D572586BED40A67BCDC
:102ED000A4DC87BEA767473E4CC2663DDBEE99BDCA
:102EE000ABCE253D0D1D793E3012763EB3AF64BDAD
:102EF0004ECFDCBC58A933BE66DBAC3D589B023ECE
:102F0000E87CD63D939018BC1DA52ABE32F2263C23
:102F10006123BBBD5B112A3CF2956E3E3FF23B3E06
:102F2000A740F1BD53A58CBEAD89D2B93DDA70BEC4
:102F30008F0E8ABEB343693E1048793D69E12FBECA
:102F40003ECD1EBDD0A748BE5B3A043EBB2CAF3D74
:102F50000A742DBE37027FBD1E34093E883B38BE41
:102F6000F717BC3D6A615C3CC1E1873DFABA11BD0F
:102F7000BCD1A73B52E4A73D50504ABE3B9C053E06
:102F8000CE5583BEE993103E7E851EBEC0B8D9BD26
:102F90000598703E9499043DF8DA5F3C851C17BD96
:102FA0008F1B81BE257C03BE1C588ABCBC74193E95
:102FB0007B4F9FBE40DF78BD13B2993C0F8E90BC13
:102FC000174B1BBEE75D6B3E616DBCBC0DE2F4BDF3
:102FD000713D52BEADEF5B3EB9B24A3DF5EF65BB08
:102FE000454318BE81B04C3EF8D7113E092386BC3C
:102FF0001DADE43D6D02BFBC675D093E09A94F3EB2
:10300000314884BE61DF573E1294D63D3A609CBE83
:103010000ECF013DFA8586BDB1AEF6BDD383C9BCE6
:103020002E3A123E4DBEAD3D61E2723BB6EF0A3E16
:103030001283CABD518871BD315695BABC0810BE05
:10304000449DE7BD000000003010000001100000AA
:10305000021000000A01000001020000010500004A
:10306000101000001010000001000000000000001F
:10307000010000000000000001000000010000004D
:1030800040040400000000000000000000000000F8
:10309000000000000104000000000000DECAFAA1E8
:1030A0000000000000000000000000000000000020
:1030B0000000803F0030983F0000B53F0040D73F00
:1030C00000000000320A7E397F661E395B991F3985
:1030D0000000803FF037983FF304B53FFD44D73FF1
:1030E000000000006E83F9A22915444ED15727FC39
:1030F000C0DD34F5999562DB4190433CAB6351FEF2
:10310000636F6D6D5461736B0000000061637475D3
:103110006174696F6E5461736B0000006465666171
:10312000756C745461736B00696D755461736B00D9
:10313000706F6C6963795461736B00006269675FDB
:10314000776865656C6C656700000000736D616C85
:103150006C5F776865656C6C6567000022636C6FF7
:10316000636B223A224D4355204D6F6E6F5F4E7355
:103170005F476574202F20313030302C2075696E08
:10318000743634207573222C22626F6F745F696409
:103190005F736F75726365223A226861726477614A
:1031A000726520524E47204853493438222C000083
:1031B00022706572696F645F73656D616E746963B7
:1031C00073223A22706F6C696379207469636B2093
:1031D00066726F6D2054494D362064697669646566
:1031E00064206279204D414348494E455F504F4C21
:1031F0004943595F4449563B20616C6C20706572AD
:10320000696F64732073616D706C656420627920EE
:10321000636F6D6D5461736B202831206D73207165
:1032200075616E74697A6174696F6E292C206163AF
:103230007475616C20706572696F6420696E2048D6
:1032400045414C5448222C002272756E74696D659C
:103250005F636F6E6669675F6372633332223A221F
:103260002530386C78222C22636F6E6669675F6345
:1032700072635F73636F7065223A224D435520631A
:103280006F6E66696775726174696F6E20736E61C7
:103290007073686F742062797465733B206275691E
:1032A0006C642F736F757263652068617368207337
:1032B0007570706C69657320414249222C000000D2
:1032C00022736F75726365223A22696D63616C695E
:1032D000622F54656C656D65747279206465636FE7
:1032E00075706C65642073616D706C65722C2072F2
:1032F0006561642D6F6E6C793B20657869737469C4
:103300006E6720636F6E74726F6C20636F646520EC
:10331000756E6368616E676564222C002273616D4F
:10332000706C65645F6174223A22636F6D6D5461E5
:10333000736B2031206B487A222C22636F6E74727B
:103340006F6C5F6672616D65223A22706572696F9B
:1033500064205332525F434F4E54524F4C5F50459E
:1033600052494F445F5553206F66206C617374203F
:10337000616374756174696F6E2073746174653B09
:1033800020696E7465726E616C206C6F6F70207452
:10339000696D696E67206E6F74206F6273657276F7
:1033A00061626C65222C000022776865656C5F7332
:1033B00069676E223A5B5B25642C25645D2C5B2576
:1033C000642C25645D5D2C226D6F746F725F756E69
:1033D000697473223A22647269766572206C6F6731
:1033E0006963616C206F757470757420617869739E
:1033F0002C207261642F7261645F732F4E6D222CDA
:103400000000000022666565646261636B5F726143
:103410007465735F687A223A6E756C6C2C22696DE4
:10342000755F706F6C6C5F7573223A313030302C81
:10343000226D6F746F725F706F6C6C5F7573223A80
:10344000313030302C22696D755F71756174657231
:103450006E696F6E5F646972656374696F6E223A3C
:1034600022626F64795F746F5F776F726C64207033
:103470006572206F62736572766174696F6E206920
:103480006E766572736520726F746174696F6E22F7
:103490002C000000226F62736572766174696F6E32
:1034A0005F73697A65223A32352C22686973746FCA
:1034B00072795F73697A65223A3132352C22616301
:1034C00074696F6E5F73697A65223A362C226C617B
:1034D00074656E745F7363616C65223A322C226688
:1034E0006F72776172645F61786973223A222B7818
:1034F000222C00002264657269766564223A5B22A0
:103500006D6F746F725F636C616D7020287265718E
:10351000756573742073617475726174696F6E2957
:10352000222C226D6F746F725F72785F7573202822
:1035300066697273742D7365656E2074696D652993
:10354000222C22696D755F72785F75732028736114
:103550006D706C652074696D6529225D2C0000001A
:10356000226F62736572766174696F6E5F6F7264E9
:103570006572223A5B226779726F5F78797A2A7373
:1035800063616C65222C2270726F6A656374656476
:103590005F677261766974795F78797A222C226329
:1035A0006F6D6D616E645F76785F7961775F686576
:1035B000696768742A7363616C65222C22715F4CA1
:1035C000342D64656661756C74222C2264715F56BB
:1035D000362A7363616C65222C226C6173745F619F
:1035E0006374696F6E5F5636225D2C0022756E61C2
:1035F0007661696C61626C65223A5B226163746911
:103600006F6E5F726177222C227461755F766972CA
:103610007475616C5F7261775F6677222C226761D7
:10362000735F7461755F7368616E6B5F6677222C80
:10363000227461755F6D6F746F725F756E636C6914
:1036400070706564222C226D6F746F725F73656E8B
:10365000645F6F6B5F6D61736B222C2263616E5FC1
:10366000656E71756575655F7573222C2263757261
:1036700072656E745F6D6F746F72222C22696E6654
:1036800065725F657865635F7573225D2C0000006D
:10369000225636223A5B226C6630222C226C66312E
:1036A000222C226C66776865656C222C227266304B
:1036B000222C22726631222C227266776865656C34
:1036C000225D2C224C34223A5B226C6630222C2262
:1036D0006C6631222C22726630222C2272663122D4
:1036E0005D2C224D36223A5B22444D5F464C222C03
:1036F00022444D5F424C222C22444D5F4652222CE4
:1037000022444D5F4252222C22776865656C5F6CC3
:10371000656674222C22776865656C5F72696768DC
:1037200074225D2C000000002273656C6563746573
:10373000645F6D6F64656C223A256C752C2270692C
:10374000645F636F6C756D6E73223A5B226B7022DF
:103750002C226B69222C226B645F6469736372652F
:103760007465222C226D61785F6F75747075742298
:103770002C22696E74656772616C5F6C696D697427
:10378000222C226465616462616E64222C226D6168
:10379000785F6572726F72222C2277726170222CB0
:1037A000226D6F6465222C226B645F76656C6F639B
:1037B000697479225D2C00005D2C22776865656C48
:1037C0005F736F757263655F696E646963657322A9
:1037D0003A5B312C305D2C22646A695F627573221A
:1037E0003A25752C22646A695F74797065223A25DE
:1037F000752C22676561725F726174696F223A2568
:103800002E39672C22776865656C5F726164697513
:1038100073223A252E39672C00000000227069645B
:103820005F73746174655F7265736574223A2262B6
:103830006F6F74206F72206D6F64656C2073656CA0
:103840006563743B206E6F206175746F6D61746980
:1038500063207265736574206F6E206F7264696E89
:103860006172792064697361626C65222C226F75C4
:10387000747075745F72616D70223A6E756C6C2C29
:10388000000000002275617274223A25642C2262C5
:10389000617564223A313135323030302C22666F16
:1038A000726D6174223A22384E31222C22706F6C74
:1038B0006963795F706572696F645F7573223A2519
:1038C000752C22636F6E74726F6C5F706572696FB6
:1038D000645F7573223A25752C00000022726174B2
:1038E000655F70726F66696C65223A25752C22726D
:1038F000617465735F687A223A7B22504F4C49436A
:1039000059223A25752C22434F4E54524F4C223A9D
:1039100025752C22494D55223A25752C22484541C2
:103920004C5448223A25757D2C22686973746F7255
:10393000795F706572696F645F7573223A25752CC3
:103940000000000022696D75223A7B227175617456
:103950005F6F72646572223A227778797A222C221C
:10396000717561745F737263223A5B25752C2575DE
:103970002C25755D2C22717561745F7369676E22E9
:103980003A5B25642C25642C25645D2C22677972B2
:103990006F5F7369676E223A5B25642C25642C2562
:1039A000645D2C2266696C746572223A22717561BD
:1039B0007465726E696F6E206E6F726D616C697A7C
:1039C0006174696F6E2C206E6F2061646469746924
:1039D0006F6E616C2074656C656D657472792066BC
:1039E000696C746572222C2272785F74696D65222D
:1039F0003A22636F6D6D5461736B2073616D706CEF
:103A0000696E672074696D65227D2C002268697378
:103A1000746F7279223A7B226F72646572223A2245
:103A20006F6C646573745F6669727374222C2269AB
:103A30006E636C756465735F63757272656E742214
:103A40003A747275652C22696E697469616C697A61
:103A50006174696F6E223A226669727374206F62B4
:103A60007320726570656174656420352074696DBA
:103A70006573222C226C6173745F616374696F6E6D
:103A8000223A2270726576696F7573207075626C68
:103A9000697368656420747261696E696E6720611C
:103AA0006374696F6E227D2C0000000022646A69D5
:103AB0005F636F6D6D616E645F636F6E7665727369
:103AC000696F6E223A7B227261775F6D6178223A6C
:103AD0005B25752C25755D2C2266756C6C5F746F8B
:103AE000727175655F6E6D223A5B252E39672C25E4
:103AF0002E39675D2C227374616E646172645F722B
:103B00006174696F223A5B252E39672C252E39673F
:103B10005D2C22736F75726365223A226578697332
:103B200074696E672064726976657220636F6E6671
:103B300069677572656420657374696D6174652C5D
:103B4000206E6F74206D6561737572656420637596
:103B50007272656E74227D2C000000002270642257
:103B60003A7B226C6567223A224B702A7772617029
:103B7000287461726765742D71292D4B642A6471F4
:103B8000222C22706F735F7363616C65223A302E52
:103B9000352C22776865656C5F76656C5F73636151
:103BA0006C65223A31302C227669727475616C5FD3
:103BB0006C696D697473223A5B34302C34302C3369
:103BC0002E392C34302C34302C332E395D7D2C00A2
:103BD00022666565646261636B223A7B22646D5F75
:103BE000746F72717565223A22647269766572200B
:103BF0004D495420657374696D617465222C227778
:103C00006865656C5F746F72717565223A6E756C6C
:103C10006C2C226D6F746F725F63757272656E7457
:103C20005F41223A6E756C6C2C22616363656C5F38
:103C3000696E636C756465735F67726176697479C8
:103C4000223A6E756C6C7D2C000000002272656358
:103C50006F7264223A7B226275666665725F627972
:103C6000746573223A25752C22687A223A25752CC0
:103C70002264756D705F706572696F645F75732221
:103C80003A25752C2274726967676572223A22613F
:103C900075746F3A2073657373696F6E2062656720
:103CA000696E202861726D29207374617274732C9F
:103CB0002073657373696F6E20656E64202B2074AA
:103CC00061696C2073746F70732C207468656E204A
:103CD000736C6F772064756D703B206465627567E7
:103CE00067657220777269746573206F766572728A
:103CF000696465222C22666C616773223A5B2252EA
:103D000045434F5244494E47222C225245504C4184
:103D100059494E47225D2C226576656E745F636F4C
:103D2000646573223A7B225245434F52445F535499
:103D3000415254223A392C225245434F52445F5348
:103D4000544F50223A31302C2244554D505F454E4D
:103D500044223A31317D7D2C00000000373030356F
:103D60003936313863303235333733656562323551
:103D70006537336363646566333365646261393222
:103D80006661623163656166393563336337303547
:103D900033313066376265303561383300000000FA
:103DA0007B226E616D65223A226D6F64656C5F36B1
:103DB0003030305F683732332E6F6E6E78222C22AF
:103DC000686173685F616C676F726974686D223ACD
:103DD000224D4435222C2268617368223A223438FD
:103DE00039393139353630316261626232326137A8
:103DF0006330623436636331353161643834222C88
:103E0000226261636B656E64223A2253544D3332F1
:103E1000437562652E4149222C22696E7075745F6C
:103E2000736861706573223A5B5B312C32355D2CAF
:103E30005B312C3132355D5D2C226F757470757479
:103E40005F736861706573223A5B5B312C365D2C61
:103E50005B312C335D5D2C226E756D657269635F1D
:103E600074797065223A22666C6F61743332227DF8
:103E7000000000007B22626173655F636F6D6D6996
:103E800074223A2261383234646131343630393246
:103E900062346236663165373336323539663165BC
:103EA000373032666461366333366430222C2264E4
:103EB000697274795F61745F67656E657261746958
:103EC0006F6E223A747275652C22736F757263651A
:103ED0005F736861323536223A2235626666323661
:103EE00064343430323363663332636137343138AB
:103EF000623934303734356135376634616566335D
:103F000035623732383030623062353736373166B5
:103F100031613932333136346535222C226964659A
:103F20006E746974795F72756C65223A22736F756D
:103F300072636520646967657374206964656E7473
:103F400069666965732074686520736F757263654F
:103F5000207365743B20726567656E657261746578
:103F6000206265666F72652065766572792062757C
:103F7000696C64227D00000025737B2272785F6982
:103F800064223A25752C2274785F6964223A25757B
:103F90002C22627573223A25752C2266625F736942
:103FA000676E223A25642C226F75745F7369676EA1
:103FB000223A25642C227A65726F223A252E3967BF
:103FC0007D000000226D6173735F6B67223A6E752E
:103FD0006C6C2C227061796C6F6164223A6E756C26
:103FE0006C2C2267726F756E645F667269637469A8
:103FF0006F6E223A6E756C6C2C22776F726C645FF8
:10400000706F736974696F6E223A6E756C6C2C22D6
:10401000747275655F6C696E6561725F76656C6FF1
:1040200063697479223A6E756C6C7D003230323679
:104030002D30392D32365431373A30353A33372B2B
:1040400030383030000000005365702032372032A5
:104050003032362031353A30373A33300000000004
:104060006E6574776F726B7A6E3100003078343819
:104070003939313935363031626162623232613715
:104080006330623436636331353161643834000043
:1040900000000000D440040800000020840F00004D
:1040A000BE090008C045040800000024EC0500001B
:1040B000BE090008C0450408840F0020ACB600000B
:1040C000AC51010884460408EC05002464C00300D8
:1040D000AC51010813D90B1B08D5041A91041AFD21
:1040E0000413190C4208321002430113EC05142486
:1040F0008C0614242C07022C240421FFFFFF29A086
:104100005A1C0829045A04045A700429140A1180FC
:1041100020114A0204091E20295CE9202958114A6D
:10412000380429140A1240405911091E20295CE95B
:1041300020397C2919190429140A112040591F0912
:104140001F20295CE920793519040922C0091E8045
:104150006908B94029C41904093E200A117D202AA2
:10416000F4094AFA040922C0091E80091E40091AEE
:1041700020295CE920395C2919190429140A11063F
:10418000405A1804091E200A112020295B114A03F5
:10419000042914290BE9405A0C04091E2029BCE902
:1041A00020793559600A117D401AF40D290429142B
:1041B0000A1119205A640413600B1420940C1B205C
:1041C000B0041A7804695F8B5C040C5A600C2A02F4
:1041D00034590C415A6C0C1A0C4429488129349AE0
:1041E000A0409AA4349AA80C5AAC0C1A443C294416
:1041F0001A28048BF00A389AE0449AE4849AE84436
:104200005AF00C1AB8382948A9848B2405405A283A
:104210000C419A2C0C5A300C1A7C3C29441AD404B8
:104220009A9C849A64445A680C29849A6C445A74FF
:104230000C1A64382948A9849AA8409AAC349AB0D8
:104240000C5AB40C1A2C4029441A80049A48849AB7
:10425000E8449AEC849AF0445AF80C133C0D14206C
:10426000E80C2A204C81292C8B2C06445A340C4112
:104270009A380C5A3C0C1AECC429441A044C1ACC37
:104280000869389A70445A740C295C9A78445A80A8
:104290000C1A403829488129349AB4409AB8349A83
:1042A000BC0C5AC00C1A084029441A5C049A248495
:1042B0009AF4449AF8849AFC444B04070C1AB4808C
:1042C0002948A9845A381C290C5A3C0C39B0990C3D
:1042D0005A440C13200D2A20441AD0045A98CC2991
:1042E000389A78445A7C0C29849A80449A88243CD1
:1042F000A45E02082904D4400404391C19131ABC12
:104300003029201A580C09162C391C19041AE82CCB
:104310001A3C9C29A01398BD1B2060041AB8041AEB
:1043200094EC2AE8F012BE1B20C8101A2008299825
:104330001314081B201C04290C1A28081A300479AD
:10434000F8B51082087D1910110A1D80100A1C4052
:1043500010DB080310DA19300A4C1C7089CD0914DF
:1043600010EB0806600A1C3E70A941091270DAC001
:1043700010D9F0210A3C0E60110A1C08E0E980A95E
:10438000E071240101041ABC6A1A02081ACC084B15
:10439000CC08475A011C5ADC1C1AEC084BBC091CFF
:1043A0005A021C5AFC1C130C015B20DC3819E4393E
:1043B0001C1A1C14291C1A2C085AAC38190F391C49
:1043C0005A3C1C2A4C38591C5A051C5A5C1C1A6C45
:1043D000085AFC5419B8391C5A7C1C1A8C085ACC3F
:1043E000385A071C5A9C1C2AAC38591C6A08E059D8
:1043F0001C1ACC085A1C1C6A09E0591C1AEC085AF1
:10440000EC1C6A0AE0591C130C025B200C1C6A0BA2
:10441000E0191439E019085A2C1C6A0CE0591C1ACE
:104420004C085AECC46A0DE0591C1A6C085A5C38E6
:104430006A0EE0591C1A8C085A6C386A0FE0591C35
:104440001AAC085A4C386A10E0591C1ACC085A9C0D
:10445000386A11E0591C1AEC085A7C1C6A12E0599F
:104460001C1B0C031C59546A13E0191439E0190879
:104470005A8C386A14E0591C1A4C085A6C386A1560
:10448000E0591C1A6C084B1C0A1C6A16E0591C1ACD
:104490008C085A3C386A17E0591C1AAC085A0C3878
:1044A0006A18E0591C1ACC085A9C386A19E0591C41
:1044B0001AEC085AACA86A1AE0591C1B0C04C4591F
:1044C000386A1BE0191439E019085A5C386A1CE094
:1044D000591C1A4C081ABC1CD404010D13580DF8B1
:1044E0000D20557D010850CF010807010C1C1EADA1
:1044F0007E01086C1C1A5C04D404010B5A743C3A0B
:10450000743CD20A5A943C1A901C3A803CD2095A04
:10451000B03C3A983CD2085AD03C1AB41C3AA43C5D
:10452000D2075AEC3C1ABC1CD4100106130C0E1F07
:1045300020C1780108C41C3201D40401051A2820C6
:10454000293C3ACC78D2041A481C29781AE81C3A3B
:10455000D878D2035A643C3AF03CD2025A843C3EAA
:104560000CD00108FC3C297EA15AA03C1A14201151
:1045700000081401C0A155F2C6ED25DECAFAA11249
:104580000113CC072A20081AF808296A133C081BD3
:1045900020C044011029661A58C7290869047CA460
:1045A0005E020CCB4004E4392C190413280F2A2096
:1045B0001C1BA0D190713938191C1A381C410000FD
:1045C00001181E352701087D041A8D041AB9041A32
:1045D000F9041A01041A45044113120114020202DB
:1045E00016408304405726020102030114050F0CF4
:1045F0001C0107101721071B040309041A033C9030
:10460000D0030401331AAA0181130A06296F1A4044
:104610007F11480B591E0108551C0108A320A4183E
:104620000A291D0108491B01080D14C11ACD181AC9
:1046300089041A15301A79081C090243C31125C0D0
:104640003209041B01020B13052416100105240175
:1046500018090104240202052406D815058203085E
:104660001C100904F9320A2E0705010240072A81AD
:1046700007042681018229A801FF01FF01FF01FF34
:04468000017C0000B9
:04000005080002CD20
:00000001FF
